,id,Name,lat,long,source_fil,clinic_200m,convenience_store_200m,school_200m,university_200m,gov_service_200m,Hospital_200m,mall_200m,night_club_200m,public_park_200m,restaurant_200m,supermarket_200m,Airport_200m,E_railway_200m,railway_200m,clinic_500m,convenience_store_500m,school_500m,university_500m,gov_service_500m,Hospital_500m,mall_500m,night_club_500m,public_park_500m,restaurant_500m,supermarket_500m,Airport_500m,E_railway_500m,railway_500m,clinic_1000m,convenience_store_1000m,school_1000m,university_1000m,gov_service_1000m,Hospital_1000m,mall_1000m,night_club_1000m,public_park_1000m,restaurant_1000m,supermarket_1000m,Airport_1000m,E_railway_1000m,railway_1000m
0,1,@ City Sukhumvit 101/1,13.6851257,100.6144266,id_1.shp,1,1,1,0,0,0,0,0,0,0,0,0,0,0,0,0,1,0,0,0,0,0,0,5,0,0,0,0,0,4,2,0,0,0,0,0,0,4,0,0,0,0
1,10,39 by Sansiri,13.7317672,100.5704219,id_10.shp,1,4,0,0,0,0,1,0,0,6,1,0,0,0,1,6,0,0,0,0,2,12,1,28,1,0,0,0,5,21,6,0,0,1,1,24,0,105,4,0,0,0
2,100,Baan Prida,13.7384886,100.556278,id_100.shp,0,2,0,0,0,0,0,8,0,13,0,0,0,0,1,13,0,0,0,0,3,48,0,62,2,0,0,0,4,45,2,0,0,2,0,54,1,123,2,0,0,0
3,1000,Siamese Sukhumvit 87,13.70053129,100.6039695,id_1000.shp,0,2,0,0,0,0,0,0,0,1,0,0,0,0,1,4,3,0,1,0,0,0,0,1,0,0,0,0,0,7,0,0,0,1,0,3,0,4,3,0,0,0
4,1001,Siamese Surawong,13.7300326,100.527984,id_1001.shp,0,4,1,0,0,0,0,1,0,8,0,0,0,0,5,12,1,0,1,1,0,19,1,75,6,0,0,0,15,29,7,3,0,2,0,18,0,149,5,0,0,0
5,1002,Siamese Thirty Nine,13.73917122,100.572749,id_1002.shp,0,0,0,0,0,0,0,0,0,1,0,0,0,0,1,4,0,0,0,0,0,3,0,12,1,0,0,0,0,15,4,1,0,1,3,18,0,69,3,0,0,0
6,1003,Silk Phaholyothin 9,13.78624332,100.5433661,id_1003.shp,0,0,0,0,0,0,0,1,0,3,0,0,0,0,0,4,0,0,0,2,0,0,0,24,1,0,0,0,4,13,5,0,1,2,0,3,0,37,1,0,0,0
7,1004,Silk Place,13.8786296,100.597996,id_1004.shp,0,0,1,0,0,0,0,0,0,0,0,0,0,0,0,2,0,0,0,0,0,0,0,1,0,0,0,0,0,1,1,2,1,0,1,0,0,0,1,0,0,0
8,1005,Silk Sanampao,13.7744018,100.5416337,id_1005.shp,0,0,0,0,0,0,0,0,0,1,0,0,0,0,0,0,2,1,0,1,0,0,0,5,0,0,0,0,3,3,1,0,1,0,0,2,0,44,1,0,0,0
9,1006,Silom City Resort,13.72403569,100.5323192,id_1006.shp,1,0,0,0,0,0,0,0,0,6,1,0,0,0,4,10,1,0,0,2,0,12,0,49,2,0,0,0,9,30,8,1,0,2,0,28,1,133,4,0,0,0
10,1007,Silom Condominuim,13.72778144,100.5347476,id_1007.shp,1,5,0,0,0,0,0,5,0,27,3,0,0,0,7,13,1,1,0,2,0,20,0,55,3,0,0,0,6,16,3,0,0,1,0,12,2,119,3,0,0,0
11,1008,Silom Grand Terrace,13.72770427,100.5359684,id_1008.shp,7,5,0,0,0,0,0,5,0,21,2,0,0,0,1,10,1,1,0,1,0,13,0,58,3,0,0,0,6,18,3,0,0,2,0,18,2,83,3,0,0,0
12,1009,Silom State Tower,13.7214837,100.5168931,id_1009.shp,0,3,1,0,0,1,0,1,0,9,0,0,0,0,0,6,5,0,0,1,0,5,0,22,2,0,0,0,2,18,13,2,0,1,2,5,0,50,1,0,0,0
13,101,Baan Prompong,13.7429803,100.5720958,id_101.shp,0,2,0,0,0,0,0,0,0,3,1,0,0,0,0,0,1,0,0,0,0,0,0,5,0,0,0,0,1,15,5,1,0,0,2,10,0,45,1,0,0,0
14,1010,Silom Suite,13.72180344,100.5263884,id_1010.shp,0,3,1,0,0,0,0,0,0,8,0,0,0,0,4,3,5,1,0,1,0,8,0,42,0,0,0,0,3,26,7,1,0,4,0,18,0,75,4,0,0,0
15,1011,Silom Surawong,13.72795618,100.5289708,id_1011.shp,0,2,0,0,0,0,0,8,0,21,1,0,0,0,5,14,3,0,0,1,0,21,1,61,2,0,0,0,15,31,5,2,1,2,0,11,0,156,8,0,0,0
16,1012,Silom Terrace,13.7271501,100.5345793,id_1012.shp,1,3,1,0,0,0,0,4,0,15,2,0,0,0,7,14,0,1,0,2,0,21,0,69,4,0,0,0,6,16,4,0,0,1,0,15,2,101,3,0,0,0
17,1013,Silver Heritage,13.71860329,100.5792722,id_1013.shp,0,0,0,0,0,0,0,0,0,0,0,0,0,0,0,2,3,0,0,0,0,1,0,6,0,0,0,0,4,15,7,1,0,2,3,7,0,70,4,0,0,0
18,1014,Sindhorn Lumpini,13.73447715,100.5418543,id_1014.shp,0,1,0,0,0,0,0,0,0,1,0,0,0,0,1,1,1,0,0,0,0,1,1,18,2,0,0,0,11,14,2,1,0,2,0,18,0,84,5,0,0,0
19,1015,Sindhorn Residence,13.73875955,100.5440586,id_1015.shp,0,0,0,0,0,0,0,0,0,13,1,0,0,0,2,5,0,0,0,0,0,6,0,22,2,0,0,0,4,7,3,0,0,1,7,16,1,75,3,0,0,0
20,1016,Sindhorn Tonson,13.73439446,100.5445788,id_1016.shp,0,0,1,0,0,0,0,0,0,3,0,0,0,0,0,2,0,0,0,0,0,1,1,22,1,0,0,0,4,7,3,0,0,1,1,15,0,81,3,0,0,0
21,1017,Sinthanee Residence Tower,13.83346897,100.6628382,id_1017.shp,0,0,0,0,0,0,0,0,0,0,0,0,0,0,0,2,0,0,0,1,0,0,0,0,0,0,0,0,0,0,0,0,0,0,0,0,0,0,1,0,0,0
22,1018,Siri at Sukhumvit,13.72242777,100.5800766,id_1018.shp,0,2,0,0,0,0,0,2,0,5,0,0,0,0,1,5,2,0,0,0,1,4,0,32,3,0,0,0,5,9,8,0,0,2,4,7,0,78,5,0,0,0
23,1019,Siri On 8,13.7369812,100.556135,id_1019.shp,0,0,0,0,0,0,0,0,0,3,0,0,0,0,1,10,0,0,0,0,3,22,0,58,1,0,0,0,4,47,2,0,0,1,0,85,1,135,3,0,0,0
24,102,Baan Ratchada,13.7878704,100.5902532,id_102.shp,0,0,0,0,0,0,0,0,0,0,0,0,0,0,0,2,0,0,0,0,0,0,0,2,0,0,0,0,0,10,4,0,0,0,0,1,0,5,0,0,0,0
25,1020,Siri Residence,13.72820428,100.5682976,id_1020.shp,0,2,0,0,0,0,0,1,0,3,0,0,0,0,2,12,3,0,0,0,3,6,1,28,2,0,0,0,4,17,2,0,0,0,1,30,0,119,6,0,0,0
26,1021,SiriMetro Ratchada - Vipawadee,13.79613772,100.5647704,id_1021.shp,0,3,0,0,0,0,0,0,0,1,0,0,0,0,0,1,0,0,0,0,0,0,0,1,0,0,0,0,0,5,3,0,0,0,0,0,1,6,0,0,0,0
27,1022,Sky Walk Condominium,13.7144886,100.5935367,id_1022.shp,2,3,0,0,0,0,0,4,0,13,1,0,0,0,0,5,1,0,0,0,0,0,0,7,1,0,0,0,0,13,5,0,0,2,0,0,0,21,0,0,0,0
28,1023,Skyrise Avenue Sukhumvit 64,13.68397362,100.6082546,id_1023.shp,0,1,0,0,0,0,0,0,0,0,0,0,0,0,0,1,2,0,0,0,0,0,0,5,0,0,0,0,1,3,3,0,0,0,0,0,0,2,0,0,0,0
29,1024,Smart Condo Rama 2,13.66036715,100.4273489,id_1024.shp,0,0,0,0,0,0,0,0,0,0,0,0,0,0,2,4,1,0,0,0,0,1,0,2,0,0,0,0,1,5,4,0,1,1,0,0,0,6,0,0,0,0
30,1025,Smart Condo Watcharapol,13.85817604,100.6462864,id_1025.shp,2,1,0,0,0,0,0,1,0,5,1,0,0,0,1,4,0,0,0,0,0,0,0,10,2,0,0,0,0,0,3,0,0,0,0,0,1,4,0,0,0,0
31,1026,Smart Z Onnuch,13.72116259,100.7336258,id_1026.shp,0,0,0,0,0,0,0,0,0,1,0,0,0,0,0,2,0,0,0,0,0,0,0,0,1,0,0,0,0,2,1,0,0,0,2,0,0,2,1,0,0,0
32,1027,SO Origin Phahol 69 Station,13.89018024,100.604549,id_1027.shp,0,0,0,0,0,0,0,0,0,0,0,0,0,0,0,0,2,0,0,1,0,0,0,0,0,0,0,0,0,1,0,0,0,0,0,0,0,0,0,0,0,0
33,1028,SOCIO Reference 61,13.72473106,100.583112,id_1028.shp,0,0,0,0,0,0,0,0,0,4,0,0,0,0,2,7,2,0,0,0,4,6,0,41,5,0,0,0,2,8,6,0,0,1,2,25,0,82,2,0,0,0
34,1029,SOCIO Ruamrudee,13.73586837,100.5509872,id_1029.shp,0,0,1,0,0,0,0,1,0,0,0,0,0,0,0,1,0,0,0,0,0,3,0,24,0,0,0,0,3,21,2,0,0,0,3,60,1,108,6,0,0,0
35,103,Baan Rimtarn,13.7234567,100.6769403,id_103.shp,0,0,1,0,0,0,0,0,0,0,0,0,0,0,0,0,1,0,0,0,0,0,0,0,0,0,0,0,0,3,1,0,0,0,0,0,0,0,1,0,0,0
36,1030,SOHO Bangkok Ratchada,13.77824366,100.5758953,id_1030.shp,0,1,0,0,0,0,0,0,0,1,0,0,0,0,2,6,1,0,1,0,0,2,0,5,0,0,0,0,0,15,6,0,0,0,1,4,0,8,3,0,0,0
37,1031,Somkid Gardens,13.74607552,100.5454835,id_1031.shp,0,0,0,0,0,0,0,0,0,1,1,0,0,0,3,7,1,0,0,0,5,5,0,33,2,0,0,0,4,24,2,0,0,3,5,33,0,83,3,0,0,0
38,1032,Somkid Place,13.74824971,100.5448999,id_1032.shp,0,3,0,0,0,0,0,0,0,0,0,0,0,0,1,3,0,0,0,0,3,1,0,17,2,0,0,0,5,23,5,0,0,3,7,15,0,71,2,0,0,0
39,1034,Sribumpen Condo Home,13.71810723,100.5507869,id_1034.shp,0,1,0,0,0,0,0,0,0,2,0,0,0,0,0,1,1,0,0,0,0,2,0,8,0,0,0,0,2,6,6,0,0,2,1,2,1,47,0,0,0,0
40,1035,Srivara Mansion,13.77023273,100.5699614,id_1035.shp,0,0,0,0,0,0,0,0,0,0,0,0,0,0,0,4,0,0,0,0,2,2,0,9,2,0,0,0,1,13,5,0,0,0,0,0,0,9,0,0,0,0
41,1036,Sriwara Garden Condominium,13.77183416,100.6120612,id_1036.shp,0,0,0,0,0,1,0,0,0,0,0,0,0,0,0,2,1,0,0,0,0,1,0,4,1,0,0,0,1,1,3,0,0,0,0,0,0,2,0,0,0,0
42,1037,St. Charm,13.7020552,100.6544495,id_1037.shp,0,0,0,0,0,0,0,0,0,0,0,0,0,0,0,0,0,0,0,0,0,0,0,0,0,0,0,0,0,1,1,1,0,0,0,0,0,0,0,0,0,0
43,1038,St. Louis Grand Terrace,13.71933793,100.5267678,id_1038.shp,0,2,1,0,0,1,0,0,0,2,0,0,0,0,0,4,6,1,0,0,0,3,0,18,0,0,0,0,8,17,6,1,0,0,0,13,0,73,3,0,0,0
44,1039,Star View,13.68794635,100.5181273,id_1039.shp,0,1,0,0,0,0,0,0,0,3,0,0,0,0,0,0,1,0,0,0,0,0,1,0,0,0,0,0,0,0,1,0,0,0,0,0,0,0,0,0,0,0
45,104,Baan Samsen,13.7910183,100.5162455,id_104.shp,0,1,1,0,0,0,0,0,0,0,0,0,0,0,0,1,4,0,0,0,0,0,0,0,0,0,0,0,0,4,4,0,0,0,0,0,0,1,1,0,0,0
46,1040,Studio One Studio Zone,13.7782799,100.6144501,id_1040.shp,0,1,0,0,0,0,0,0,0,0,0,0,0,0,0,1,2,0,0,0,0,0,0,0,0,0,0,0,1,6,2,0,0,1,0,1,0,7,2,0,0,0
47,1041,Suan Thon Park Condo,13.65250352,100.4878251,id_1041.shp,0,4,0,0,0,0,0,0,0,0,0,0,0,0,0,2,0,0,0,0,0,0,1,1,0,0,0,0,0,6,1,1,0,0,0,1,0,6,1,0,0,0
48,1042,Sucharee Life 2 Laksi - Chaengwattana,13.88792804,100.5772489,id_1042.shp,0,1,0,0,1,0,0,0,0,0,0,0,0,0,0,0,0,0,0,0,0,0,0,0,1,0,0,0,0,3,3,1,0,1,0,0,0,0,0,0,0,0
49,1043,Sukhapiban 3 Mansion,13.7611596,100.647982,id_1043.shp,0,0,1,0,0,0,0,0,0,0,0,0,0,0,0,0,2,0,1,0,0,0,0,0,0,0,0,0,0,2,4,1,0,0,0,0,0,4,1,0,0,0
50,1044,Sukhumvit Casa,13.73618677,100.5567722,id_1044.shp,0,0,0,0,0,0,0,0,0,4,0,0,0,0,1,9,0,0,0,0,3,15,0,51,1,0,0,0,3,46,1,0,0,1,0,101,1,139,3,0,0,0
51,1045,Sukhumvit City Resort,13.7468873,100.5566774,id_1045.shp,0,3,0,0,0,0,0,1,0,4,0,0,0,0,0,6,3,0,0,1,0,10,0,28,0,0,0,0,4,36,1,0,0,4,0,57,0,87,3,0,0,0
52,1046,Sukhumvit Garden Place,13.6979636,100.6175648,id_1046.shp,0,0,0,0,0,0,0,0,0,0,0,0,0,0,0,0,1,0,0,0,0,0,0,0,0,0,0,0,0,2,1,0,0,0,0,0,0,1,0,0,0,0
53,1047,Sukhumvit House,13.73853661,100.5647707,id_1047.shp,0,2,0,0,0,0,0,7,0,8,0,0,0,0,2,22,2,0,0,1,1,30,0,65,0,0,0,0,3,37,2,1,0,1,4,40,1,120,3,0,0,0
54,1048,Sukhumvit Living Town,13.74614313,100.5621664,id_1048.shp,1,2,0,0,0,1,0,0,0,2,0,0,0,0,0,9,2,1,0,0,0,1,0,15,0,0,0,0,1,39,4,0,0,2,3,52,0,110,2,0,0,0
55,1049,Sukhumvit Park,13.73618022,100.5573398,id_1049.shp,0,0,0,0,0,0,0,0,0,4,0,0,0,0,2,14,0,0,0,0,3,19,0,46,1,0,0,0,2,40,1,0,0,1,0,102,1,146,3,0,0,0
56,105,Baan Saraan,13.7459913,100.5691177,id_105.shp,0,0,1,0,0,0,0,0,0,0,0,0,0,0,0,7,2,1,0,0,0,0,0,9,0,0,0,0,2,22,3,0,0,4,2,8,0,47,1,0,0,0
57,1050,Sukhumvit Plus,13.71294693,100.5924187,id_1050.shp,2,1,0,0,0,0,0,2,0,8,1,0,0,0,0,7,1,0,0,0,0,2,0,11,1,0,0,0,0,13,6,0,0,2,0,0,0,26,0,0,0,0
58,1051,Sukhumvit Suite,13.7428816,100.5574566,id_1051.shp,0,4,0,0,0,0,0,7,0,15,0,0,0,0,0,20,1,0,0,0,0,53,0,61,1,0,0,0,6,41,3,1,0,3,3,45,0,101,2,0,0,0
59,1052,Suksawat Modern Condo View,13.6690022,100.5118535,id_1052.shp,0,2,0,0,0,0,0,0,0,0,0,0,0,0,0,0,1,0,0,0,0,0,0,0,0,0,0,0,0,2,3,0,0,0,0,0,0,0,0,0,0,0
60,1053,Sun City MRT Yaek Fai Chai,13.7530626,100.4680696,id_1053.shp,0,1,1,0,0,0,0,0,0,0,1,0,0,0,0,4,0,0,0,1,0,0,0,1,0,0,0,0,0,14,7,0,0,0,0,0,1,1,0,0,0,0
61,1054,Sunshine Condominium,13.6654946,100.6325928,id_1054.shp,0,1,0,0,0,0,0,0,0,1,0,0,0,0,0,0,0,0,0,1,1,0,0,2,1,0,0,0,0,2,4,0,0,1,0,0,0,2,0,0,0,0
62,1055,Supakarn Condominium,13.71828727,100.5103435,id_1055.shp,0,0,0,0,0,0,0,0,0,0,0,0,0,0,0,5,1,0,0,0,1,0,0,14,2,0,0,0,0,19,17,0,0,1,2,4,0,35,3,0,0,0
63,1056,Supalai Casa Riva,13.69575351,100.4938286,id_1056.shp,0,0,0,0,0,1,0,0,0,0,0,0,0,0,0,0,0,0,0,0,0,0,0,0,0,0,0,0,0,0,6,0,1,0,0,0,0,0,0,0,0,0
64,1058,Supalai City Resort Rama 8,13.77394416,100.4907834,id_1058.shp,0,0,1,0,0,0,0,0,1,0,0,0,0,0,0,1,2,0,0,0,0,0,0,0,0,0,0,0,0,12,6,1,0,0,0,1,1,3,0,0,0,0
65,1059,Supalai City Resort Ramkhamhaeng,13.7521021,100.611219,id_1059.shp,0,3,0,0,0,0,0,0,0,3,0,0,0,0,0,5,0,0,0,0,0,0,0,3,1,0,0,0,0,1,4,1,0,2,0,0,0,0,0,0,0,0
66,106,Baan Sathorn,13.7206011,100.5455594,id_106.shp,0,1,0,0,0,0,0,1,0,11,0,0,0,0,2,2,1,0,0,0,0,1,1,11,0,0,0,0,0,8,5,0,0,1,1,4,0,72,1,0,0,0
67,1060,Supalai City Resort Ratchada - Huaykwang,13.77157956,100.5774833,id_1060.shp,0,1,0,0,0,0,0,0,0,2,0,0,0,0,0,2,2,0,0,0,0,0,0,1,0,0,0,0,2,12,2,0,1,0,1,1,0,12,2,0,0,0
68,1061,Supalai City Resort Ratchayothin - Phaholyothin 32,13.83410446,100.5785303,id_1061.shp,0,1,0,0,0,0,0,0,0,4,0,0,0,0,0,0,1,0,0,1,0,0,0,2,0,0,0,0,0,4,2,0,0,0,0,4,0,15,0,0,0,0
69,1062,Supalai Cute Ratchayothin - Phaholyothin34,13.83782916,100.5815527,id_1062.shp,0,0,0,0,0,0,0,0,0,0,0,0,0,0,0,0,0,0,0,0,0,1,0,5,0,0,0,0,0,5,3,0,0,1,0,3,0,15,0,0,0,0
70,1063,Supalai Elite Phayathai,13.7571301,100.5394347,id_1063.shp,0,0,1,0,0,1,0,0,0,0,0,0,0,0,0,8,1,0,0,1,1,0,0,9,0,0,0,0,5,26,3,0,1,1,2,4,1,48,1,0,0,0
71,1064,Supalai Elite Sathorn - Suanplu,13.7210364,100.5371274,id_1064.shp,0,1,0,0,0,0,0,0,0,6,0,0,0,0,0,2,0,0,0,1,0,0,0,12,0,0,0,0,13,20,5,1,0,0,0,21,1,117,6,0,0,0
72,1065,Supalai Elite Surawong,13.7304275,100.5228442,id_1065.shp,0,3,0,0,1,0,0,0,0,4,0,0,0,0,4,8,4,1,0,0,0,0,0,28,0,0,0,0,8,22,9,0,1,2,0,30,1,160,6,0,0,0
73,1066,Supalai Lite Ratchada - Naradhiwas - Sathon,13.70244996,100.5417269,id_1066.shp,0,0,0,0,0,0,0,0,0,1,0,0,0,0,0,0,0,0,0,0,0,0,0,3,1,0,0,0,0,4,7,0,1,1,0,0,0,39,2,0,0,0
74,1067,Supalai Lite Sathorn - Charoenrat,13.70134618,100.5169512,id_1067.shp,0,0,0,0,0,0,0,0,0,0,0,0,0,0,0,2,0,0,0,0,0,0,0,0,0,0,0,0,0,3,5,0,0,0,2,0,0,7,4,0,0,0
75,1068,Supalai Loft @Talat Phlu Station,13.711346,100.4801725,id_1068.shp,0,0,0,0,0,0,0,0,0,0,0,0,0,0,0,9,1,0,0,0,1,0,0,0,0,0,0,0,0,11,6,0,0,2,0,0,0,4,0,0,0,0
76,1069,Supalai Loft Prajadhipok - Wongwian Yai,13.72913976,100.4945712,id_1069.shp,0,1,0,0,0,0,0,0,0,0,0,0,0,0,0,2,3,0,0,1,1,0,0,4,0,0,0,0,0,13,12,2,0,0,0,0,0,11,1,0,0,0
77,107,Baan Sathorn Chaopraya,13.71881783,100.5091026,id_107.shp,0,2,0,0,0,0,1,0,0,4,0,0,0,0,0,2,2,0,0,0,0,0,0,5,2,0,0,0,0,18,14,0,0,1,2,4,0,36,3,0,0,0
78,1070,Supalai Oriental Place Sathorn - Suanplu,13.7198082,100.5402726,id_1070.shp,0,1,0,0,0,0,0,0,0,0,0,0,0,0,0,2,0,0,0,0,0,0,1,14,0,0,0,0,1,7,4,1,0,1,1,5,0,76,0,0,0,0
79,1071,Supalai Oriental Sukhumvit 39,13.7449074,100.5733995,id_1071.shp,0,0,0,0,0,0,0,0,0,0,0,0,0,0,0,4,2,0,0,0,0,0,0,3,1,0,0,0,1,13,4,1,0,1,2,6,0,25,1,0,0,0
80,1072,Supalai Park Asoke-Ratchada,13.7560598,100.5609304,id_1072.shp,0,0,0,0,0,0,0,0,0,0,0,0,0,0,0,2,0,0,0,0,0,1,0,0,0,0,0,0,1,11,4,0,1,1,2,0,0,14,1,0,0,0
81,1073,Supalai Park Ekkamai - Thonglor,13.7431783,100.5891111,id_1073.shp,0,1,1,0,0,0,0,0,0,0,0,0,0,0,0,1,2,0,1,0,0,1,0,2,0,0,0,0,1,4,2,0,0,6,0,2,0,11,0,0,0,0
82,1074,Supalai Park Kaset,13.83881782,100.5807888,id_1074.shp,0,0,0,0,0,0,0,0,0,0,0,0,0,0,0,0,1,0,0,0,0,1,0,3,0,0,0,0,0,5,2,0,0,1,0,4,0,18,0,0,0,0
83,1075,Supalai Park Phaholyothin,13.8229339,100.5644709,id_1075.shp,0,0,0,0,0,0,0,0,0,0,0,0,0,0,0,0,1,0,0,0,0,0,0,1,0,0,0,0,0,9,1,0,1,0,1,1,0,17,3,0,0,0
84,1076,Supalai Park Ratchaphruek - Phetkasem,13.7188076,100.4561478,id_1076.shp,0,3,0,0,0,0,0,0,0,3,0,0,0,0,0,3,2,1,0,0,0,1,0,3,0,0,0,0,0,6,2,0,0,1,0,3,0,14,1,0,0,0
85,1077,Supalai Park Ratchayothin,13.83079821,100.5617319,id_1077.shp,0,0,0,0,0,0,0,0,0,0,0,0,0,0,0,0,0,0,1,0,0,0,0,2,0,0,0,0,0,6,1,0,0,0,0,1,0,13,1,0,0,0
86,1078,Supalai Park Srinakarin,13.67226908,100.6445496,id_1078.shp,0,0,0,0,0,0,0,0,0,1,0,0,0,0,0,0,1,0,0,0,0,0,0,2,0,0,0,0,0,4,0,0,0,2,0,0,0,1,2,0,0,0
87,1079,Supalai Place,13.74291867,100.5735256,id_1079.shp,0,2,0,0,0,0,0,0,0,1,1,0,0,0,0,1,0,0,0,0,0,0,0,3,0,0,0,0,1,12,6,1,0,1,2,8,0,39,1,0,0,0
88,108,Baan Sindhorn,13.7382636,100.5434503,id_108.shp,0,0,0,0,0,0,0,1,0,14,2,0,0,0,2,4,0,0,0,0,0,3,0,18,1,0,0,0,4,8,3,0,0,1,6,14,1,63,3,0,0,0
89,1080,Supalai Premier @ Asoke,13.7479197,100.5653389,id_1080.shp,0,2,0,0,0,0,0,0,0,1,0,0,0,0,1,6,1,1,0,2,0,0,0,3,0,0,0,0,1,22,5,0,0,2,2,8,0,49,1,0,0,0
90,1081,Supalai Premier Charoen Nakhon,13.73016394,100.5070069,id_1081.shp,1,0,0,0,0,1,0,0,0,0,0,0,0,0,0,0,2,0,1,0,1,1,0,3,1,0,0,0,0,12,7,0,1,0,2,6,0,45,2,0,0,0
91,1082,Supalai Premier Narathiwas - Sathorn,13.6986608,100.5412098,id_1082.shp,0,0,0,0,0,0,0,0,0,0,0,0,0,0,0,1,0,0,1,0,0,0,0,30,2,0,0,0,2,2,7,0,0,0,0,0,0,6,0,0,0,0
92,1083,Supalai Premier Place Asoke,13.74453657,100.5631246,id_1083.shp,1,3,0,0,0,0,0,0,0,5,0,0,0,0,1,11,1,1,0,2,0,1,0,20,0,0,0,0,2,42,5,0,0,1,3,66,0,118,1,0,0,0
93,1084,Supalai Premier Ratchathewi,13.75479,100.5260011,id_1084.shp,0,0,0,0,0,0,0,0,0,1,0,0,0,0,0,9,3,0,0,0,0,0,0,8,0,0,0,0,1,19,7,2,0,2,0,11,0,26,0,0,0,0
94,1085,Supalai Premier Si Phraya-Samyan,13.730868,100.5222225,id_1085.shp,0,2,0,0,1,0,0,0,0,8,0,0,0,0,5,8,3,1,0,0,0,2,0,23,0,0,0,0,4,25,10,0,1,1,1,19,1,148,7,0,0,0
95,1086,Supalai Prima Riva,13.6885094,100.5492497,id_1086.shp,0,0,0,0,0,0,0,0,0,0,0,0,0,0,0,1,1,0,0,0,0,0,0,0,0,0,0,0,0,1,2,0,0,0,0,0,0,2,0,0,0,0
96,1087,Supalai Riva Grande,13.67771936,100.547712,id_1087.shp,0,1,0,0,0,0,0,0,0,0,0,0,0,0,0,0,2,0,0,0,0,0,0,3,2,0,0,0,0,2,1,0,0,0,0,0,0,2,0,0,0,0
97,1088,Supalai River Place,13.71057746,100.5029566,id_1088.shp,0,0,0,0,0,0,0,0,0,0,0,0,0,0,0,5,1,0,0,0,0,0,0,2,0,0,0,0,0,15,7,0,0,0,0,5,0,38,1,0,0,0
98,1089,Supalai River Resort,13.7076375,100.496204,id_1089.shp,0,0,0,0,0,0,0,0,0,0,0,0,0,0,0,3,2,0,0,0,0,0,0,0,0,0,0,0,0,10,6,0,0,1,1,3,0,34,0,0,0,0
99,109,Baan Siri 24,13.7261917,100.5679446,id_109.shp,0,3,0,0,0,0,0,1,0,2,0,0,0,0,1,5,4,0,0,0,1,2,1,22,0,0,0,0,5,19,2,0,0,0,2,30,0,100,6,0,0,0
100,1090,Supalai Veranda Rama 9,13.7566648,100.5832009,id_1090.shp,0,0,0,0,0,0,0,0,0,0,0,0,0,0,0,0,0,0,0,1,0,1,0,0,0,0,0,0,0,7,0,0,0,3,0,1,0,3,0,0,0,0
101,1091,Supalai Veranda Ramkhamhaeng,13.75855107,100.6283238,id_1091.shp,0,0,0,0,0,0,0,0,0,0,0,0,0,0,0,1,0,1,0,0,0,3,0,2,1,0,0,0,1,9,1,0,0,1,0,0,0,11,0,0,0,0
102,1092,Supalai Veranda Ratchavipha - Prachachuen,13.81810895,100.5347021,id_1092.shp,0,1,0,0,0,0,0,0,0,0,0,0,0,0,0,3,0,0,0,0,0,0,0,1,0,0,0,0,0,2,4,0,1,0,0,1,0,1,0,0,0,0
103,1093,Supalai Wellington,13.76628084,100.5792805,id_1093.shp,0,1,0,0,0,0,0,0,0,0,0,0,0,0,0,0,0,0,0,0,0,0,0,0,0,0,0,0,0,7,2,0,0,0,1,0,0,8,1,0,0,0
104,1094,Supalai Wellington 2,13.76618061,100.5811824,id_1094.shp,0,0,0,0,0,0,0,0,0,0,0,0,0,0,0,1,0,0,0,0,0,0,0,0,0,0,0,0,0,3,1,0,0,0,0,1,0,6,0,0,0,0
105,1095,Supattra Condotel,13.67762641,100.6234006,id_1095.shp,0,1,0,0,0,0,0,0,0,0,0,0,0,0,0,0,1,0,0,0,0,0,0,0,0,0,0,0,0,1,3,0,0,0,0,0,0,4,0,0,0,0
106,1096,Supreme Classic,13.7088811,100.5378809,id_1096.shp,0,1,0,0,0,1,0,0,0,0,0,0,0,0,0,0,2,0,0,0,0,0,0,4,0,0,0,0,0,5,4,1,0,0,0,0,0,15,2,0,0,0
107,1097,Supreme Condo Ratchawithi 3,13.76300587,100.5407009,id_1097.shp,3,2,0,0,0,0,0,0,1,0,0,0,0,0,2,5,1,0,0,0,0,1,0,30,1,0,0,0,2,12,3,1,1,8,0,0,0,4,0,0,0,0
108,1098,Supreme Elegance,13.70573224,100.5404827,id_1098.shp,0,0,0,0,0,0,0,0,0,0,0,0,0,0,0,1,2,0,0,1,0,0,0,6,0,0,0,0,0,4,5,1,0,0,0,0,0,35,3,0,0,0
109,1099,Supreme Legend,13.71154417,100.549382,id_1099.shp,0,0,0,0,0,0,0,0,0,2,0,0,0,0,0,0,1,0,0,0,0,1,0,3,0,0,0,0,0,2,3,0,0,0,0,1,0,15,1,0,0,0
110,11,39 Suites,13.73669,100.5743684,id_11.shp,0,0,0,0,0,0,0,1,0,1,0,0,0,0,1,3,0,0,0,1,0,2,0,9,1,0,0,0,3,19,3,0,0,0,6,34,0,117,6,0,0,0
111,110,Baan Siri 31,13.7378837,100.5663373,id_110.shp,0,2,1,0,0,0,0,1,0,11,0,0,0,0,0,14,1,0,0,0,0,35,0,47,0,0,0,0,6,44,1,1,0,1,6,33,1,120,4,0,0,0
112,1100,Supreme Place,13.71327156,100.5487578,id_1100.shp,0,0,0,0,0,0,0,1,0,0,0,0,0,0,0,0,2,0,0,0,0,0,0,8,0,0,0,0,0,3,2,0,0,0,0,2,1,24,1,0,0,0
113,1101,Supreme Residence,13.709135,100.5382227,id_1101.shp,0,1,0,0,0,1,0,0,0,0,0,0,0,0,0,0,2,0,0,0,0,0,0,5,0,0,0,0,0,5,5,1,0,0,0,0,0,12,2,0,0,0
114,1102,Supreme Ville,13.71487001,100.5455833,id_1102.shp,0,0,1,0,0,0,0,0,0,1,0,0,0,0,0,0,0,0,0,0,0,1,0,4,0,0,0,0,2,5,3,1,0,0,0,2,1,34,1,0,0,0
115,1103,Suwan Asia Condominium,13.68868302,100.5283167,id_1103.shp,0,0,0,0,0,0,0,0,0,0,0,0,0,0,0,1,1,0,0,0,0,0,0,4,0,0,0,0,0,1,5,0,0,0,0,0,0,3,0,0,0,0
116,1104,SYM Vibha-Ladprao,13.80679164,100.5586718,id_1104.shp,0,0,0,0,0,0,0,0,0,0,0,0,0,0,0,2,0,0,0,0,0,0,1,0,0,0,0,0,0,7,1,1,0,0,1,2,3,7,1,0,0,0
117,1105,Symphony Sukhumvit,13.69630123,100.6050525,id_1105.shp,0,3,0,0,0,0,0,0,0,1,0,0,0,0,0,1,1,0,0,1,0,0,0,0,0,0,0,0,1,3,3,0,1,0,0,0,0,1,0,0,0,0
118,1106,T - One Phaholyothin 32,13.833034,100.5738673,id_1106.shp,0,0,1,0,0,0,0,0,0,0,0,0,0,0,0,1,1,0,0,1,0,0,0,2,0,0,0,0,0,9,2,0,0,0,0,4,0,29,1,0,0,0
119,1107,T.C. Green,13.75452466,100.5751137,id_1107.shp,0,1,0,0,0,0,0,1,0,0,0,0,0,0,1,3,0,0,0,1,0,2,0,1,0,0,0,0,0,4,2,0,0,2,2,0,0,8,1,0,0,0
120,1108,T.P.J. Condo,13.73723712,100.5767348,id_1108.shp,1,0,0,0,0,0,0,0,0,1,0,0,0,0,0,1,0,0,0,1,1,4,0,11,0,0,0,0,1,13,2,0,0,1,3,28,0,82,5,0,0,0
121,1109,T.V.C. Condominium,13.77585963,100.5640626,id_1109.shp,0,0,0,0,0,0,0,0,0,0,0,0,0,0,0,4,2,0,0,0,0,1,0,2,0,0,0,0,0,12,3,2,0,0,0,1,0,10,0,0,0,0
122,111,Baan Siri Ruedee,13.7412308,100.5497264,id_111.shp,1,1,0,0,0,0,0,3,0,10,1,0,0,0,1,9,0,0,0,0,1,35,0,41,1,0,0,0,4,27,4,0,0,1,3,43,0,120,4,0,0,0
123,1110,Tai Ping Towers,13.73729808,100.5899562,id_1110.shp,0,0,0,0,0,0,0,2,0,0,0,0,0,0,0,2,2,0,0,0,0,0,0,6,0,0,0,0,1,11,6,0,1,3,4,19,0,42,1,0,0,0
124,1111,Tait Sathorn 12,13.72264287,100.5263548,id_1111.shp,0,1,1,0,0,0,0,1,0,8,0,0,0,0,4,5,5,1,0,1,0,7,0,45,1,0,0,0,3,28,8,1,1,4,0,27,1,83,4,0,0,0
125,1112,Taka Haus Ekamai 12,13.72903185,100.5919652,id_1112.shp,0,0,0,0,0,0,0,0,0,2,0,0,0,0,0,1,5,0,0,0,0,2,0,5,0,0,0,0,0,4,5,0,0,0,4,7,0,29,1,0,0,0
126,1113,Tara Ruankaew,13.76209831,100.6142105,id_1113.shp,0,0,0,0,0,0,0,0,0,0,1,0,0,0,0,2,2,0,0,0,0,0,0,0,0,0,0,0,0,5,2,1,1,1,0,0,0,2,1,0,0,0
127,1114,Tara Ruen Ake,13.7623514,100.6149388,id_1114.shp,0,1,0,0,0,0,0,0,0,0,1,0,0,0,0,1,2,0,0,0,0,0,0,0,0,0,0,0,0,3,2,1,0,1,0,0,0,2,1,0,0,0
128,1115,Tawana Residence,13.82607364,100.5592883,id_1115.shp,0,1,0,0,0,0,0,0,0,0,0,0,0,0,0,1,0,0,1,0,0,0,0,1,0,0,0,0,0,2,2,0,0,0,1,0,0,13,2,0,0,0
129,1116,TEAL Sathorn-Taksin,13.72001575,100.4927663,id_1116.shp,0,1,0,0,0,0,0,0,0,0,0,0,0,0,0,7,0,0,0,0,0,0,0,0,0,0,0,0,0,20,10,0,1,1,1,0,0,5,1,0,0,0
130,1117,TELA Thonglor,13.73318234,100.5818796,id_1117.shp,0,0,0,0,0,0,1,19,0,23,1,0,0,0,0,5,0,0,0,0,2,7,0,36,2,0,0,0,4,7,3,0,0,2,6,12,0,62,6,0,0,0
131,1118,Tempo One Ramkhamhaeng Rama 9,13.7498739,100.6123321,id_1118.shp,0,0,0,0,0,0,0,0,0,0,0,0,0,0,0,7,1,0,0,0,0,0,0,4,0,0,0,0,0,2,2,0,0,2,0,0,0,3,1,0,0,0
132,1119,Tempo Quad Phaholyothin - Saphanmai,13.88981141,100.6058198,id_1119.shp,0,0,0,0,0,1,0,0,0,0,0,0,0,0,0,0,2,0,0,0,0,0,0,0,0,0,0,0,0,2,0,0,0,0,0,0,0,0,0,0,0,0
133,112,Baan Siri Sathorn,13.7172747,100.547411,id_112.shp,0,0,0,0,0,0,0,0,0,4,0,0,0,0,0,3,1,0,0,0,0,3,0,12,0,0,0,0,2,5,3,0,0,0,1,1,1,41,1,0,0,0
134,1120,TGold Condo Ladprao 93,13.7807151,100.6219589,id_1120.shp,0,1,0,0,0,0,0,0,0,0,0,0,0,0,1,1,2,0,0,1,0,0,0,0,0,0,0,0,0,3,2,0,0,0,0,0,0,2,0,0,0,0
135,1121,Thairong Tower,13.73586095,100.623944,id_1121.shp,0,0,0,0,0,0,0,0,0,0,0,0,0,0,0,2,1,0,0,0,0,0,0,0,1,0,0,0,0,7,1,2,0,0,0,0,0,5,1,0,0,0
136,1122,Than Living Ratchada - Prachautit,13.76694844,100.5986217,id_1122.shp,0,0,0,0,0,0,0,0,0,0,0,0,0,0,0,0,0,0,0,0,0,1,0,0,0,0,0,0,1,0,4,1,1,0,0,0,0,4,1,0,0,0
137,1123,Thana Arcadia,13.77533585,100.4848447,id_1123.shp,0,2,0,0,0,0,0,0,0,1,0,0,0,0,0,5,0,0,0,0,0,0,0,0,0,0,0,0,0,3,9,0,0,0,0,1,1,3,0,0,0,0
138,1124,Thana Astoria Pinklao,13.77875184,100.4874592,id_1124.shp,0,0,1,0,0,0,0,0,0,0,0,0,0,0,0,0,2,0,0,0,0,0,0,1,0,0,0,0,0,10,6,0,0,0,0,0,1,3,0,0,0,0
139,1125,Thana Tower,13.7747815,100.4851937,id_1125.shp,0,1,0,0,0,0,0,0,0,0,0,0,0,0,0,8,0,0,0,0,0,0,0,2,0,0,0,0,0,2,9,0,0,0,0,1,1,2,0,0,0,0
140,1126,Thana Tri,13.774365,100.4848171,id_1126.shp,0,1,0,0,0,0,0,0,0,0,0,0,0,0,0,9,0,0,0,0,0,0,0,2,0,0,0,0,0,1,8,0,0,0,0,1,1,2,0,0,0,0
141,1127,The Address Asoke,13.74965963,100.5619943,id_1127.shp,0,2,0,0,0,0,0,0,0,0,0,0,0,0,1,4,1,0,0,2,0,0,0,2,0,0,0,0,1,22,3,1,0,1,2,13,0,48,0,0,0,0
142,1128,The Address Chidlom,13.7481633,100.5456628,id_1128.shp,0,3,0,0,0,0,0,0,0,1,0,0,0,0,1,2,0,0,0,0,3,1,0,16,2,0,0,0,6,23,4,0,0,3,7,18,0,83,3,0,0,0
143,1129,The Address Pathumwan,13.75134096,100.5331816,id_1129.shp,0,0,0,0,0,0,0,9,0,3,0,0,0,0,0,12,2,0,0,0,0,0,0,25,0,0,0,0,3,28,5,1,1,2,11,6,0,77,1,0,0,0
144,113,Baan Siri Sathorn Suanplu,13.70865711,100.5383717,id_113.shp,0,1,0,0,0,1,0,0,0,0,0,0,0,0,0,0,2,0,0,0,0,0,0,5,0,0,0,0,0,4,5,1,0,0,0,0,0,13,2,0,0,0
145,1130,The Address Phayathai,13.75959856,100.5316848,id_1130.shp,0,2,1,0,0,0,0,0,0,0,0,0,0,0,0,5,3,0,1,1,0,0,0,6,0,0,0,0,2,31,4,0,0,8,0,10,0,40,1,0,0,0
146,1131,The Address Sathorn,13.72273359,100.525423,id_1131.shp,0,1,0,0,0,0,0,1,0,7,0,0,0,0,5,6,6,1,0,1,0,8,0,42,0,0,0,0,2,29,7,1,1,3,0,16,0,84,4,0,0,0
147,1132,The Address Siam,13.7519122,100.5341358,id_1132.shp,0,3,0,0,0,0,0,0,0,0,0,0,0,0,0,13,2,0,0,0,0,9,0,27,0,0,0,0,3,25,4,1,1,2,12,6,0,79,1,0,0,0
148,1133,The Address Siam Ratchathewi,13.7526066,100.5303344,id_1133.shp,0,3,1,0,0,0,0,2,0,7,0,0,0,0,0,11,1,0,0,0,0,8,0,13,0,0,0,0,3,23,9,1,1,1,7,2,0,66,0,0,0,0
149,1134,The Address Sukhumvit 28,13.7282517,100.5723852,id_1134.shp,2,2,0,0,0,0,0,4,0,8,2,0,0,0,3,9,1,0,0,0,2,2,0,35,3,0,0,0,4,14,6,0,0,1,3,28,1,97,5,0,0,0
150,1135,The Address Sukhumvit 42,13.71676148,100.5856239,id_1135.shp,0,1,0,0,0,0,0,0,0,5,0,0,0,0,0,6,3,0,0,2,2,1,0,16,1,0,0,0,2,5,6,1,1,1,1,8,0,43,2,0,0,0
151,1136,The Address Sukhumvit 61,13.72354624,100.5836142,id_1136.shp,0,1,0,0,0,0,0,1,0,12,0,0,0,0,1,3,3,0,0,0,3,5,0,34,4,0,0,0,3,12,5,0,0,1,3,17,0,68,3,0,0,0
152,1137,The Airport Residence,13.89743098,100.5856887,id_1137.shp,0,1,0,0,0,0,0,0,0,0,0,0,0,0,0,3,1,0,0,0,0,0,0,1,1,0,0,0,1,3,3,0,0,0,0,0,0,0,0,0,0,0
153,1138,The Alcove 49,13.72969938,100.5761219,id_1138.shp,0,0,0,0,0,0,0,0,0,4,1,0,0,0,4,2,0,0,0,0,1,5,0,36,4,0,0,0,4,22,3,0,0,1,6,39,1,103,6,0,0,0
154,1139,The Alcove Thonglor 10,13.73121471,100.5863633,id_1139.shp,0,1,0,0,0,0,1,4,0,3,0,0,0,0,0,0,1,0,0,0,1,11,0,27,1,0,0,0,2,10,7,0,0,1,6,22,0,89,5,0,0,0
155,114,Baan Siri Silom,13.7206227,100.5211907,id_114.shp,0,1,2,0,0,0,0,0,0,2,0,0,0,0,0,8,2,1,0,2,0,4,0,27,1,0,0,0,6,18,20,1,0,1,0,12,0,73,1,0,0,0
156,1140,The Amethyst Sukhumvit 39,13.73560182,100.5749158,id_1140.shp,1,0,0,0,0,0,0,0,0,2,0,0,0,0,0,2,0,0,0,1,1,4,0,10,2,0,0,0,6,21,1,0,0,0,5,40,1,139,6,0,0,0
157,1141,The Aree Condominium,13.78190553,100.541455,id_1141.shp,0,0,0,0,0,0,0,0,0,4,0,0,0,0,3,2,1,0,1,0,0,2,0,34,1,0,0,0,1,8,5,0,0,3,0,1,0,22,1,0,0,0
158,1142,The Bangkok Narathiwas Ratchanakarint,13.70868394,100.533457,id_1142.shp,0,0,0,0,0,0,0,0,0,0,0,0,0,0,0,1,0,0,0,0,0,0,0,3,0,0,0,0,1,10,11,1,1,1,0,0,0,12,0,0,0,0
159,1143,The Bangkok Sathorn,13.71814737,100.5204808,id_1143.shp,0,3,0,0,0,0,0,0,0,0,0,0,0,0,0,3,6,1,0,0,0,1,0,11,0,0,0,0,2,22,17,0,0,3,0,9,0,54,3,0,0,0
160,1144,The Bangkok Sathorn - Taksin,13.7198953,100.5034866,id_1144.shp,0,2,0,0,0,0,0,0,0,0,1,0,0,0,0,6,2,0,0,0,1,0,0,6,2,0,0,0,0,14,4,0,0,0,1,0,0,18,2,0,0,0
161,1145,The Bangkok Thanon Sub,13.73115396,100.5274592,id_1145.shp,1,4,1,0,0,0,0,0,0,5,0,0,0,0,3,10,1,0,1,0,0,9,1,87,4,0,0,0,15,30,6,3,0,2,0,28,0,134,7,0,0,0
162,1146,The Bangkok Thonglor,13.72697045,100.5799814,id_1146.shp,1,0,1,0,0,0,1,1,0,11,2,0,0,0,3,9,0,0,0,0,0,6,0,31,3,0,0,0,2,8,6,0,0,1,8,38,0,112,7,0,0,0
163,1147,The Base Park East Sukhumvit 77,13.7134574,100.6003851,id_1147.shp,0,2,0,0,0,0,0,0,0,4,0,0,0,0,0,6,3,0,0,0,0,0,0,5,0,0,0,0,2,15,1,0,0,0,0,7,0,33,3,0,0,0
164,1148,The Base Park West Sukhumvit 77,13.7130193,100.6000635,id_1148.shp,0,2,0,0,0,0,0,0,0,4,0,0,0,0,0,6,3,0,0,0,0,0,0,4,0,0,0,0,2,16,1,0,0,0,0,7,0,34,4,0,0,0
165,1149,THE BASE Phetchaburi-Thonglor,13.745059,100.5823065,id_1149.shp,0,0,0,0,0,0,0,0,0,0,0,0,0,0,0,1,1,0,1,3,0,0,0,2,1,0,0,0,1,7,3,0,0,3,0,1,0,12,0,0,0,0
166,115,Baan Siri Sukhumvit 10,13.7370581,100.5568615,id_115.shp,0,0,0,0,0,0,0,2,0,5,0,0,0,0,1,10,0,0,0,0,3,19,0,58,1,0,0,0,4,48,2,0,0,1,0,93,1,141,3,0,0,0
167,1150,The Base Phetkasem,13.7152846,100.4473042,id_1150.shp,0,2,0,0,0,0,0,0,0,3,0,0,0,0,0,8,0,0,0,0,0,3,0,7,0,0,0,0,0,10,6,1,0,0,0,1,0,5,1,0,0,0
168,1151,The Base Rama 9 - Ramkhamhaeng,13.7483969,100.6055443,id_1151.shp,0,0,0,0,0,0,0,0,0,0,0,0,0,0,0,3,0,0,0,0,0,0,0,1,0,0,0,0,0,7,1,0,0,1,0,0,0,3,0,0,0,0
169,1152,The Base Saphanmai,13.88788735,100.6049763,id_1152.shp,0,0,0,0,0,0,0,0,0,0,0,0,0,0,0,0,2,0,0,1,0,0,0,0,0,0,0,0,0,1,0,0,0,0,0,0,0,0,0,0,0,0
170,1153,THE BASE Sukhumvit 50,13.70494113,100.5920527,id_1153.shp,0,0,0,0,0,0,0,0,0,1,0,0,0,0,0,0,3,0,0,0,0,0,0,0,1,0,0,0,0,6,3,0,1,0,0,5,0,10,1,0,0,0
171,1154,The Base Sukhumvit 77,13.71126033,100.6023831,id_1154.shp,0,2,0,0,0,0,0,0,0,2,0,0,0,0,0,5,2,0,0,0,0,0,0,10,0,0,0,0,1,15,2,0,1,0,0,4,0,20,2,0,0,0
172,1155,The Bloom Sukhumvit 71,13.71391492,100.5949521,id_1155.shp,2,6,0,0,0,0,0,2,0,12,0,0,0,0,0,2,1,0,0,0,0,2,0,8,2,0,0,0,0,12,5,0,0,2,0,3,0,18,0,0,0,0
173,1156,The Breeze Narathiwas,13.696343,100.5446672,id_1156.shp,0,0,0,0,0,0,0,0,0,1,0,0,0,0,0,1,1,0,1,0,0,0,0,3,0,0,0,0,2,1,2,0,0,0,0,0,0,27,2,0,0,0
174,1157,The Cadogan Private Residence,13.74078913,100.5724274,id_1157.shp,0,1,0,0,0,0,0,0,0,1,1,0,0,0,0,3,0,0,0,0,0,3,0,9,0,0,0,0,1,11,5,1,0,1,0,12,0,51,1,0,0,0
175,1158,The Capital Ekamai-Thonglor,13.74374052,100.5869636,id_1158.shp,0,0,0,0,1,0,0,0,0,0,0,0,0,0,0,2,2,0,0,1,0,1,0,3,0,0,0,0,1,4,3,0,0,6,0,2,0,8,1,0,0,0
176,1159,The Capital Ratchaprarop - Vibha,13.764126,100.5462187,id_1159.shp,0,1,1,0,0,0,0,0,0,0,0,0,0,0,0,0,2,0,0,0,0,0,0,0,0,0,0,0,5,8,1,1,1,1,0,0,1,27,0,0,0,0
177,116,Baan Siri Sukhumvit 13,13.74749,100.5583765,id_116.shp,0,0,1,0,0,0,0,0,0,0,0,0,0,0,1,10,1,0,0,0,0,10,0,20,0,0,0,0,2,40,2,1,0,5,0,56,0,87,1,0,0,0
178,1160,The Classy Ratchadaphisek 19,13.8013889,100.5722763,id_1160.shp,0,0,0,0,0,0,0,0,0,0,0,0,0,0,1,3,2,0,0,0,0,1,0,6,0,0,0,0,0,12,1,0,0,0,0,0,0,6,2,0,0,0
179,1161,The Clover,13.7345269,100.5847536,id_1161.shp,0,1,0,0,0,0,0,2,0,1,0,0,0,0,1,4,0,0,0,0,4,21,0,40,1,0,0,0,2,7,5,0,1,2,5,13,0,59,4,0,0,0
180,1162,The Coast Bangkok,13.6713805,100.605605,id_1162.shp,0,0,1,0,0,0,0,0,0,1,0,0,0,0,0,2,1,0,0,0,0,0,0,0,0,0,0,0,0,1,2,1,0,1,0,0,0,1,2,0,0,0
181,1163,The Complete Narathiwat,13.7033394,100.5401927,id_1163.shp,0,0,0,0,0,0,0,0,0,0,0,0,0,0,0,1,3,0,0,0,0,0,0,5,1,0,0,0,0,3,4,0,1,1,0,0,0,38,2,0,0,0
182,1164,The Complete Rajprarop,13.76057752,100.5417123,id_1164.shp,0,0,0,0,0,0,0,0,1,2,0,0,0,0,5,5,3,0,0,0,0,0,0,8,0,0,0,0,0,18,3,0,1,5,1,1,0,32,1,0,0,0
183,1165,The Concord,13.74401924,100.5584735,id_1165.shp,0,2,0,0,0,0,0,2,0,4,0,0,0,0,1,18,1,0,0,0,0,22,0,53,0,0,0,0,4,44,4,1,0,4,3,77,0,112,3,0,0,0
184,1166,The Crest Park Residences,13.8140121,100.5610031,id_1166.shp,0,1,0,0,0,0,1,1,0,2,1,0,0,0,0,7,1,1,0,0,1,0,0,2,0,0,0,0,0,2,1,0,0,1,0,1,2,7,2,0,0,0
185,1167,The Crest Phahonyothin 11,13.78831759,100.5427601,id_1167.shp,0,0,0,0,0,0,0,1,0,1,0,0,0,0,1,6,0,0,0,0,0,0,0,11,0,0,0,0,3,12,1,0,1,5,0,3,0,46,2,0,0,0
186,1168,The Crest Sukhumvit 24,13.7292294,100.5660739,id_1168.shp,0,0,1,0,0,0,0,0,0,8,0,0,0,0,2,13,1,0,0,0,3,16,1,37,1,0,0,0,3,26,2,0,0,0,0,43,1,96,3,0,0,0
187,1169,The Crest Sukhumvit 34,13.7251152,100.5766215,id_1169.shp,2,1,0,0,0,0,0,1,0,3,1,0,0,0,3,6,2,0,0,0,0,4,0,40,3,0,0,0,2,16,4,0,0,0,5,15,0,96,8,0,0,0
188,117,Baan Siriyenakat,13.7165785,100.5469013,id_117.shp,0,0,1,0,0,0,0,0,0,3,0,0,0,0,0,1,0,0,0,0,0,2,0,7,0,0,0,0,2,7,3,1,0,0,1,2,1,33,1,0,0,0
189,1170,The Crest Sukhumvit 49,13.7304525,100.5770166,id_1170.shp,0,0,0,0,0,0,0,0,0,4,1,0,0,0,4,4,0,0,0,1,3,10,0,41,4,0,0,0,4,20,3,0,0,0,6,32,0,95,6,0,0,0
190,1171,The Cube Chaengwattana,13.88920431,100.5768908,id_1171.shp,0,0,0,0,0,0,0,0,0,0,0,0,0,0,0,1,0,0,1,0,0,0,0,0,0,0,0,0,0,4,3,1,0,1,0,0,0,0,1,0,0,0
191,1172,The Cube Nawamin - Ramintra,13.83511221,100.6599718,id_1172.shp,0,2,0,0,0,0,0,0,0,0,0,0,0,0,0,0,0,0,0,0,0,0,0,0,0,0,0,0,0,1,1,0,0,1,0,0,0,1,1,0,0,0
192,1173,The Cube Plus Minburi,13.8132454,100.7192027,id_1173.shp,0,0,0,0,0,0,0,0,0,0,0,0,0,0,0,0,0,0,0,1,0,0,0,0,0,0,0,0,0,0,5,0,0,1,0,0,0,1,0,0,0,0
193,1174,The Cube Plus Phaholyothin 56,13.93405202,100.6280093,id_1174.shp,0,0,0,0,0,0,0,0,0,0,0,0,0,0,0,1,0,0,0,0,0,0,0,0,1,0,0,0,0,0,0,0,0,0,0,0,0,0,0,0,0,0
194,1175,The Cube Pracha Uthit,13.6551169,100.4990545,id_1175.shp,0,1,2,0,0,0,0,0,0,1,0,0,0,0,1,1,1,0,0,0,0,0,0,7,0,0,0,0,0,10,1,1,0,0,0,0,1,1,0,0,0,0
195,1176,The Cube Premium Ramintra 34,13.84810582,100.6366321,id_1176.shp,0,0,0,0,0,0,0,0,0,0,0,0,0,0,0,0,0,0,0,0,0,0,0,0,0,0,0,0,1,3,2,0,0,0,0,0,1,2,0,0,0,0
196,1177,The Cube Ramkhamhaeng,13.7637791,100.643782,id_1177.shp,0,0,0,0,0,0,0,0,0,0,0,0,0,0,0,0,3,0,1,0,0,0,0,1,1,0,0,0,0,6,6,0,0,1,0,0,0,3,0,0,0,0
197,1178,The Cube Station Ramintra 109,13.8151701,100.6985053,id_1178.shp,0,0,0,0,0,0,1,0,0,0,0,0,0,0,0,0,1,0,0,0,0,0,0,0,0,0,0,0,0,0,1,0,0,0,0,0,0,0,0,0,0,0
198,1179,The Cube Urban Sthorn - Chan,13.70562635,100.5147047,id_1179.shp,0,0,0,0,0,0,0,0,0,0,0,0,0,0,0,1,0,0,0,0,0,0,0,2,0,0,0,0,0,11,9,0,0,0,2,2,0,13,5,0,0,0
199,118,Baan Somthavil,13.7390897,100.5406057,id_118.shp,0,1,0,0,0,0,0,1,0,0,0,0,0,0,3,2,0,0,0,1,1,7,0,29,3,0,0,0,4,12,3,0,0,1,8,11,1,75,3,0,0,0
200,1180,The Diplomat 39,13.73145333,100.5703785,id_1180.shp,1,5,0,0,0,0,1,0,0,6,1,0,0,0,1,6,0,0,0,0,2,13,1,26,1,0,0,0,5,20,6,0,0,1,1,23,0,107,4,0,0,0
201,1181,The Diplomat Sathorn,13.71999657,100.5220817,id_1181.shp,0,0,1,0,0,0,0,0,0,3,0,0,0,0,0,9,3,1,0,1,0,2,0,20,1,0,0,0,7,20,18,1,0,2,0,12,0,77,1,0,0,0
202,1182,The Editor Saphan Khwai,13.79420108,100.5494069,id_1182.shp,0,1,0,0,0,1,0,0,0,0,0,0,0,0,0,2,2,0,0,1,0,1,0,7,0,0,0,0,1,11,1,0,0,1,0,2,0,22,3,0,0,0
203,1183,The Elegant Ladprao 1,13.81410267,100.5655867,id_1183.shp,0,1,0,0,0,0,0,0,0,0,1,0,0,0,0,5,0,0,0,0,1,1,0,6,1,0,0,0,0,8,3,1,0,0,1,1,0,5,1,0,0,0
204,1184,The Emporio Place,13.7229874,100.5670927,id_1184.shp,0,0,0,0,0,0,0,1,0,1,0,0,0,0,0,5,2,0,0,0,0,3,0,30,1,0,0,0,5,16,5,0,0,0,2,12,1,55,4,0,0,0
205,1185,The Escape,13.68736052,100.6347082,id_1185.shp,0,0,0,0,0,0,0,0,0,0,0,0,0,0,0,0,1,0,0,0,0,0,0,0,1,0,0,0,0,0,4,0,0,0,0,0,0,0,0,0,0,0
206,1186,The ESSE Asoke,13.74323665,100.5615363,id_1186.shp,0,5,0,0,0,0,0,1,0,11,0,0,0,0,2,13,1,1,0,2,0,4,0,20,0,0,0,0,2,46,4,0,0,1,3,97,0,141,2,0,0,0
207,1187,The Esse at Singha Complex,13.7481297,100.5643576,id_1187.shp,0,0,0,0,0,0,0,0,0,1,0,0,0,0,1,8,0,1,0,2,0,0,0,4,0,0,0,0,1,24,6,0,0,2,2,16,0,57,0,0,0,0
208,1188,The ESSE Sukhumvit 36,13.7242137,100.5777574,id_1188.shp,0,5,0,0,0,0,0,2,0,5,0,0,0,0,4,3,2,0,0,0,0,3,0,25,3,0,0,0,2,8,6,0,0,0,5,12,0,94,8,0,0,0
209,1189,The Estate @ Thapra,13.73553758,100.4718594,id_1189.shp,0,1,1,0,0,0,0,0,0,0,0,0,0,0,0,2,1,1,0,0,0,0,0,0,0,0,0,0,0,7,5,0,0,0,0,0,0,0,0,0,0,0
210,119,Baan Suan Bangkhen,13.880281,100.6125189,id_119.shp,0,0,0,0,0,0,0,0,0,0,0,0,0,0,0,0,0,0,0,0,0,0,0,0,0,0,0,0,0,0,0,0,0,0,0,0,1,0,0,0,0,0
211,1190,The Estelle Phrom Phong,13.72861209,100.5712245,id_1190.shp,0,3,0,0,0,0,0,3,0,7,1,0,0,0,3,8,1,0,0,0,2,4,1,38,2,0,0,0,4,17,5,0,0,1,2,29,0,97,4,0,0,0
212,1191,The Excel Bearing,13.662677,100.608231,id_1191.shp,0,0,0,0,0,0,0,0,0,0,1,0,0,0,0,0,0,0,0,0,0,0,0,0,0,0,0,0,0,1,0,0,0,1,0,0,0,1,0,0,0,0
213,1192,The excel hideaway,13.6644036,100.6089896,id_1192.shp,0,0,0,0,0,0,0,0,0,0,0,0,0,0,0,0,0,0,0,0,0,0,0,0,1,0,0,0,0,0,1,0,0,1,0,0,0,2,1,0,0,0
214,1193,The Excel Hideaway Sukhumvit 50,13.70592199,100.5909655,id_1193.shp,0,0,1,0,0,0,0,0,0,1,0,0,0,0,0,1,2,0,0,0,0,0,0,0,0,0,0,0,2,4,3,0,1,1,0,5,0,14,2,0,0,0
215,1194,The Excel Ladprao - Sutthisan,13.79140552,100.5922851,id_1194.shp,0,0,0,0,0,0,0,0,0,0,0,0,0,0,0,2,0,0,0,0,0,1,0,0,0,0,0,0,0,11,5,0,0,0,0,0,0,5,0,0,0,0
216,1195,The Excel Ratchada 18,13.78215067,100.5830887,id_1195.shp,0,1,0,0,0,0,0,0,0,0,0,0,0,0,0,3,2,0,0,0,0,2,0,2,0,0,0,0,0,7,3,0,1,0,0,2,0,9,0,0,0,0
217,1196,The Excel Udomsuk,13.67948247,100.624514,id_1196.shp,0,1,0,0,0,0,0,0,0,0,0,0,0,0,0,0,1,0,0,0,0,0,0,0,0,0,0,0,0,1,3,0,0,0,0,0,0,2,0,0,0,0
218,1197,The Executive Regent,13.7053765,100.5440814,id_1197.shp,0,0,0,0,0,0,0,0,0,1,0,0,0,0,0,0,3,0,0,0,0,0,0,2,0,0,0,0,0,3,3,0,0,1,0,1,0,19,2,0,0,0
219,1198,THE EXTRO Phayathai-Rangnam,13.76067189,100.5395202,id_1198.shp,0,2,0,0,0,0,0,0,1,2,0,0,0,0,5,5,2,0,0,2,0,1,0,14,1,0,0,0,2,19,5,0,1,5,1,0,0,31,0,0,0,0
220,1199,The Fah Aree,13.78236897,100.5424157,id_1199.shp,0,1,0,0,0,0,0,0,0,14,0,0,0,0,3,1,0,0,1,2,0,3,0,26,2,0,0,0,1,12,6,0,0,2,0,1,0,26,0,0,0,0
221,12,49 Plus,13.730524,100.5756169,id_12.shp,0,0,0,0,0,0,1,1,0,6,1,0,0,0,3,2,0,0,0,1,0,4,0,32,4,0,0,0,6,24,3,0,0,0,6,42,1,115,6,0,0,0
222,120,Baan Suan Sue Trong,13.7926183,100.6174453,id_120.shp,0,0,0,0,0,0,0,0,0,0,0,0,0,0,0,1,0,0,0,0,0,0,0,0,0,0,0,0,0,1,3,0,0,0,0,0,0,1,1,0,0,0
223,1200,The Fine @ River,13.71754142,100.5086268,id_1200.shp,0,3,0,0,0,0,0,0,0,5,0,0,0,0,0,1,2,0,0,0,1,0,0,3,1,0,0,0,0,21,14,0,0,0,1,2,0,34,4,0,0,0
224,1201,The FINE Bangkok Thonglor - Ekamai,13.73090345,100.5876085,id_1201.shp,0,1,0,0,0,0,0,4,0,4,0,0,0,0,0,0,1,0,0,0,2,2,0,13,1,0,0,0,2,9,8,0,0,0,6,31,0,95,5,0,0,0
225,1202,The Fine by Fine Home Ari 4 - Paholyothin,13.7810345,100.5411475,id_1202.shp,0,0,0,0,0,0,0,0,0,1,0,0,0,0,3,2,1,0,1,0,0,2,0,40,1,0,0,0,0,6,5,0,0,3,0,1,0,17,1,0,0,0
226,1203,THE GOLDEN MASTER,13.79723007,100.5700062,id_1203.shp,0,2,0,0,0,0,0,0,0,1,0,0,0,0,0,1,2,0,0,0,0,0,0,5,0,0,0,0,1,9,1,0,0,0,0,1,1,8,0,0,0,0
227,1204,The Great Condo Petchkasem 48,13.72129417,100.4409397,id_1204.shp,0,0,1,0,0,0,0,0,0,0,0,0,0,0,0,2,0,0,0,0,0,0,0,0,0,0,0,0,0,14,5,0,1,0,0,0,0,13,0,0,0,0
228,1205,The Green 2 @ Sukhumvit 101,13.695487,100.6225883,id_1205.shp,0,0,0,0,0,0,0,0,0,0,0,0,0,0,0,1,0,0,0,0,0,0,0,1,0,0,0,0,0,0,2,0,0,0,0,0,0,0,0,0,0,0
229,1206,The Green 3 @ Sukhumvit 101,13.69202833,100.6142497,id_1206.shp,0,0,0,0,0,0,0,0,0,0,0,0,0,0,0,0,2,0,0,0,0,0,0,0,0,0,0,0,1,3,2,0,0,0,0,0,0,7,0,0,0,0
230,1207,The Green Place,13.66608747,100.6321382,id_1207.shp,0,1,0,0,0,0,0,0,0,1,0,0,0,0,0,1,0,0,0,1,1,0,0,2,1,0,0,0,0,1,4,0,0,1,0,0,0,2,0,0,0,0
231,1208,The Hudson Sathorn 7,13.72148022,100.5338537,id_1208.shp,0,0,0,0,0,0,0,0,0,1,0,0,0,0,1,5,1,0,0,1,0,0,0,19,0,0,0,0,12,27,8,1,0,2,0,38,1,140,7,0,0,0
232,1209,The Infinity,13.7231005,100.5291057,id_1209.shp,2,0,0,0,0,0,0,2,0,22,0,0,0,0,3,8,3,0,0,0,0,8,0,26,2,0,0,0,4,31,11,2,0,3,0,28,1,125,5,0,0,0
233,121,Baan Suan Sukhothai,13.7813215,100.5116243,id_121.shp,0,0,1,0,0,0,0,0,0,0,0,0,0,0,0,9,2,1,0,1,0,0,0,1,1,0,0,0,0,7,11,1,0,0,0,0,0,1,0,0,0,0
234,1210,The Iris,13.74351233,100.6450244,id_1210.shp,0,0,0,0,0,0,0,0,0,0,0,0,0,0,0,1,1,0,0,0,0,0,0,0,0,0,0,0,0,0,3,0,0,2,0,0,1,2,1,0,0,0
235,1211,THE ISSARA LADPRAO,13.8086593,100.5676071,id_1211.shp,0,1,0,0,0,0,0,0,0,2,0,0,0,0,0,4,0,0,0,0,0,1,0,0,0,0,0,0,0,9,2,1,0,0,1,1,0,8,3,0,0,0
236,1212,The Key MRT Phetkasem 48,13.71637135,100.4464603,id_1212.shp,0,2,0,0,0,0,0,0,0,5,0,0,0,0,0,8,1,0,0,0,0,3,0,5,0,0,0,0,0,9,6,1,0,0,0,1,0,6,1,0,0,0
237,1213,The Key Phahonyothin,13.83627819,100.5800242,id_1213.shp,0,0,0,0,0,0,0,0,0,0,0,0,0,0,0,1,0,0,0,0,0,0,0,6,0,0,0,0,0,4,3,0,0,1,0,4,0,14,0,0,0,0
238,1214,The Key Rama 3,13.6894133,100.5043897,id_1214.shp,0,0,0,0,0,1,1,0,0,0,0,0,0,0,0,0,1,0,1,0,0,0,0,1,0,0,0,0,0,1,2,0,1,0,0,0,0,0,0,0,0,0
239,1215,The Key Sathorn - Charoenraj,13.70075478,100.5166557,id_1215.shp,0,0,0,0,0,0,0,0,0,0,0,0,0,0,0,1,0,0,0,0,0,0,0,0,0,0,0,0,0,4,5,0,0,0,2,0,0,7,4,0,0,0
240,1216,The Key Sathorn - Ratchapruek,13.71292762,100.4656072,id_1216.shp,0,0,0,0,0,0,0,0,0,0,0,0,0,0,0,2,2,0,0,0,0,0,0,6,0,0,0,0,0,5,8,0,0,0,0,0,0,0,0,0,0,0
241,1217,The Key Udomsuk,13.67438974,100.6527215,id_1217.shp,0,0,0,0,0,0,0,0,0,0,0,0,0,0,0,0,0,0,0,0,0,0,0,0,0,0,0,0,0,2,2,0,0,1,0,0,0,1,1,0,0,0
242,1218,The Key Wutthakat,13.71429624,100.468061,id_1218.shp,0,2,0,0,0,0,0,0,0,0,0,0,0,0,0,1,3,0,0,0,0,0,0,0,0,0,0,0,0,5,7,0,0,0,0,0,0,6,0,0,0,0
243,1219,THE KITH Plus Nawamin,13.83500064,100.6571283,id_1219.shp,0,0,0,0,0,0,0,0,0,0,0,0,0,0,0,2,0,0,0,0,0,0,0,0,0,0,0,0,0,3,4,0,0,0,0,0,0,0,1,0,0,0
244,122,Baan Suan Sukhumvit,13.7065113,100.6323191,id_122.shp,0,0,0,0,0,0,0,0,0,0,0,0,0,0,0,2,0,0,0,0,0,0,0,0,0,0,0,0,0,5,4,0,0,0,0,0,0,0,1,0,0,0
245,1221,The Kris Ratchada,13.78719646,100.5724818,id_1221.shp,0,1,0,0,0,0,0,1,0,0,2,0,0,0,0,9,0,0,0,0,0,0,0,9,0,0,0,0,3,7,1,0,0,0,0,4,0,9,0,0,0,0
246,1222,The Lakes,13.7335298,100.5604282,id_1222.shp,0,2,0,0,0,0,0,0,0,6,1,0,0,0,2,19,0,0,0,0,3,30,1,55,0,0,0,0,2,29,4,0,0,1,2,52,1,114,1,0,0,0
247,1223,The Lanai Sathorn,13.7121543,100.5493956,id_1223.shp,0,0,0,0,0,0,0,0,0,1,0,0,0,0,0,0,2,0,0,0,0,1,0,4,0,0,0,0,0,2,2,0,0,0,0,1,0,18,1,0,0,0
248,1224,The Leaf,13.7392625,100.6037406,id_1224.shp,0,0,0,0,0,0,0,0,0,0,0,0,0,0,0,2,0,0,0,0,0,0,0,1,0,0,0,0,0,8,1,0,0,1,0,1,0,4,0,0,0,0
249,1225,The Legacy Vibhavadi,13.809696,100.564717,id_1225.shp,0,0,0,0,0,0,0,1,0,1,0,0,0,0,0,7,1,1,0,0,0,0,0,4,0,0,0,0,0,6,1,0,0,0,2,1,2,7,3,0,0,0
250,1226,The Legend Saladaeng,13.7256148,100.537334,id_1226.shp,0,0,0,0,0,0,0,1,0,18,0,0,0,0,8,9,1,0,0,1,0,8,0,46,4,0,0,0,5,20,1,1,0,2,0,26,2,104,3,0,0,0
251,1227,The Light House,13.7223477,100.5087007,id_1227.shp,0,3,0,0,0,0,0,0,0,7,1,0,0,0,0,3,1,0,0,0,2,0,0,7,2,0,0,0,1,13,10,0,1,2,1,5,0,31,2,0,0,0
252,1228,The Light Ladprao,13.8103399,100.5653261,id_1228.shp,0,0,0,0,0,0,0,1,0,1,0,0,0,0,0,6,1,1,0,0,0,0,0,4,1,0,0,0,0,8,1,0,0,0,2,1,0,7,2,0,0,0
253,1229,The Light New York,13.6899562,100.604106,id_1229.shp,0,0,0,0,0,0,0,0,0,0,0,0,0,0,0,0,1,0,0,1,0,0,0,0,0,0,0,0,0,5,2,0,0,0,0,0,0,4,0,0,0,0
254,123,Baan Suanpetch,13.7317549,100.5713964,id_123.shp,0,1,0,0,0,0,0,0,0,3,0,0,0,0,1,9,0,0,0,0,2,12,1,31,4,0,0,0,6,18,5,0,0,1,3,28,0,109,2,0,0,0
255,1230,The Line Asoke - Ratchada,13.7557494,100.5632598,id_1230.shp,0,2,0,0,0,0,0,0,0,0,0,0,0,0,0,0,0,0,0,0,2,1,0,3,0,0,0,0,1,12,3,0,0,2,1,0,0,14,1,0,0,0
256,1231,THE LINE Jatujak - Mochit,13.8058829,100.5565411,id_1231.shp,0,1,0,0,0,0,0,0,0,0,0,0,0,0,0,1,0,0,0,0,0,0,1,0,0,0,0,0,0,5,1,1,0,0,0,3,3,5,3,0,0,0
257,1232,THE LINE Phahol - Pradipat,13.7908656,100.5461123,id_1232.shp,0,3,0,0,0,0,0,1,0,3,0,0,0,0,1,4,0,0,0,3,0,0,0,9,0,0,0,0,0,9,4,0,0,2,0,2,0,32,2,0,0,0
258,1233,The Line Ratchathewi,13.7521551,100.533363,id_1233.shp,0,1,0,0,0,0,0,7,0,3,0,0,0,0,0,14,2,0,0,0,0,2,0,15,0,0,0,0,3,25,6,1,1,2,11,6,0,86,1,0,0,0
259,1234,The Line sukhumvit 101,13.69224366,100.6084566,id_1234.shp,0,0,0,0,0,0,0,0,0,0,0,0,0,0,0,0,1,0,0,0,0,0,0,1,0,0,0,0,0,6,3,0,0,1,0,0,0,6,0,0,0,0
260,1235,The Line Sukhumvit 71,13.7153444,100.5943316,id_1235.shp,2,3,0,0,0,0,0,3,0,12,0,0,0,0,0,4,1,0,0,0,0,1,0,11,2,0,0,0,0,13,5,0,0,2,0,0,0,16,0,0,0,0
261,1236,THE LINE Wongsawang,13.82896901,100.5261588,id_1236.shp,0,1,0,0,0,0,0,0,0,0,0,0,0,0,0,0,0,0,0,0,1,0,0,0,0,0,0,0,0,0,4,0,0,0,0,2,0,0,0,0,0,0
262,1237,The Link Sukhumvit 50,13.706596,100.5981059,id_1237.shp,0,1,0,0,0,0,0,3,0,1,0,0,0,0,0,5,1,0,0,0,0,0,0,5,2,0,0,0,3,15,6,0,1,0,0,3,0,20,1,0,0,0
263,1238,The Link Sukhumvit 64,13.6865608,100.6054973,id_1238.shp,0,0,0,0,0,0,0,0,0,0,0,0,0,0,0,1,2,0,0,0,0,0,0,0,0,0,0,0,0,2,0,0,0,1,0,0,0,6,0,0,0,0
264,1239,The Link Vano 64,13.68660159,100.6064301,id_1239.shp,0,0,0,0,0,0,0,0,0,0,0,0,0,0,0,1,2,0,0,0,0,0,0,1,0,0,0,0,1,2,1,0,0,1,0,0,0,5,0,0,0,0
265,124,Baan Suanthon Ratchada,13.8266999,100.5833249,id_124.shp,0,0,0,0,0,0,0,0,0,1,0,0,0,0,0,0,0,0,0,0,0,0,0,0,0,0,0,0,1,7,1,0,0,0,0,0,0,17,2,0,0,0
266,1240,The LIVIN Phetkasem,13.71029404,100.4307781,id_1240.shp,0,0,0,0,0,0,0,0,0,0,0,0,0,0,0,1,1,0,0,2,0,0,0,0,0,0,0,0,0,7,3,0,1,0,0,0,0,4,0,0,0,0
267,1241,The Livin Ramkhamhaeng,13.76434788,100.6488841,id_1241.shp,0,0,2,0,1,0,0,0,0,0,0,0,0,0,0,2,3,0,0,0,0,0,0,1,1,0,0,0,0,1,7,1,0,0,0,0,0,4,0,0,0,0
268,1242,The Living Tower Sukhumvit 64/1,13.6851494,100.6062558,id_1242.shp,0,0,0,0,0,0,0,0,0,0,0,0,0,0,0,1,2,0,0,0,0,0,0,0,0,0,0,0,1,2,0,0,0,0,0,0,0,6,0,0,0,0
269,1243,The Lofts Asoke,13.74681239,100.5623904,id_1243.shp,1,1,0,0,0,1,0,0,0,1,0,0,0,0,0,9,2,1,0,1,0,1,0,14,0,0,0,0,1,35,3,0,0,1,1,36,0,95,0,0,0,0
270,1244,The Lofts Ekkamai,13.7183289,100.5876693,id_1244.shp,0,2,1,0,0,1,0,0,0,2,0,0,0,0,0,2,3,0,0,1,2,1,0,17,1,0,0,0,2,13,4,1,0,0,2,8,0,56,3,0,0,0
271,1245,The Lofts Sathorn,13.71588653,100.5507366,id_1245.shp,0,0,0,0,0,0,0,0,0,1,0,0,0,0,0,2,2,0,0,0,0,1,0,7,0,0,0,0,2,4,2,0,0,1,0,3,1,33,0,0,0,0
272,1246,The Lofts Silom,13.72335476,100.5226026,id_1246.shp,0,3,1,0,0,0,0,1,0,15,0,0,0,0,2,4,4,1,0,1,0,5,0,17,1,0,0,0,6,27,14,1,1,2,0,18,0,112,3,0,0,0
273,1247,The Lofts Yennakart,13.7087321,100.5456159,id_1247.shp,0,0,0,0,0,0,0,0,0,0,0,0,0,0,0,0,2,0,0,0,0,0,0,8,1,0,0,0,0,1,3,1,0,1,0,1,0,7,0,0,0,0
274,1248,The Log @ Sukhumvit 101/1,13.6859778,100.6351351,id_1248.shp,0,0,0,0,0,0,0,0,0,0,1,0,0,0,0,0,0,0,0,0,0,0,0,0,0,0,0,0,0,1,5,0,0,0,0,1,0,1,0,0,0,0
275,1249,The Lumpini 24,13.72266,100.5660665,id_1249.shp,0,0,0,0,0,0,0,1,0,5,0,0,0,0,0,4,1,0,0,0,0,3,0,22,1,0,0,0,2,15,6,0,0,0,1,7,1,41,3,0,0,0
276,125,Baan Sukhothai Ramkhamhaeng,13.7580516,100.6342848,id_125.shp,0,0,0,0,0,0,0,0,0,0,0,0,0,0,0,4,0,0,0,1,0,0,0,1,0,0,0,0,1,6,3,1,0,0,0,3,0,8,1,0,0,0
277,1250,The Madison,13.7294496,100.5716429,id_1250.shp,0,6,0,0,0,0,0,2,0,9,1,0,0,0,3,4,0,0,0,0,2,6,1,29,3,0,0,0,6,18,5,0,0,1,2,27,0,94,4,0,0,0
278,1251,The Maple@Ratchada 19,13.8016176,100.5716932,id_1251.shp,0,0,0,0,0,0,0,0,0,1,0,0,0,0,1,3,1,0,0,0,0,1,0,5,0,0,0,0,0,13,2,0,0,0,0,0,0,6,2,0,0,0
279,1252,The Mark Ratchada - Airport Link,13.75508552,100.5612044,id_1252.shp,0,0,0,0,0,0,0,0,0,0,0,0,0,0,0,2,0,0,0,0,0,1,0,0,0,0,0,0,2,13,2,0,0,2,2,0,0,15,1,0,0,0
280,1253,The Master Centrium Asoke - Sukhumvit,13.7406578,100.561241,id_1253.shp,1,5,0,0,0,1,0,1,0,9,0,0,0,0,2,23,0,0,0,0,3,44,0,60,1,0,0,0,1,37,4,1,0,1,0,71,0,140,2,0,0,0
281,1254,The Master Sathorn Executive,13.7216545,100.5004161,id_1254.shp,0,3,0,0,0,0,0,0,0,0,1,0,0,0,0,6,2,0,0,0,0,0,0,2,1,0,0,0,0,14,2,0,0,0,3,0,0,24,2,0,0,0
282,1255,The Met,13.72212642,100.5343221,id_1255.shp,0,0,0,0,0,0,0,0,0,2,0,0,0,0,1,5,1,0,0,1,0,0,0,22,1,0,0,0,12,28,7,1,0,1,0,38,1,140,6,0,0,0
283,1256,The Monument Sanampao,13.7694373,100.5404896,id_1256.shp,0,0,0,0,0,1,0,0,0,0,0,0,0,0,0,1,0,1,0,0,0,0,0,12,0,0,0,0,7,11,3,0,0,5,0,1,1,21,1,0,0,0
284,1257,The Monument Thong Lo,13.7417312,100.5856003,id_1257.shp,0,0,0,0,1,0,0,1,0,0,0,0,0,0,0,4,2,0,0,2,0,1,0,4,0,0,0,0,1,5,3,0,0,3,3,7,0,26,2,0,0,0
285,1258,The Muse,13.6849846,100.6095264,id_1258.shp,0,1,0,0,0,0,0,0,0,1,0,0,0,0,0,2,1,0,0,0,0,0,0,5,0,0,0,0,1,2,4,0,0,0,0,0,0,1,0,0,0,0
286,1259,The Muve Pradipat,13.7913058,100.5471938,id_1259.shp,0,3,0,0,0,0,0,1,0,2,0,0,0,0,0,4,1,0,0,3,0,0,0,10,0,0,0,0,1,8,3,0,0,2,0,2,0,25,2,0,0,0
287,126,Baan Sukhumvit,13.718449,100.5734741,id_126.shp,0,0,1,0,0,0,0,0,0,0,0,0,0,0,0,1,1,0,0,0,0,0,0,6,1,0,0,0,3,11,7,0,0,1,0,7,0,49,1,0,0,0
288,1260,The Natural Place Suite,13.7225509,100.5469354,id_1260.shp,1,1,0,0,0,0,0,1,0,12,0,0,0,0,1,5,1,0,0,0,1,2,0,33,0,0,0,0,0,3,5,0,0,1,0,3,1,52,1,0,0,0
289,1261,The Nest Chula-Samyan,13.7327553,100.5244871,id_1261.shp,2,1,0,0,0,0,0,0,0,5,0,0,0,0,3,10,2,0,1,0,0,0,0,78,3,0,0,0,5,22,9,2,0,2,0,24,1,77,3,0,0,0
290,1262,The Nest Ploenchit,13.7463338,100.5495256,id_1262.shp,0,0,0,0,0,0,0,0,0,0,0,0,0,0,1,9,2,0,0,1,1,1,0,24,0,0,0,0,5,28,1,0,0,1,5,64,0,107,5,0,0,0
291,1263,The Nest Sukhumvit 22,13.7249124,100.5632811,id_1263.shp,0,1,0,0,0,0,0,1,0,1,0,0,0,0,0,2,2,0,0,0,0,3,0,11,0,0,0,0,2,24,3,0,0,1,3,18,2,91,4,0,0,0
292,1264,The Nest Sukhumvit 64,13.68466048,100.6050023,id_1264.shp,0,0,0,0,0,0,0,0,0,0,0,0,0,0,0,1,2,0,0,0,0,0,0,0,0,0,0,0,0,3,0,0,0,0,0,0,0,6,0,0,0,0
293,1265,The Next Garden Mix,13.70311774,100.5996018,id_1265.shp,0,1,0,0,0,0,0,0,0,0,0,0,0,0,1,5,1,0,1,0,0,3,0,5,3,0,0,0,0,9,5,0,0,0,0,0,0,6,0,0,0,0
294,1266,The Next Garden Suite,13.7035525,100.5993117,id_1266.shp,0,1,0,0,0,0,0,0,0,0,0,0,0,0,1,4,1,0,1,0,0,3,0,5,3,0,0,0,0,10,5,0,0,0,0,0,0,6,0,0,0,0
295,1267,The Next Ladprao,13.8002222,100.5831346,id_1267.shp,0,0,0,0,0,0,0,0,0,0,1,0,0,0,0,2,1,0,0,0,0,0,0,1,1,0,0,0,1,9,5,0,0,0,0,1,0,4,0,0,0,0
296,1268,The Next Sukhumvit 52,13.7037092,100.5997354,id_1268.shp,0,1,0,0,0,0,0,0,0,1,0,0,0,0,1,4,1,0,1,0,0,3,0,4,3,0,0,0,0,12,5,0,0,0,0,0,0,8,0,0,0,0
297,1269,The Niche ID Ladprao 130,13.7716312,100.6304563,id_1269.shp,0,0,0,0,0,0,0,0,0,0,0,0,0,0,0,1,1,0,0,0,0,0,0,0,0,0,0,0,1,3,3,0,0,1,0,0,0,2,0,0,0,0
298,127,Baan Sukhumvit 77,13.720672,100.6159876,id_127.shp,0,0,0,0,0,0,0,0,0,0,0,0,0,0,0,0,0,0,0,0,0,0,0,0,0,0,0,0,0,0,0,0,0,0,0,0,0,0,0,0,0,0
299,1270,The Niche ID Ladprao - Wang Hin,13.8083965,100.5892683,id_1270.shp,0,0,0,0,0,0,0,0,0,0,0,0,0,0,0,0,1,0,0,0,0,0,0,0,0,0,0,0,0,2,3,0,0,0,0,0,0,2,0,0,0,0
300,1271,The Niche Citi Ladprao 130,13.7710891,100.6304647,id_1271.shp,0,0,0,0,0,0,0,0,0,0,0,0,0,0,0,1,1,0,0,0,0,0,0,0,0,0,0,0,1,3,4,0,0,1,0,0,0,2,0,0,0,0
301,1272,The Niche ID Serithai,13.79758619,100.6950577,id_1272.shp,0,0,0,0,0,0,0,0,0,0,0,0,0,0,0,0,2,0,0,0,0,0,0,0,0,0,0,0,0,3,1,0,0,0,0,0,0,1,0,0,0,0
302,1273,The Niche Ladprao 48,13.7961725,100.5885829,id_1273.shp,0,0,1,0,0,0,0,0,0,0,0,0,0,0,0,7,0,0,0,0,0,0,0,0,0,0,0,0,0,5,6,0,0,0,0,0,0,7,1,0,0,0
303,1274,The Niche Mono Bangna,13.66482382,100.6373095,id_1274.shp,0,0,0,0,0,0,0,0,0,0,0,0,0,0,0,0,1,0,0,2,0,0,0,2,0,0,0,0,0,3,2,0,0,0,1,0,0,5,1,0,0,0
304,1275,The Niche Ratchada - Huay Kwang,13.7789214,100.5711423,id_1275.shp,0,1,0,0,0,0,0,0,0,2,0,0,0,0,2,8,2,0,0,0,0,2,0,2,0,0,0,0,0,13,3,0,1,0,1,2,0,13,3,0,0,0
305,1276,The Niche Taksin,13.7269958,100.491072,id_1276.shp,0,3,0,0,0,0,0,0,0,0,0,0,0,0,0,2,3,0,0,0,1,0,0,1,0,0,0,0,0,10,10,2,1,1,0,0,0,10,0,0,0,0
306,1277,The Ninth Place,13.6880126,100.6459859,id_1277.shp,0,0,0,0,0,0,0,0,0,3,0,0,0,0,0,3,1,0,0,0,1,0,0,1,0,0,0,0,0,1,2,0,0,0,1,0,0,1,0,0,0,0
307,1278,The Oleander,13.7464866,100.5566248,id_1278.shp,0,4,0,0,0,0,0,5,0,12,0,0,0,0,0,8,2,0,0,1,0,7,0,22,0,0,0,0,4,37,2,0,0,4,2,56,0,88,3,0,0,0
308,1279,The One Plus D (Phase 3) Hua Mak 12,13.7534071,100.6404093,id_1279.shp,0,0,0,0,0,0,0,0,0,0,0,0,0,0,0,0,0,0,0,0,0,0,1,0,0,0,0,0,0,1,2,0,0,1,0,0,0,1,0,0,0,0
309,128,Baan Suksan,13.7429678,100.5647854,id_128.shp,0,2,0,0,0,0,0,0,0,1,0,0,0,0,2,15,1,1,0,2,0,5,0,40,0,0,0,0,2,40,5,0,0,1,3,61,0,112,2,0,0,0
310,1280,The One Plus Huamark 20,13.7531265,100.6374388,id_1280.shp,0,0,0,0,0,0,0,0,0,0,0,0,0,0,0,0,0,0,0,0,0,0,0,1,0,0,0,0,0,7,2,0,0,1,0,0,1,2,0,0,0,0
311,1281,The One Plus Srinakarin,13.7476377,100.6422074,id_1281.shp,0,0,1,0,0,0,0,0,0,0,0,0,0,0,0,1,0,0,0,0,0,0,1,0,0,0,0,0,0,0,1,0,0,0,0,0,0,1,0,0,0,0
312,1282,The origin Ratchada - Ladprao,13.80740348,100.5761906,id_1282.shp,0,0,0,0,0,0,0,0,0,0,0,0,0,0,0,3,0,0,0,0,0,0,0,2,1,0,0,0,1,10,1,0,0,0,0,1,0,4,1,0,0,0
313,1283,The Origin Sukhumvit 105,13.6625748,100.6174501,id_1283.shp,0,0,0,0,0,0,0,0,0,0,0,0,0,0,0,0,0,0,0,0,0,0,0,1,0,0,0,0,1,1,1,0,0,0,0,0,0,7,1,0,0,0
314,1284,The Oscar Phetkasem 58,13.713895,100.4309313,id_1284.shp,0,0,0,0,0,0,0,0,0,0,0,0,0,0,0,1,1,0,0,2,0,0,0,0,0,0,0,0,0,7,6,0,1,0,0,0,0,5,0,0,0,0
315,1285,The Pano Rama 3,13.671706,100.541619,id_1285.shp,0,0,1,0,0,0,0,0,0,1,0,0,0,0,0,1,0,0,0,0,0,0,0,2,0,0,0,0,0,0,3,0,0,0,0,0,0,3,2,0,0,0
316,1286,The Parco,13.7090735,100.5421365,id_1286.shp,0,0,1,0,0,0,0,0,0,3,1,0,0,0,0,1,0,0,0,1,0,0,0,3,0,0,0,0,0,1,5,1,0,0,0,1,0,14,1,0,0,0
317,1287,The Park Chidlom,13.7475151,100.5448968,id_1287.shp,0,1,0,0,0,0,0,0,0,1,0,0,0,0,1,7,1,0,0,0,5,3,0,25,2,0,0,0,6,21,3,0,0,3,5,16,0,72,4,0,0,0
318,1288,The Park Land 1,13.66777365,100.6507216,id_1288.shp,0,2,0,0,0,0,0,0,0,0,0,0,0,0,0,0,0,0,0,0,0,0,0,1,2,0,0,0,0,1,1,0,0,0,0,0,0,2,0,0,0,0
319,1289,The Parkland Charan Pinklao,13.77725889,100.4872207,id_1289.shp,0,0,0,0,0,0,0,0,0,0,0,0,0,0,0,1,2,0,0,0,0,0,1,1,0,0,0,0,0,11,8,0,0,0,0,1,0,3,0,0,0,0
320,129,Baan Tri - wit,13.8242097,100.6187746,id_129.shp,0,0,0,0,0,0,0,0,0,0,0,0,0,0,0,0,2,0,0,0,0,0,0,0,0,0,0,0,0,0,0,0,0,0,0,0,1,3,0,0,0,0
321,1290,The Parkland Grand Asoke - Phetchaburi,13.74877213,100.5678814,id_1290.shp,0,2,0,0,0,0,0,0,0,0,0,0,0,0,0,2,3,0,0,1,1,0,0,2,0,0,0,0,2,19,3,1,0,2,1,4,0,29,1,0,0,0
322,1291,The Parkland Grand Taksin,13.7161269,100.4807026,id_1291.shp,0,1,0,0,0,0,0,0,0,1,0,0,0,0,0,3,2,0,0,1,1,0,0,1,0,0,0,0,0,20,10,0,1,1,0,0,0,1,0,0,0,0
323,1292,The Parkland Phetkasem,13.7099744,100.4093947,id_1292.shp,0,1,0,0,0,0,0,0,0,0,0,0,0,0,0,0,1,0,0,0,0,0,0,1,0,0,0,0,1,1,0,0,0,0,0,0,0,1,0,0,0,0
324,1293,The Parkland Phetkasem - Thapra,13.72804973,100.4781371,id_1293.shp,0,0,0,0,0,0,0,0,0,1,0,0,0,0,0,1,1,0,0,0,0,0,0,0,0,0,0,0,0,8,10,0,2,0,0,0,0,1,0,0,0,0
325,1294,The Parkland Phetkasem 56,13.713884,100.4332846,id_1294.shp,0,0,0,0,0,1,0,0,0,0,0,0,0,0,0,2,1,0,1,1,0,0,0,3,0,0,0,0,0,7,4,0,0,0,0,0,0,3,0,0,0,0
326,1295,The Parkland Ratchada - Thapra,13.7101849,100.4788743,id_1295.shp,0,2,0,0,0,0,0,0,0,0,0,0,0,0,0,7,3,0,0,0,1,0,0,0,0,0,0,0,0,10,5,0,0,2,0,0,0,4,0,0,0,0
327,1296,The Parkland Ratchada-Wongsawang,13.8288927,100.5274943,id_1296.shp,0,1,0,0,0,0,0,0,0,0,0,0,0,0,0,0,1,0,0,0,1,0,0,0,0,0,0,0,0,0,3,0,0,0,0,1,0,1,0,0,0,0
328,1299,The Parkland Taksin - Thapra,13.71646392,100.481524,id_1299.shp,0,1,0,0,0,0,0,0,0,0,0,0,0,0,0,2,2,0,0,1,1,0,0,2,0,0,0,0,0,21,9,0,1,2,0,0,0,1,0,0,0,0
329,13,49 Suite,13.72948769,100.5760757,id_13.shp,0,0,0,0,0,0,0,0,0,4,1,0,0,0,4,2,0,0,0,0,1,6,0,38,4,0,0,0,4,23,3,0,0,1,6,37,1,103,6,0,0,0
330,130,Baan Vipavee,13.8027565,100.5610128,id_130.shp,0,0,0,0,0,0,0,0,0,0,0,0,0,0,0,0,0,0,0,0,0,0,1,0,0,0,0,0,0,8,2,1,0,0,0,1,1,7,0,0,0,0
331,1300,The Peace,13.8148389,100.5724044,id_1300.shp,0,0,0,0,0,0,0,0,0,0,0,0,0,0,0,1,0,0,0,0,0,0,0,0,0,0,0,0,0,13,0,1,0,0,0,0,0,13,2,0,0,0
332,1301,The Peak Sukhumvit 15,13.7482282,100.5590206,id_1301.shp,0,0,1,0,0,0,0,0,0,0,0,0,0,0,1,9,1,0,0,1,0,6,0,17,0,0,0,0,1,37,2,1,0,4,0,52,0,78,1,0,0,0
333,1302,The Platinum,13.75044246,100.5385693,id_1302.shp,0,5,0,0,0,0,1,0,0,6,0,0,0,0,1,11,2,0,0,0,3,1,0,25,1,0,0,0,3,20,4,0,0,2,11,20,0,80,2,0,0,0
334,1303,The Plenary Sathorn,13.7224258,100.4986795,id_1303.shp,0,1,0,0,0,0,0,0,0,0,1,0,0,0,0,7,1,0,0,0,0,0,0,4,1,0,0,0,0,12,4,0,0,0,1,0,0,8,1,0,0,0
335,1304,The Point Ladprao 19,13.80801512,100.572903,id_1304.shp,0,0,0,0,0,0,0,0,0,1,0,0,0,0,0,6,0,0,0,0,0,0,0,0,1,0,0,0,1,4,2,0,0,0,0,2,0,7,0,0,0,0
336,1305,The Prague Condominium,13.75565352,100.5141212,id_1305.shp,0,0,0,0,0,0,0,0,0,0,1,0,0,0,0,4,2,1,1,0,1,0,0,1,0,0,0,0,0,14,14,3,0,4,0,3,0,18,0,0,0,0
337,1306,The President Charan-Yaek Fai Chai Station,13.7554907,100.4688519,id_1306.shp,0,2,0,0,0,1,0,0,0,0,0,0,0,0,0,8,1,0,0,0,0,0,0,2,1,0,0,0,0,8,7,0,0,0,0,0,1,0,0,0,0,0
338,1307,The President Phetkasem - Bangkhae,13.7144102,100.4068293,id_1307.shp,0,0,0,0,0,0,0,0,0,0,0,0,0,0,0,0,0,0,0,0,0,0,0,0,0,0,0,0,1,2,1,0,0,1,0,0,0,1,0,0,0,0
339,1308,The President Sathorn - Ratchaphruek,13.7206004,100.4587939,id_1308.shp,0,1,0,0,0,0,0,0,0,0,0,0,0,0,0,3,1,0,0,0,0,0,0,5,1,0,0,0,0,6,7,1,0,2,0,2,0,13,0,0,0,0
340,1309,The President Sathorn - Ratchaphruek 2,13.7194811,100.4588626,id_1309.shp,0,0,0,0,0,0,0,0,0,0,0,0,0,0,0,4,1,0,0,0,0,0,0,5,0,0,0,0,0,8,6,1,0,2,0,3,0,12,1,0,0,0
341,131,Baan Yen Akard,13.7114919,100.5436363,id_131.shp,0,0,0,0,0,0,0,0,0,3,1,0,0,0,0,0,1,0,0,0,0,0,0,2,0,0,0,0,0,4,5,1,0,1,0,1,1,15,0,0,0,0
342,1310,The President Sathorn - Ratchaphruek 3,13.7198259,100.4593427,id_1310.shp,0,1,0,0,0,0,0,0,0,0,0,0,0,0,0,3,1,0,0,0,0,0,0,5,1,0,0,0,0,6,8,1,0,2,0,2,0,11,0,0,0,0
343,1312,The Prime 11,13.74385949,100.5569728,id_1312.shp,0,3,0,0,0,0,0,10,0,20,0,0,0,0,0,18,1,0,0,0,0,41,0,44,1,0,0,0,6,37,3,1,0,3,3,48,0,96,2,0,0,0
344,1313,The Prime Suites,13.73270405,100.563028,id_1313.shp,0,3,0,0,0,0,0,4,0,11,0,0,0,0,2,20,0,0,0,0,1,35,0,55,1,0,0,0,3,28,4,0,0,1,5,31,2,101,2,0,0,0
345,1314,The Privacy Jatujak,13.8100825,100.5604004,id_1314.shp,0,1,0,1,0,0,0,0,0,0,0,0,0,0,0,4,1,0,0,0,1,2,1,4,1,0,0,0,0,7,0,0,0,0,1,0,1,6,2,0,0,0
346,1315,The Privacy Ladprao-Sena,13.8095637,100.5911461,id_1315.shp,0,0,0,0,0,0,0,0,0,0,0,0,0,0,0,0,0,0,0,0,0,0,0,0,0,0,0,0,0,4,4,0,0,1,0,0,0,3,1,0,0,0
347,1316,The Privacy Pracha Uthit - Suksawat,13.6616454,100.5027806,id_1316.shp,0,1,0,0,0,0,0,0,0,0,0,0,0,0,0,1,2,0,0,0,0,0,0,0,0,0,0,0,0,8,4,0,0,0,0,0,0,1,0,0,0,0
348,1317,The Privacy Rama 9,13.74415708,100.6035553,id_1317.shp,0,1,0,0,0,0,0,0,0,0,0,0,0,0,0,3,0,0,0,1,0,0,0,0,0,0,0,0,0,4,1,0,0,1,0,0,0,2,0,0,0,0
349,1318,The Privacy Ratchada - Sutthisan,13.78922975,100.58939,id_1318.shp,0,1,0,0,0,0,0,0,0,1,0,0,0,0,0,1,0,0,0,0,0,0,0,1,0,0,0,0,0,13,6,0,0,0,0,1,0,5,0,0,0,0
350,1319,The Privacy Taopoon Interchange,13.81176858,100.5326684,id_1319.shp,0,0,0,0,0,0,0,0,0,0,0,0,0,0,0,1,0,0,0,0,0,0,0,1,0,0,0,0,0,5,4,0,1,0,0,0,0,2,0,0,0,0
351,132,Baanruenrom Bangna,13.670195,100.6429464,id_132.shp,0,0,0,0,0,0,0,0,0,2,0,0,0,0,0,0,1,0,0,0,0,0,0,1,0,0,0,0,0,4,1,0,0,2,1,0,0,2,3,0,0,0
352,1320,The Privacy Thaphra Interchange,13.73144749,100.4725039,id_1320.shp,0,0,0,0,0,0,0,0,0,0,0,0,0,0,0,3,3,0,0,0,0,0,0,0,0,0,0,0,0,6,5,1,1,0,0,0,0,2,0,0,0,0
353,1321,The Private Residence Rajdamri,13.7354879,100.5404591,id_1321.shp,0,2,0,0,0,0,0,0,0,0,0,0,0,0,1,1,0,0,0,0,0,2,1,16,2,0,0,0,11,16,2,1,0,2,3,16,0,77,4,0,0,0
354,1322,The Prive Ratchadapisek 19,13.7958671,100.5645194,id_1322.shp,0,3,0,0,0,0,0,0,0,1,0,0,0,0,0,1,0,0,0,0,0,0,0,1,0,0,0,0,0,5,2,0,0,0,0,0,1,6,0,0,0,0
355,1323,The Prodigy Condo MRT Bangkhae,13.7131506,100.4264737,id_1323.shp,0,1,0,0,0,0,0,0,0,0,0,0,0,0,0,0,1,0,0,0,0,0,0,0,0,0,0,0,0,2,4,0,0,2,0,0,0,1,0,0,0,0
356,1324,The Prop Condominium,13.8961376,100.5658864,id_1324.shp,0,0,0,0,0,0,0,0,0,0,0,0,0,0,0,1,0,0,0,0,0,0,0,0,0,0,0,0,1,3,1,0,0,1,0,2,0,2,0,0,0,0
357,1325,The Raffles,13.8014809,100.5812798,id_1325.shp,0,2,0,0,0,0,0,0,0,1,1,0,0,0,0,0,0,0,0,0,0,0,0,0,1,0,0,0,1,3,7,0,0,0,0,1,0,4,1,0,0,0
358,1326,The Rajdamri,13.7398117,100.5411494,id_1326.shp,0,1,0,0,0,0,0,1,0,0,1,0,0,0,3,5,1,0,0,1,2,7,0,35,2,0,0,0,4,10,2,0,0,1,7,11,1,75,3,0,0,0
359,1327,The Remarkable Soonvijai 2,13.748368,100.5870372,id_1327.shp,0,0,0,0,0,0,0,0,0,0,0,0,0,0,0,1,1,0,0,3,0,0,0,3,0,0,0,0,0,5,2,0,1,2,0,1,0,2,1,0,0,0
360,1328,The Reserve - Kasemsan 3,13.7490642,100.5267774,id_1328.shp,0,0,0,1,0,0,0,2,0,1,0,0,0,0,1,7,4,0,0,0,0,0,0,16,0,0,0,0,2,23,5,1,1,0,7,10,0,74,0,0,0,0
361,1329,The Reserve 61 Hideaway,13.7295904,100.584314,id_1329.shp,0,0,0,0,0,0,0,0,0,1,0,0,0,0,1,3,0,0,0,0,5,17,0,46,3,0,0,0,2,13,5,0,0,0,5,24,0,91,7,0,0,0
362,133,Bang Ao Riverside,13.8040438,100.5137742,id_133.shp,0,0,1,0,0,0,0,0,0,0,0,0,0,0,0,1,1,0,0,0,0,0,0,3,0,0,0,0,0,4,4,0,0,0,0,0,0,5,0,0,0,0
363,1330,The Reserve Phahol - Pradipat,13.7902213,100.5474665,id_1330.shp,0,2,0,0,0,1,0,1,0,6,0,0,0,0,0,5,1,0,0,2,0,0,0,9,0,0,0,0,1,9,4,0,0,2,0,2,0,28,2,0,0,0
364,1331,The Reserve Sathorn,13.7223938,100.5368877,id_1331.shp,0,1,0,0,0,0,0,0,0,4,0,0,0,0,0,3,1,0,0,1,0,1,0,31,0,0,0,0,13,23,3,1,0,1,0,30,1,110,7,0,0,0
365,1332,The Residences At Mandarin Oriental,13.7277746,100.5109658,id_1332.shp,0,0,0,0,0,0,1,2,0,3,0,0,0,0,1,5,3,0,1,1,2,0,0,12,1,0,0,0,1,10,10,0,1,2,1,10,0,47,4,0,0,0
366,1333,The Residences at Sindhorn Kempinski Hotel Bangkok,13.7359391,100.5435275,id_1333.shp,0,0,0,0,0,0,0,1,0,10,1,0,0,0,0,4,1,0,0,0,0,0,0,13,1,0,0,0,5,8,2,0,0,2,5,15,1,71,2,0,0,0
367,1334,The Residences at The St. Regis Bangkok,13.7217484,100.541245,id_1334.shp,0,0,0,0,0,0,0,0,0,1,0,0,0,0,0,3,1,0,0,0,0,0,1,18,0,0,0,0,3,11,3,1,0,1,1,6,0,85,3,0,0,0
368,1335,The Rich Rama 9-Srinakarin,13.73736838,100.6429532,id_1335.shp,0,0,1,0,0,0,0,0,0,2,1,0,0,0,0,0,1,0,0,1,0,0,0,0,0,0,0,0,0,4,2,0,0,0,0,0,0,5,0,0,0,0
369,1336,The Rich Sathorn Taksin,13.7198477,100.4934518,id_1336.shp,0,1,0,0,0,0,0,0,0,0,0,0,0,0,0,8,0,0,0,0,0,0,0,0,0,0,0,0,0,18,8,0,1,1,1,0,0,6,2,0,0,0
370,1337,The Rise Sukhumvit 39,13.7356405,100.5732369,id_1337.shp,0,1,0,0,0,0,0,2,0,5,0,0,0,0,1,2,0,0,0,1,1,2,0,9,1,0,0,0,4,19,2,0,0,0,4,39,1,126,6,0,0,0
371,1338,The Ritz - Carlton Residences at MahaNakhon,13.7236714,100.5279916,id_1338.shp,3,0,1,0,0,0,0,2,0,23,0,0,0,0,2,8,2,0,0,0,0,9,0,35,2,0,0,0,4,29,10,2,1,4,0,25,1,104,4,0,0,0
372,1339,The River,13.7210569,100.5108409,id_1339.shp,0,0,0,0,0,0,0,0,0,1,0,0,0,0,0,6,3,0,0,0,1,1,0,19,2,0,0,0,1,16,12,0,0,1,2,6,0,33,3,0,0,0
373,134,Bangkhae Condotown,13.7131257,100.4221137,id_134.shp,0,1,0,0,0,0,0,0,0,0,0,0,0,0,0,0,1,0,0,0,0,0,0,0,0,0,0,0,0,2,4,0,0,0,0,0,0,2,0,0,0,0
374,1340,The River Side,13.70524299,100.4910852,id_1340.shp,0,0,1,0,0,0,1,0,0,5,0,0,0,0,0,1,1,0,0,0,0,0,0,0,0,0,0,0,0,12,5,0,0,2,0,0,0,2,0,0,0,0
375,1341,The Roof Garden On Nut,13.7025322,100.593961,id_1341.shp,0,0,0,0,0,0,0,0,0,0,1,0,0,0,0,0,2,0,0,0,0,0,0,1,0,0,0,0,1,7,5,0,1,0,0,3,0,7,2,0,0,0
376,1342,The Room BTS Wongwian Yai,13.7205699,100.4949683,id_1342.shp,0,2,0,0,0,0,0,0,0,0,0,0,0,0,0,5,0,0,0,0,0,0,0,0,0,0,0,0,0,18,6,0,0,1,1,0,0,8,2,0,0,0
377,1343,The Room Charoenkrung 30,13.72868874,100.5156127,id_1343.shp,0,2,0,0,0,0,0,0,0,5,0,0,0,0,1,3,6,0,1,0,1,7,0,15,1,0,0,0,2,22,9,1,2,3,2,8,0,69,3,0,0,0
378,1344,The Room Phayathai,13.75710892,100.5410589,id_1344.shp,0,0,0,0,0,0,0,0,0,1,0,0,0,0,0,4,2,0,0,1,1,0,0,9,0,0,0,0,5,31,4,0,1,2,2,2,1,43,1,0,0,0
379,1345,The Room Rama 4,13.73644285,100.5210696,id_1345.shp,0,1,0,0,0,0,0,0,0,1,0,0,0,0,0,5,2,0,0,0,0,0,0,26,0,0,0,0,6,19,10,0,3,2,0,17,0,124,4,0,0,0
380,1346,The Room Ratchada - Ladprao,13.80287158,100.5764097,id_1346.shp,0,2,0,0,0,0,0,0,0,1,0,0,0,0,1,3,0,0,0,0,0,1,0,1,2,0,0,0,0,7,3,0,0,0,0,0,0,7,1,0,0,0
381,1347,The Room Sathorn - St.Louis,13.70747084,100.5263921,id_1347.shp,0,1,0,0,1,0,0,0,0,0,0,0,0,0,1,1,2,0,0,0,1,0,0,2,2,0,0,0,1,9,9,0,0,0,1,0,0,11,1,0,0,0
382,1348,The Room Sathorn - Taksin,13.7177285,100.483488,id_1348.shp,0,2,1,0,0,0,0,0,0,0,0,0,0,0,0,2,3,0,0,0,0,0,0,1,0,0,0,0,0,17,7,0,2,3,1,0,0,2,0,0,0,0
383,1349,The room Sathorn - TanonPun,13.7223959,100.5234961,id_1349.shp,0,0,1,0,0,0,0,0,0,9,0,0,0,0,1,8,5,1,0,1,0,5,0,22,1,0,0,0,6,22,12,1,1,2,0,20,0,97,3,0,0,0
384,135,Bangkhunnon Rimnam,13.777224,100.458625,id_135.shp,0,0,0,0,0,0,0,0,0,0,0,0,0,0,0,0,2,0,1,0,0,0,0,0,0,0,0,0,0,0,3,0,0,0,0,0,0,0,0,0,0,0
385,1350,The Room Sukhumvit 21,13.74377353,100.5613988,id_1350.shp,0,5,0,0,0,0,0,1,0,11,0,0,0,0,2,12,1,1,0,2,0,3,0,22,0,0,0,0,2,47,4,0,0,2,3,97,0,134,2,0,0,0
386,1351,The Room Sukhumvit 38,13.716981,100.5799882,id_1351.shp,0,0,1,0,0,0,0,0,0,0,0,0,0,0,0,2,2,0,0,1,0,0,0,4,0,0,0,0,1,14,7,1,0,2,2,7,0,58,2,0,0,0
387,1352,The Room Sukhumvit 62,13.6900006,100.6077129,id_1352.shp,0,0,1,0,0,0,0,0,0,0,0,0,0,0,0,1,0,0,0,0,0,0,0,1,0,0,0,0,0,4,3,0,0,1,0,0,0,6,0,0,0,0
388,1353,The Room Sukhumvit 64,13.6862001,100.6049005,id_1353.shp,0,0,0,0,0,0,0,0,0,0,0,0,0,0,0,1,2,0,0,0,0,0,0,0,0,0,0,0,0,2,0,0,0,1,0,0,0,6,0,0,0,0
389,1354,The Room Sukhumvit 69,13.7145187,100.5929339,id_1354.shp,2,1,0,0,0,0,0,4,0,16,2,0,0,0,0,7,2,0,0,0,0,0,0,4,0,0,0,0,0,12,4,0,0,2,1,1,0,30,0,0,0,0
390,1355,The Room Sukhumvit 79,13.7080403,100.6016776,id_1355.shp,0,1,0,0,0,0,0,0,0,1,1,0,0,0,1,7,1,0,0,0,0,3,0,7,1,0,0,0,0,12,5,0,1,0,0,0,0,11,1,0,0,0
391,1356,The Royal Maneeya,13.7425892,100.5416925,id_1356.shp,1,1,1,0,0,0,2,4,0,5,0,0,0,0,2,4,0,0,0,1,3,8,0,32,4,0,0,0,6,17,1,0,0,0,7,7,0,88,2,0,0,0
392,1357,The Royal Navin Tower,13.7149786,100.5533441,id_1357.shp,0,0,0,0,0,0,0,0,0,2,0,0,0,0,0,1,2,0,0,0,0,0,0,1,0,0,0,0,0,4,3,0,0,1,0,4,0,26,1,0,0,0
393,1358,The Saint Residences,13.8114673,100.5608637,id_1358.shp,0,2,1,1,0,0,0,0,0,0,0,0,0,0,0,5,0,0,0,0,1,2,0,5,1,0,0,0,0,4,1,0,0,0,1,0,2,5,2,0,0,0
394,1359,The Seed Memories Siam,13.7478805,100.5282783,id_1359.shp,0,2,0,0,0,0,0,2,0,5,0,0,0,0,1,7,3,1,0,0,3,0,0,20,0,0,0,0,2,22,7,1,1,0,4,10,0,68,0,0,0,0
395,136,Bangkok Feliz @ Krungthonburi Station,13.7223259,100.5043027,id_136.shp,0,1,0,0,0,0,0,0,0,1,0,0,0,0,0,4,1,0,0,0,0,0,0,4,3,0,0,0,1,15,4,0,0,0,3,1,0,21,2,0,0,0
396,1360,The Seed Mingle,13.719647,100.5393711,id_1360.shp,0,1,0,0,0,0,0,0,0,3,0,0,0,0,0,2,0,0,0,0,0,0,1,13,0,0,0,0,3,10,4,1,0,1,0,4,0,59,0,0,0,0
397,1361,The Seed Musee,13.7253983,100.5709905,id_1361.shp,0,1,1,0,0,0,0,0,0,4,0,0,0,0,2,6,2,0,0,0,0,7,0,31,2,0,0,0,5,16,3,0,0,0,4,15,1,82,6,0,0,0
398,1362,The Seed Phaholyothin,13.7868902,100.5478426,id_1362.shp,0,2,0,0,0,0,0,0,0,3,0,0,0,0,0,5,1,0,0,3,0,1,0,17,1,0,0,0,4,10,4,0,1,2,0,3,0,38,2,0,0,0
399,1363,The Seed Sathorn - Taksin,13.7234649,100.4963258,id_1363.shp,0,0,0,0,0,0,0,0,0,1,0,0,0,0,0,7,1,0,0,0,1,0,0,4,1,0,0,0,0,17,4,0,0,1,0,0,0,6,1,0,0,0
400,1364,The Seed Terre Ratchayothin,13.8303234,100.5697366,id_1364.shp,0,2,0,0,0,0,0,0,0,0,0,0,0,0,0,2,1,0,0,0,0,1,0,12,1,0,0,0,0,1,3,0,0,1,0,0,0,3,0,0,0,0
401,1365,The Selected Kaset - Ngamwongwan by L.P.N.,13.8456344,100.5645427,id_1365.shp,0,1,0,0,0,0,0,0,0,0,0,0,0,0,0,3,1,1,0,1,0,4,0,3,1,0,0,0,1,6,3,0,0,0,0,0,0,14,0,0,0,0
402,1366,The Series Udomsuk,13.67995079,100.6243501,id_1366.shp,0,0,0,0,0,0,0,0,0,0,0,0,0,0,0,1,1,0,0,0,0,0,0,0,0,0,0,0,0,1,3,0,0,0,0,0,0,1,0,0,0,0
403,1367,The Signature by URBANO,13.79296999,100.5483123,id_1367.shp,0,2,0,0,0,2,0,0,0,0,0,0,0,0,0,4,2,0,0,1,0,1,0,10,0,0,0,0,1,9,1,0,0,2,0,3,0,23,3,0,0,0
404,1368,The Signature Residence,13.7812669,100.5433865,id_1368.shp,0,2,0,0,1,0,0,0,0,17,0,0,0,0,3,1,1,0,0,2,0,2,0,23,2,0,0,0,0,5,3,0,0,1,0,1,0,20,0,0,0,0
405,1369,The Silk Phaholyothin - Aree 2,13.7793826,100.5414484,id_1369.shp,0,0,1,0,1,0,0,0,0,1,0,0,0,0,3,2,1,0,0,0,0,2,0,38,1,0,0,0,0,5,2,1,0,4,0,1,0,17,1,0,0,0
406,137,Bangkok Feliz Bangkae Station,13.7108229,100.4198198,id_137.shp,0,0,0,0,0,0,0,0,0,0,0,0,0,0,0,2,0,0,0,0,0,0,0,0,0,0,0,0,0,1,6,0,0,0,0,0,0,2,0,0,0,0
407,1370,The Silk Phaholyothin 3,13.7740277,100.541475,id_1370.shp,0,0,0,0,0,0,0,0,0,1,0,0,0,0,0,0,2,1,0,1,0,0,0,4,0,0,0,0,3,4,1,0,1,1,0,2,0,46,1,0,0,0
408,1371,The Sky Sukhumvit,13.6751486,100.6113672,id_1371.shp,0,0,0,0,0,0,0,0,0,0,0,0,0,0,0,1,1,0,0,0,0,0,0,1,0,0,0,0,0,6,3,0,0,0,0,0,0,5,1,0,0,0
409,1372,The Spirit Srinakarin,13.6748516,100.6477917,id_1372.shp,0,0,0,0,0,0,0,0,0,0,0,0,0,0,0,0,0,0,0,1,0,0,0,1,0,0,0,0,0,4,2,0,0,0,0,0,0,2,1,0,0,0
410,1373,The Stage Taopoon Interchange,13.8055791,100.5262873,id_1373.shp,0,0,1,0,0,0,0,0,0,0,0,0,0,0,0,0,0,0,0,1,1,0,0,0,0,0,0,0,0,3,4,0,0,0,0,0,0,5,0,0,0,0
411,1374,The Star Estate @ Narathiwas,13.6967683,100.5441358,id_1374.shp,0,0,0,0,0,0,0,0,0,1,0,0,0,0,0,1,1,0,1,0,0,0,0,3,0,0,0,0,2,2,2,0,0,0,0,0,0,28,2,0,0,0
412,1375,The Star Estate @ Rama 3,13.674797,100.5349288,id_1375.shp,0,0,1,0,0,0,0,0,0,2,0,0,0,0,0,0,1,0,0,0,0,0,0,1,0,0,0,0,0,1,2,0,0,0,0,0,0,3,0,0,0,0
413,1376,The Station Sathorn - Bangrak,13.7131949,100.5142019,id_1376.shp,0,1,0,0,0,0,0,0,0,1,0,0,0,0,0,5,7,0,0,0,0,0,0,4,1,0,0,0,0,16,8,0,0,0,2,3,0,32,2,0,0,0
414,1377,The Strand Thonglor,13.7242169,100.5796467,id_1377.shp,1,5,0,0,0,0,0,2,0,8,0,0,0,0,2,2,1,0,0,0,1,4,0,23,3,0,0,0,3,6,8,0,0,0,6,20,0,109,8,0,0,0
415,1378,The Surawong,13.7292196,100.5286427,id_1378.shp,0,2,1,0,0,0,0,5,0,19,0,0,0,0,5,14,1,0,0,1,0,18,1,46,5,0,0,0,15,29,5,2,1,2,0,16,0,171,6,0,0,0
416,1379,The Teak Bangna - Trad,13.6705784,100.6245709,id_1379.shp,0,0,0,0,0,0,0,0,0,0,0,0,0,0,0,0,0,0,0,0,0,0,0,1,0,0,0,0,0,3,4,0,0,0,0,0,0,5,0,0,0,0
417,138,Bangkok Feliz Major Ratchayothin,13.8292797,100.5701555,id_138.shp,0,2,0,0,0,0,0,0,0,2,0,0,0,0,0,2,0,0,0,0,0,1,0,10,1,0,0,0,0,1,4,0,0,1,0,0,0,4,0,0,0,0
418,1380,The Teak Ratchada 19,13.7988648,100.5738796,id_1380.shp,1,0,2,0,0,0,0,0,0,2,0,0,0,0,0,2,0,0,0,0,0,1,0,3,0,0,0,0,0,9,2,0,0,0,0,0,0,11,2,0,0,0
419,1381,The Teak Sathorn - Lumpini,13.7182253,100.5510078,id_1381.shp,0,1,0,0,0,0,0,0,0,2,0,0,0,0,0,1,1,0,0,0,0,2,0,8,0,0,0,0,2,7,6,0,0,2,1,2,1,47,0,0,0,0
420,1382,The Teak Sukhumvit 39,13.7407022,100.573559,id_1382.shp,0,1,0,0,0,0,0,0,0,1,0,0,0,0,0,2,0,0,0,0,0,3,0,5,1,0,0,0,1,11,5,1,0,1,2,11,0,52,2,0,0,0
421,1383,The Tempo Grand Sathorn - Wutthakat,13.7128036,100.4678668,id_1383.shp,0,2,1,0,0,0,0,0,0,0,0,0,0,0,0,1,1,0,0,0,0,0,0,0,0,0,0,0,0,5,10,0,0,0,0,0,0,6,0,0,0,0
422,1384,The Tempo Phaholyothin,13.7760393,100.5447044,id_1384.shp,0,0,1,0,0,0,0,0,0,1,0,0,0,0,3,0,1,0,1,0,0,2,0,16,1,0,0,0,0,4,2,1,0,4,0,0,0,32,1,0,0,0
423,1385,The Tempo Ratchada,13.7792026,100.5756636,id_1385.shp,0,1,0,0,0,0,0,0,0,0,0,0,0,0,2,7,2,0,1,0,0,2,0,5,0,0,0,0,0,14,4,0,0,0,0,4,0,14,2,0,0,0
424,1386,The Tempo Ruamrudee,13.7392675,100.5506248,id_1386.shp,0,0,0,0,0,0,0,2,0,8,0,0,0,0,2,9,1,0,0,0,0,35,0,36,2,0,0,0,3,27,2,0,0,1,5,40,0,130,5,0,0,0
425,1387,The Treasure Silom,13.7237344,100.5234529,id_1387.shp,0,2,0,0,0,0,0,0,0,13,0,0,0,0,2,4,4,1,0,1,0,5,0,18,1,0,0,0,7,33,17,1,1,3,0,20,0,117,3,0,0,0
426,1388,The Tree Bang Po Station,13.8081094,100.5221098,id_1388.shp,0,1,0,0,0,1,0,0,0,0,0,0,0,0,0,0,1,0,0,0,1,0,0,2,0,0,0,0,0,1,7,0,0,0,0,0,0,3,0,0,0,0
427,1389,The Tree Charan Bang Phlat,13.8002112,100.5074966,id_1389.shp,0,0,0,0,0,0,0,0,0,0,0,0,0,0,0,4,2,0,0,0,0,0,0,2,0,0,0,0,0,0,3,0,1,0,0,0,0,6,0,0,0,0
428,139,Bangkok Feliz Sathorn - Taksin,13.7218616,100.5048338,id_139.shp,0,1,0,0,0,0,0,0,0,1,0,0,0,0,0,5,0,0,0,0,1,0,0,6,3,0,0,0,1,12,7,0,0,0,2,1,0,19,2,0,0,0
429,1390,The Tree Charansanitwong 30,13.7587398,100.4696572,id_1390.shp,0,3,0,0,0,0,0,0,0,1,0,0,0,0,0,2,0,0,0,1,0,0,0,0,0,0,0,0,0,12,9,0,0,0,0,0,0,1,1,0,0,0
430,1391,The Tree Condo Ladprao,13.8044943,100.5906353,id_1391.shp,0,0,1,0,0,0,0,0,0,0,0,0,0,0,0,0,2,0,0,0,0,0,0,1,0,0,0,0,0,8,3,0,0,1,0,1,0,1,1,0,0,0
431,1392,The Tree Interchange,13.8055102,100.5252806,id_1392.shp,0,0,1,0,0,0,1,0,0,0,0,0,0,0,0,1,1,0,0,1,0,0,0,1,0,0,0,0,0,2,1,0,0,0,0,0,0,3,0,0,0,0
432,1393,THE TREE Ladprao 15,13.8154156,100.572227,id_1393.shp,0,0,0,0,0,0,0,0,0,0,0,0,0,0,0,1,0,0,0,0,0,0,0,0,0,0,0,0,0,11,1,1,0,0,0,0,0,15,2,0,0,0
433,1394,The Tree Onnut Station,13.701763,100.6002727,id_1394.shp,0,0,0,0,0,0,0,0,0,0,0,0,0,0,1,5,1,0,1,0,0,2,0,4,1,0,0,0,0,9,5,0,0,1,0,1,0,6,2,0,0,0
434,1395,The Tree Privata,13.80085432,100.5197843,id_1395.shp,0,0,0,0,0,0,0,0,0,0,0,0,0,0,0,0,2,0,0,0,0,0,0,1,0,0,0,0,0,4,4,0,0,1,1,0,0,7,0,0,0,0
435,1396,The Tree RIO,13.8002112,100.5074966,id_1396.shp,0,0,0,0,0,0,0,0,0,0,0,0,0,0,0,4,2,0,0,0,0,0,0,2,0,0,0,0,0,0,3,0,1,0,0,0,0,6,0,0,0,0
436,1397,The Tree Sukhumvit 64,13.6869077,100.606809,id_1397.shp,0,0,1,0,0,0,0,0,0,0,0,0,0,0,0,1,0,0,0,0,0,0,0,2,0,0,0,0,1,2,2,0,0,1,0,0,0,4,0,0,0,0
437,1398,The Tree Sukhumvit 71 - Ekamai,13.7407572,100.599806,id_1398.shp,0,1,0,0,0,0,0,0,0,0,0,0,0,0,0,5,0,0,0,0,0,0,0,0,0,0,0,0,0,4,3,0,0,3,0,1,0,5,0,0,0,0
438,1399,The Trendy Condominium,13.741023,100.5576678,id_1399.shp,0,8,0,0,0,0,0,7,0,19,0,0,0,0,2,17,0,0,0,0,3,54,0,68,2,0,0,0,4,42,3,1,0,3,0,47,0,101,2,0,0,0
439,14,59 Heritage,13.7244706,100.5818074,id_14.shp,0,0,1,0,0,0,0,1,0,2,0,0,0,0,2,7,0,0,0,0,4,6,0,40,4,0,0,0,4,7,8,0,0,1,2,25,0,95,5,0,0,0
440,140,Bangkok Feliz Sukhumvit 69,13.715547,100.5920347,id_140.shp,2,0,0,0,0,0,0,0,0,6,2,0,0,0,0,6,1,0,0,0,0,4,0,15,0,0,0,0,0,12,6,0,0,2,1,1,0,25,0,0,0,0
441,1400,The Trio Garden,13.7004049,100.6452083,id_1400.shp,0,0,0,0,0,0,0,0,0,0,0,0,0,0,0,0,0,1,0,0,0,0,0,0,0,0,0,0,0,6,3,0,0,0,1,0,0,2,0,0,0,0
442,1401,The Trust Residence Nuanchan,13.831272,100.6372618,id_1401.shp,0,1,0,0,0,0,0,0,0,0,0,0,0,0,0,1,0,0,0,0,0,0,0,0,0,0,0,0,0,4,1,0,0,0,0,0,0,1,0,0,0,0
443,1402,The Trust Residence Pinklao,13.7854311,100.4697343,id_1402.shp,0,1,0,0,0,0,0,0,0,0,0,0,0,0,0,1,2,0,0,1,0,2,0,4,0,0,0,0,0,1,3,0,0,1,0,0,0,1,1,0,0,0
444,1403,The Trust Residence Ratchada - Rama 3,13.694492,100.5360132,id_1403.shp,1,0,0,0,0,0,0,0,0,0,0,0,0,0,1,0,1,0,0,0,0,0,0,25,1,0,0,0,0,7,7,0,1,0,0,0,0,14,1,0,0,0
445,1404,The Unique 19,13.8018267,100.5722311,id_1404.shp,0,0,0,0,0,0,0,0,0,0,0,0,0,0,1,2,1,0,0,0,0,1,0,5,0,0,0,0,0,13,2,0,0,0,0,0,0,6,2,0,0,0
446,1405,The unique Kaset Nawamin,13.8323682,100.6254352,id_1405.shp,0,0,0,0,0,0,0,0,0,0,0,0,0,0,0,0,2,0,0,0,0,0,0,0,0,0,0,0,0,1,0,0,0,0,0,0,0,1,0,0,0,0
447,1406,The Unique Ladprao 10,13.8089455,100.5653831,id_1406.shp,0,0,0,0,0,0,0,0,0,1,0,0,0,0,0,4,0,1,0,0,0,1,0,2,0,0,0,0,0,10,2,0,0,0,2,1,2,9,3,0,0,0
448,1407,The Unique Ladprao 26,13.8056096,100.5730914,id_1407.shp,0,1,0,0,0,0,0,0,0,1,1,0,0,0,0,6,0,0,0,0,0,1,0,1,0,0,0,0,1,6,3,0,0,0,0,0,0,9,1,0,0,0
449,1408,The Unique Ratchada 19,13.8018267,100.5722311,id_1408.shp,0,0,0,0,0,0,0,0,0,0,0,0,0,0,1,2,1,0,0,0,0,1,0,5,0,0,0,0,0,13,2,0,0,0,0,0,0,6,2,0,0,0
450,1409,The Unique Sukhumvit 62/1,13.6919108,100.6032697,id_1409.shp,0,0,0,0,0,0,0,0,0,0,0,0,0,0,0,0,0,0,0,1,0,0,0,0,0,0,0,0,0,6,5,0,0,0,0,0,0,2,0,0,0,0
451,141,Bangkok Feliz Vibhavadi 30,13.8231767,100.5629152,id_141.shp,0,0,0,0,0,0,0,0,0,0,0,0,0,0,0,1,1,0,0,0,0,0,0,1,0,0,0,0,0,8,1,0,1,0,1,1,0,17,3,0,0,0
452,1410,The Vertical Aree,13.7786009,100.5424045,id_1410.shp,0,0,1,0,1,0,0,0,0,3,0,0,0,0,3,2,1,0,0,0,0,2,0,34,1,0,0,0,0,4,2,1,0,3,0,1,0,19,1,0,0,0
453,1411,The Village Condominium,13.6684562,100.6169284,id_1411.shp,0,0,0,0,0,0,0,0,0,0,0,0,0,0,0,1,1,0,0,0,0,0,0,3,1,0,0,0,0,0,1,0,0,0,0,0,0,2,0,0,0,0
454,1412,The Viva Condo Petchkasem 68,13.7120936,100.4167132,id_1412.shp,0,1,0,0,0,0,0,0,0,0,0,0,0,0,0,0,1,0,0,0,0,0,0,1,0,0,0,0,0,2,2,0,0,0,0,0,0,1,0,0,0,0
455,1413,The Waterford Diamond,13.7267046,100.573286,id_1413.shp,2,0,0,0,0,0,0,2,0,11,1,0,0,0,2,7,2,0,0,0,0,3,0,25,2,0,0,0,4,18,5,0,0,1,5,15,1,88,7,0,0,0
456,1414,The Waterford Park Sukhumvit 53,13.7308304,100.5782788,id_1414.shp,0,0,0,0,0,0,0,0,0,5,0,0,0,0,1,3,0,0,0,1,3,19,0,47,4,0,0,0,8,21,2,0,0,0,7,26,0,105,8,0,0,0
457,1415,The Waterford Rama 4,13.7083618,100.592771,id_1415.shp,0,1,0,0,0,0,0,0,0,0,0,0,0,0,0,0,1,0,0,0,0,0,0,2,0,0,0,0,2,13,5,0,1,1,0,7,0,28,5,0,0,0
458,1416,The Waterford Royal Suit Senanikom,13.8332338,100.578915,id_1416.shp,0,1,0,0,0,0,0,0,0,4,0,0,0,0,0,0,1,0,0,0,0,0,0,1,0,0,0,0,0,4,1,0,0,1,0,4,0,13,0,0,0,0
459,1417,The Waterford Sukhumvit 50,13.7067861,100.5930425,id_1417.shp,0,0,0,0,0,0,0,0,0,1,0,0,0,0,0,1,2,0,0,0,0,0,0,0,0,0,0,0,2,13,3,0,0,1,0,7,0,26,5,0,0,0
460,1419,The Winning Tower,13.7313662,100.5980384,id_1419.shp,0,1,0,0,0,0,0,0,0,2,0,0,0,0,0,4,3,0,0,0,0,1,0,4,0,0,0,0,0,2,4,0,0,0,0,1,0,5,0,0,0,0
461,142,Bangkok Garden,13.7016142,100.5359646,id_142.shp,0,1,1,0,0,0,0,0,0,1,0,0,0,0,0,0,3,0,0,0,0,0,0,29,1,0,0,0,2,7,6,0,1,1,0,0,0,11,1,0,0,0
462,1420,The XXXIX by Sansiri,13.7323769,100.5705673,id_1420.shp,0,1,0,0,0,0,1,0,0,2,0,0,0,0,2,10,0,0,0,0,2,12,1,35,2,0,0,0,5,21,5,0,0,1,1,30,0,111,4,0,0,0
463,1421,The Zest Ladprao,13.8103253,100.5671253,id_1421.shp,0,1,0,0,0,0,0,0,0,2,0,0,0,0,0,6,0,0,0,0,0,1,0,1,0,0,0,0,0,7,2,1,0,0,2,1,0,9,4,0,0,0
464,1422,Thepleela Condo Town,13.766004,100.6123156,id_1422.shp,0,0,0,0,0,0,0,0,0,0,0,0,0,0,0,0,2,0,0,0,0,0,0,0,0,0,0,0,1,5,3,0,1,2,0,1,0,4,2,0,0,0
465,1423,Thew River Place,13.7770327,100.4974391,id_1423.shp,0,0,1,0,0,0,0,0,0,0,0,0,0,0,0,0,3,0,0,0,0,0,0,0,0,0,0,0,0,6,15,2,0,0,0,1,2,4,0,0,0,0
466,1424,Thonglor Tower,13.736348,100.583045,id_1424.shp,1,3,0,0,0,0,1,2,0,11,0,0,0,0,0,2,0,0,0,1,2,21,0,37,1,0,0,0,2,7,3,0,1,2,4,12,0,41,4,0,0,0
467,1425,Thru Thonglor,13.7441683,100.585446,id_1425.shp,0,0,0,0,0,1,0,0,0,0,0,0,0,0,0,2,1,0,1,1,0,1,0,3,0,0,0,0,1,5,4,0,0,3,1,2,0,8,1,0,0,0
468,1426,Tidy Deluxe Sukhumvit 34,13.7250602,100.5748029,id_1426.shp,2,0,1,0,0,0,0,0,0,6,1,0,0,0,2,6,1,0,0,0,0,4,0,23,1,0,0,0,3,16,3,0,0,0,4,14,0,90,9,0,0,0
469,1427,Tidy Thonglor,13.7357179,100.5815031,id_1427.shp,0,2,0,0,0,0,1,2,0,12,1,0,0,0,1,2,0,0,0,1,2,21,0,37,0,0,0,0,2,8,2,0,1,2,4,13,0,43,4,0,0,0
470,1428,Top View Tower,13.7247277,100.5817776,id_1428.shp,0,0,1,0,0,0,0,1,0,3,0,0,0,0,2,7,0,0,0,0,3,6,0,43,4,0,0,0,4,7,8,0,0,1,3,27,0,95,5,0,0,0
471,1429,Totnes Kaset - Nawamin,13.8317985,100.6209159,id_1429.shp,0,0,0,0,0,0,0,0,0,0,0,0,0,0,0,0,0,0,0,0,0,0,0,0,0,0,0,0,0,0,3,0,0,0,0,0,0,7,0,0,0,0
472,143,Bangkok Horizon P 48,13.7157169,100.44563,id_143.shp,0,4,0,0,0,0,0,0,0,6,0,0,0,0,0,4,1,0,0,0,0,1,0,4,0,0,0,0,0,11,5,1,1,0,0,3,0,6,1,0,0,0
473,1430,Tourmaline Gold Sathorn - Taksin,13.7227571,100.5020421,id_1430.shp,0,0,0,0,0,0,0,0,0,1,0,0,0,0,0,6,1,0,0,0,0,0,0,2,2,0,0,0,0,15,4,0,0,0,2,0,0,23,3,0,0,0
474,1431,Tower Park,13.74776,100.555163,id_1431.shp,0,2,0,0,0,0,0,0,0,0,0,0,0,0,0,9,3,0,0,1,0,11,0,28,0,0,0,0,4,29,1,0,0,2,0,54,0,77,2,0,0,0
475,1432,Town Plus Kaset-Navamin,13.8207474,100.6366318,id_1432.shp,0,0,0,0,0,0,0,0,0,0,0,0,0,0,0,0,2,0,0,0,0,1,0,0,0,0,0,0,0,2,1,0,0,1,0,0,0,2,2,0,0,0
476,1433,Trapezo Sukhumvit 16,13.7257848,100.5619664,id_1433.shp,0,1,0,0,0,0,0,1,0,3,0,0,0,0,0,2,3,0,0,0,0,1,0,9,0,0,0,0,2,25,2,0,0,2,2,20,2,89,1,0,0,0
477,1434,Tree Condo Ekamai,13.7161658,100.5830311,id_1434.shp,0,0,0,0,0,0,0,0,0,2,0,0,0,0,0,6,3,0,0,0,1,1,0,17,0,0,0,0,0,7,6,1,1,3,1,5,0,36,3,0,0,0
478,1435,Tree Condo Ladprao 27,13.8043938,100.5782177,id_1435.shp,0,2,0,0,0,0,0,0,0,1,0,0,0,0,0,2,0,0,0,0,0,0,0,1,2,0,0,0,1,7,2,0,0,0,0,1,0,5,1,0,0,0
479,1436,Tree Condo Sukhumvit 42,13.7151258,100.5877522,id_1436.shp,0,0,0,0,0,1,0,0,0,1,0,0,0,0,0,7,1,0,0,1,1,0,0,19,2,0,0,0,2,10,9,1,1,0,1,7,0,37,1,0,0,0
480,1437,Tree Condo Sukhumvit 50,13.7044495,100.5994861,id_1437.shp,0,2,0,0,0,0,0,2,0,3,0,0,0,0,1,3,0,0,1,0,0,1,0,2,3,0,0,0,0,14,6,0,0,0,0,0,0,9,0,0,0,0
481,1438,Tree Condo Sukhumvit 52,13.70280487,100.6004277,id_1438.shp,0,2,0,0,1,0,0,0,0,0,0,0,0,0,1,4,1,0,0,0,0,3,0,5,2,0,0,0,0,11,5,0,0,0,0,0,0,6,1,0,0,0
482,1439,Tree Condo LUXE Sukhumvit 52,13.7024654,100.600148,id_1439.shp,0,1,0,0,0,0,0,0,0,0,0,0,0,0,1,5,1,0,1,0,0,3,0,5,2,0,0,0,0,8,5,0,0,1,0,0,0,6,1,0,0,0
483,144,Bangkok Horizon Phetkasem,13.7137949,100.4411845,id_144.shp,0,1,0,0,0,0,0,0,0,1,0,0,0,0,0,9,2,0,1,0,0,0,0,7,0,0,0,0,0,6,3,0,0,1,0,1,0,7,0,0,0,0
484,1440,Tridhos City Marina,13.70852613,100.4965201,id_1440.shp,0,1,1,0,0,0,0,0,0,0,0,0,0,0,0,2,1,0,0,0,0,0,0,1,0,0,0,0,0,12,5,0,0,1,1,3,0,33,0,0,0,0
485,1441,TRIPLE Y RESIDENCE,13.7348476,100.5283725,id_1441.shp,2,1,0,0,0,0,0,0,0,38,2,0,0,0,3,7,2,0,0,0,0,0,1,24,2,0,0,0,3,30,3,3,1,2,0,28,0,116,3,0,0,0
486,1442,Tristan,13.7353358,100.5735197,id_1442.shp,0,0,0,0,0,0,0,1,0,4,0,0,0,0,1,3,0,0,0,1,1,3,0,13,1,0,0,0,5,19,2,0,0,0,6,40,1,126,6,0,0,0
487,1443,U Delight @ Bang Sue Station,13.8117112,100.5339134,id_1443.shp,0,0,0,0,0,0,0,0,0,1,0,0,0,0,0,0,0,0,1,0,0,0,0,0,0,0,0,0,0,6,4,0,0,0,0,0,0,2,0,0,0,0
488,1444,U Delight @ Bangson Station,13.8177712,100.5323636,id_1444.shp,0,2,0,0,0,0,0,0,0,0,0,0,0,0,0,2,2,0,0,0,0,0,0,0,0,0,0,0,0,2,2,0,0,0,0,1,0,2,0,0,0,0
489,1445,U Delight @ Huamak Station,13.75113216,100.6374922,id_1445.shp,0,0,0,0,0,0,0,0,0,0,0,0,0,0,0,0,0,0,0,0,0,0,0,0,0,0,0,0,0,3,3,0,0,0,0,0,1,3,0,0,0,0
490,1446,U Delight @ Huay Kwang Station,13.7722715,100.579785,id_1446.shp,0,1,0,0,0,0,0,0,0,2,0,0,0,0,0,2,1,0,1,0,0,0,0,0,0,0,0,0,0,10,6,0,0,0,1,1,0,13,1,0,0,0
491,1447,U Delight @ Jatujak Station,13.7984223,100.5562869,id_1447.shp,0,1,0,0,0,0,0,0,0,0,0,0,0,0,0,1,0,0,0,0,0,0,0,0,0,0,0,0,0,6,2,0,0,1,0,2,1,11,2,0,0,0
492,1448,U Delight @ Onnut Station,13.7110497,100.60388,id_1448.shp,0,1,0,0,0,0,0,0,0,0,0,0,0,0,0,5,2,0,0,0,0,0,0,11,0,0,0,0,1,13,2,0,1,0,0,3,0,7,2,0,0,0
493,1449,U Delight @Talat Phlu Station,13.70971054,100.4789961,id_1449.shp,0,2,0,0,0,0,0,0,0,0,0,0,0,0,0,7,3,0,0,0,1,0,0,0,0,0,0,0,0,11,5,0,0,2,0,0,0,4,0,0,0,0
494,145,Bangkok Horizon Ramkhamhaeng,13.7624131,100.6487084,id_145.shp,0,0,1,0,0,0,0,0,0,0,0,0,0,0,0,1,2,0,1,0,0,0,0,0,0,0,0,0,0,1,5,1,0,0,0,0,0,4,1,0,0,0
495,1450,U Delight 2 @ Bang Sue Station,13.8190097,100.5361542,id_1450.shp,0,1,0,0,0,0,0,0,0,0,0,0,0,0,0,2,0,0,0,0,0,0,0,1,0,0,0,0,0,3,5,0,0,0,0,0,0,0,0,0,0,0
496,1451,U Delight 3 Prachachuen - Bang Sue,13.8250912,100.5369639,id_1451.shp,0,2,0,0,0,0,0,0,0,0,0,0,0,0,0,0,1,0,0,0,0,0,0,0,0,0,0,0,0,3,2,0,0,1,0,0,0,3,0,0,0,0
497,1452,U Delight Ratchavibha,13.8387093,100.5587316,id_1452.shp,0,0,0,0,0,0,0,0,0,0,0,0,0,0,0,0,1,0,0,0,0,0,0,0,0,0,0,0,0,2,2,0,0,1,0,3,0,2,0,0,0,0
498,1453,U Delight Residence Pattanakarn-Thonglor,13.7397173,100.602549,id_1453.shp,0,0,0,0,0,0,0,0,0,0,0,0,0,0,0,3,0,0,0,0,0,0,0,1,0,0,0,0,0,7,2,0,0,3,0,1,0,4,0,0,0,0
499,1454,U Delight Residence Riverfront Rama 3,13.67449949,100.5322115,id_1454.shp,0,0,0,0,0,0,0,0,0,1,0,0,0,0,0,0,2,0,0,0,0,0,0,2,0,0,0,0,0,0,2,0,0,0,0,0,0,1,0,0,0,0
500,1455,UNIO Charan 3,13.73203155,100.4672297,id_1455.shp,0,2,0,0,0,0,0,0,0,0,0,0,0,0,0,1,0,0,0,0,0,0,0,1,0,0,0,0,0,9,12,1,0,1,0,0,0,1,0,0,0,0
501,1456,Unio Rama 2 Thakham,13.6615904,100.4440255,id_1456.shp,0,0,1,0,0,0,0,0,0,0,0,0,0,0,0,2,0,0,0,0,0,0,0,2,0,0,0,0,1,7,2,0,1,0,2,0,0,5,0,0,0,0
502,1457,Unio Ramkhamhaeng - Serithai,13.7769756,100.6627664,id_1457.shp,0,0,0,0,0,0,0,0,0,0,0,0,0,0,0,0,2,0,0,0,0,0,0,0,0,0,0,0,0,4,3,0,0,0,0,0,1,2,2,0,0,0
503,1458,Unity Tower,13.6787298,100.6249059,id_1458.shp,0,1,0,0,0,0,0,0,0,0,0,0,0,0,0,0,1,0,0,0,0,0,0,0,0,0,0,0,0,0,3,0,0,0,0,0,0,4,0,0,0,0
504,1459,Up Ekamai,13.73905194,100.5886792,id_1459.shp,0,1,1,0,0,0,0,2,0,2,0,0,0,0,0,4,1,0,1,0,0,1,0,2,0,0,0,0,1,5,5,0,0,4,4,16,0,38,1,0,0,0
505,146,Bangkok Horizon Ratchada - Thapra,13.7077113,100.4800817,id_146.shp,0,3,1,0,0,0,0,0,0,0,0,0,0,0,0,5,1,0,0,0,0,0,0,0,0,0,0,0,0,8,3,0,0,1,1,0,0,4,0,0,0,0
506,1460,Urbana Langsuan,13.7396277,100.5435138,id_1460.shp,0,1,0,0,0,0,0,0,0,6,1,0,0,0,3,4,1,0,0,0,2,10,0,38,2,0,0,0,4,8,2,0,0,1,5,7,1,64,4,0,0,0
507,1461,Urbana Sathorn,13.7228904,100.5360792,id_1461.shp,0,0,0,0,0,0,0,0,0,3,0,0,0,0,0,2,1,0,0,1,0,1,0,34,0,0,0,0,13,27,4,2,0,1,0,36,1,120,7,0,0,0
508,1462,Urbana Sukhumvit 15,13.7448332,100.5586255,id_1462.shp,0,2,1,0,0,0,0,1,0,4,0,0,0,0,1,15,1,0,0,0,0,15,0,43,0,0,0,0,4,43,3,1,0,4,3,84,0,107,3,0,0,0
509,1463,Urbano Absolute Sathon - Taksin,13.7209126,100.5070536,id_1463.shp,0,0,0,0,0,0,0,0,0,2,2,0,0,0,0,7,0,0,0,0,1,0,0,13,1,0,0,0,1,12,11,0,0,0,2,4,0,19,3,0,0,0
510,1464,Urbano Rajavithi,13.7839954,100.4963643,id_1464.shp,0,1,0,0,0,0,0,0,0,0,0,0,0,0,0,1,3,0,0,0,0,1,0,2,0,0,0,0,0,2,9,0,0,0,0,0,0,3,0,0,0,0
511,1465,Urbitia Thong Lo,13.7226096,100.5768695,id_1465.shp,0,0,0,0,0,0,0,0,0,1,0,0,0,0,3,8,2,0,0,0,0,4,0,21,1,0,0,0,3,7,8,0,0,1,3,11,0,96,8,0,0,0
512,1466,Vantage Ratchavipa,13.8307313,100.5601495,id_1466.shp,0,0,0,0,0,0,0,0,0,1,0,0,0,0,0,0,0,0,1,0,0,0,0,1,0,0,0,0,0,4,1,0,0,0,0,1,0,13,1,0,0,0
513,1467,Venio Sukhumvit 10,13.7348348,100.5570111,id_1467.shp,0,0,0,0,0,0,0,0,0,4,0,0,0,0,1,7,0,0,0,0,2,7,1,29,2,0,0,0,3,43,1,0,0,1,1,100,0,133,2,0,0,0
514,1468,Vento Condo Kaset - Navamin,13.8276678,100.6212367,id_1468.shp,0,0,0,0,0,0,0,0,0,0,0,0,0,0,0,0,0,0,0,0,0,0,0,0,0,0,0,0,0,0,3,0,0,0,0,0,0,2,0,0,0,0
515,1469,Veranda Residence,13.7443315,100.5983106,id_1469.shp,0,0,1,0,0,0,0,0,0,0,0,0,0,0,0,4,0,0,0,2,0,0,0,0,0,0,0,0,0,4,2,0,0,1,0,1,0,0,0,0,0,0
516,147,Bangkok Horizon Sathorn,13.7126875,100.5331569,id_147.shp,0,0,0,0,0,0,0,0,0,0,0,0,0,0,0,2,2,0,0,0,0,0,0,1,0,0,0,0,2,9,6,1,1,1,0,0,0,23,0,0,0,0
517,1470,Vertiq,13.73228115,100.5256498,id_1470.shp,2,1,0,0,0,0,0,0,0,5,1,0,0,0,3,13,3,0,1,0,0,1,1,81,2,0,0,0,7,21,7,3,0,1,0,31,0,110,4,0,0,0
518,1471,Via 31,13.7393359,100.5683844,id_1471.shp,0,1,1,0,0,0,0,0,0,1,0,0,0,0,0,6,1,0,0,0,0,8,0,33,0,0,0,0,6,43,1,1,0,2,4,53,1,110,3,0,0,0
519,1472,Via 49,13.730289,100.5758679,id_1472.shp,0,0,0,0,0,0,0,0,0,5,1,0,0,0,4,2,0,0,0,0,1,5,0,34,4,0,0,0,5,26,3,0,0,1,6,41,1,110,6,0,0,0
520,1473,Via Botani,13.7315763,100.5748823,id_1473.shp,0,0,0,0,0,0,1,1,0,4,2,0,0,0,2,3,0,0,0,1,0,4,0,28,2,0,0,0,7,22,3,0,0,0,7,43,1,127,7,0,0,0
521,1474,Vibhavadi Suite,13.810606,100.5635249,id_1474.shp,0,1,0,0,0,0,0,1,0,1,0,0,0,0,0,6,1,1,0,0,1,1,0,4,1,0,0,0,0,9,1,0,0,0,1,0,1,6,2,0,0,0
522,1475,Vibhavadi View,13.804831,100.5651013,id_1475.shp,0,0,0,0,0,0,0,0,0,0,0,0,0,0,0,0,1,0,0,0,0,0,0,1,0,0,0,0,0,18,1,1,0,0,0,1,1,9,2,0,0,0
523,1476,Villa Asoke,13.7483867,100.5617193,id_1476.shp,0,2,0,0,0,0,0,0,0,0,0,0,0,0,1,6,2,0,0,2,0,0,0,4,0,0,0,0,1,28,3,1,0,1,0,17,0,68,0,0,0,0
524,1477,Villa Chaya,13.7711037,100.6140759,id_1477.shp,0,0,0,0,0,0,0,0,0,0,0,0,0,0,0,1,2,0,0,1,0,0,0,4,1,0,0,0,0,4,1,0,0,0,0,1,0,2,1,0,0,0
525,1478,Villa Lasalle,13.6601525,100.6112504,id_1478.shp,0,0,0,0,0,0,0,0,0,0,0,0,0,0,0,0,0,0,0,0,0,0,0,0,1,0,0,0,0,0,0,0,0,0,0,0,0,0,0,0,0,0
526,1479,Villa Rachakhru,13.775981,100.5418603,id_1479.shp,0,0,0,0,0,0,0,0,0,2,0,0,0,0,0,0,2,0,1,0,0,0,0,5,0,0,0,0,3,5,1,1,0,1,0,2,0,40,2,0,0,0
527,148,Bangkok Noi Waterside,13.7731204,100.4704723,id_148.shp,0,0,0,0,0,0,0,0,1,0,0,0,0,0,0,0,1,0,1,0,0,0,0,0,0,0,0,0,0,1,7,0,0,1,0,0,0,1,1,0,0,0
528,1480,Villa Rachatewi,13.7542514,100.5326706,id_1480.shp,0,3,0,0,0,0,0,0,0,4,0,0,0,0,0,14,3,0,0,0,0,9,0,17,0,0,0,0,0,22,7,0,1,2,6,4,0,58,2,0,0,0
529,1481,Villa Sathorn,13.7213758,100.5042473,id_1481.shp,0,1,0,0,0,0,0,0,0,1,0,0,0,0,0,4,0,0,0,0,1,0,0,5,3,0,0,0,1,14,6,0,0,0,2,1,0,21,2,0,0,0
530,1482,Vincente Sukhumvit 49,13.7377304,100.5746314,id_1482.shp,0,0,0,0,0,0,0,1,0,0,0,0,0,0,1,4,0,0,0,1,0,2,0,9,0,0,0,0,1,14,3,0,0,1,5,27,0,99,6,0,0,0
531,1483,Vinn Sukhumvit 46,13.7138231,100.5904568,id_1483.shp,0,0,0,0,0,0,0,0,0,3,1,0,0,0,2,5,1,0,0,1,0,4,0,15,1,0,0,0,0,14,7,1,1,1,1,1,0,27,0,0,0,0
532,1484,Vino ratchada 32,13.818889,100.580862,id_1484.shp,0,1,0,0,0,0,0,0,0,0,0,0,0,0,0,6,0,1,0,0,0,0,0,10,2,0,0,0,0,4,0,0,0,0,0,0,0,2,0,0,0,0
533,1485,Vittorio,13.73085733,100.5710502,id_1485.shp,1,6,0,0,0,0,1,0,0,7,1,0,0,0,3,5,0,0,0,0,1,10,1,33,3,0,0,0,3,17,6,0,0,1,2,26,0,90,2,0,0,0
534,1486,Vivid Tower,13.732519,100.638493,id_1486.shp,0,0,0,0,0,0,0,0,0,0,0,0,0,0,0,0,1,0,0,0,0,0,0,0,0,0,0,0,0,2,3,0,0,1,0,0,0,5,1,0,0,0
535,1487,Von Napa Sukhumvit 38,13.7230414,100.5789697,id_1487.shp,0,6,0,0,0,0,0,3,0,4,0,0,0,0,2,1,1,0,0,0,0,3,0,22,3,0,0,0,4,7,11,0,0,1,5,9,0,91,7,0,0,0
536,1488,Voque Sukhumvit 16,13.727973,100.5607914,id_1488.shp,0,0,0,0,0,0,0,1,0,6,0,0,0,0,0,5,1,0,0,0,0,2,1,14,0,0,0,0,2,29,2,0,0,2,2,41,1,84,1,0,0,0
537,1489,Voque Sukhumvit 31,13.7420036,100.5667331,id_1489.shp,0,1,0,0,0,0,0,0,0,5,0,0,0,0,0,9,3,1,0,1,0,5,0,28,0,0,0,0,3,38,3,0,0,2,3,53,0,103,2,0,0,0
538,149,Bangkok River Marina,13.7878269,100.5041896,id_149.shp,0,0,0,0,0,0,0,0,0,0,0,0,0,0,0,2,5,0,0,0,0,0,0,3,0,0,0,0,0,6,4,0,1,1,0,1,0,3,1,0,0,0
539,1490,Vtara Sukhumvit 36,13.7173332,100.5762944,id_1490.shp,0,0,0,0,0,0,0,0,0,2,0,0,0,0,0,1,3,0,0,1,0,0,0,2,0,0,0,0,3,11,7,1,0,0,2,6,0,56,3,0,0,0
540,1491,W.P. Central Condominium,13.8136901,100.564995,id_1491.shp,0,3,0,0,0,0,0,0,0,0,0,0,0,0,0,3,1,0,0,0,1,1,0,7,2,0,0,0,0,8,2,1,0,0,1,1,0,4,1,0,0,0
541,1492,Walden Asoke,13.7387031,100.5652052,id_1492.shp,0,3,1,0,0,0,0,5,0,14,0,0,0,0,2,18,1,0,0,1,0,30,0,45,0,0,0,0,3,37,2,1,0,1,5,39,1,122,3,0,0,0
542,1493,Wang Kasem Condo Town,13.704369,100.3842839,id_1493.shp,0,0,1,0,0,0,0,0,0,0,0,0,0,0,0,1,0,0,0,0,0,0,0,0,0,0,0,0,0,3,2,0,0,0,0,0,0,4,1,0,0,0
543,1494,Wanghin Condominium,13.8314385,100.5925212,id_1494.shp,0,0,1,0,0,0,0,0,0,0,0,0,0,0,0,0,2,0,0,0,0,0,0,2,0,0,0,0,1,0,2,0,0,0,0,0,0,3,0,0,0,0
544,1495,Waranya Place,13.8110739,100.5935759,id_1495.shp,0,0,0,0,0,0,0,0,0,0,0,0,0,0,0,1,0,0,0,0,0,0,0,0,0,0,0,0,0,3,4,0,0,0,0,2,0,3,2,0,0,0
545,1496,Wattana Suite,13.743686,100.5586546,id_1496.shp,0,1,0,0,0,0,0,0,0,2,0,0,0,0,2,22,1,0,0,1,0,25,0,60,0,0,0,0,3,41,4,1,0,3,3,76,0,113,3,0,0,0
546,1497,Watthana Heights,13.7402947,100.5612996,id_1497.shp,1,4,0,0,0,1,0,1,0,7,0,0,0,0,2,25,0,0,0,0,3,44,0,64,1,0,0,0,1,37,4,1,0,1,0,73,0,141,2,0,0,0
547,1498,We Condo Ekkamai - Ramindra,13.8473067,100.6403352,id_1498.shp,0,0,0,0,0,0,0,0,0,0,0,0,0,0,0,0,0,0,0,0,0,0,0,1,0,0,0,0,1,8,2,0,0,0,0,0,1,8,0,0,0,0
548,1499,Wealth Garden Family House,13.8097776,100.6111585,id_1499.shp,0,0,0,0,0,0,0,0,0,0,0,0,0,0,0,0,0,0,0,0,0,0,0,0,0,0,0,0,0,0,0,0,1,0,0,0,1,4,0,0,0,0
549,15,624 Condolette Ladprao,13.7665252,100.6492301,id_15.shp,0,1,0,0,1,0,0,0,0,1,0,0,0,0,0,1,4,1,0,0,0,0,0,2,1,0,0,0,0,3,7,0,0,0,0,0,0,5,0,0,0,0
550,150,Bangna Residence,13.6748357,100.5990921,id_150.shp,0,0,0,0,0,0,0,0,0,0,1,0,0,0,0,2,2,1,0,0,0,0,0,0,0,0,0,0,0,2,2,0,0,1,0,0,0,2,0,0,0,0
551,1500,Whizdom @ Punnawithi Station,13.68956595,100.6070438,id_1500.shp,0,0,1,0,0,0,0,0,0,0,0,0,0,0,0,1,0,0,0,0,0,0,0,1,0,0,0,0,0,4,3,0,0,1,0,0,0,6,0,0,0,0
552,1501,Whizdom 101,13.6857013,100.6110907,id_1501.shp,0,0,0,0,0,0,0,0,0,4,0,0,0,0,1,2,1,0,0,0,0,0,0,2,0,0,0,0,0,3,4,0,0,0,0,0,0,1,0,0,0,0
553,1502,Whizdom Avenue Ratchada - Ladprao,13.805165,100.5742029,id_1502.shp,0,1,0,0,0,0,0,0,0,0,1,0,0,0,0,5,0,0,0,0,0,1,0,2,0,0,0,0,1,7,3,0,0,0,0,0,0,10,1,0,0,0
554,1503,Whizdom Connect Sukhumvit,13.6863144,100.6124311,id_1503.shp,0,0,0,0,0,0,0,0,0,3,0,0,0,0,1,2,2,0,0,0,0,0,0,3,0,0,0,0,0,3,3,0,0,0,0,0,0,1,0,0,0,0
555,1504,Whizdom Essence,13.6858651,100.6124473,id_1504.shp,0,0,0,0,0,0,0,0,0,5,0,0,0,0,1,2,2,0,0,0,0,0,0,1,0,0,0,0,0,3,3,0,0,0,0,0,0,1,0,0,0,0
556,1505,Whizdom Inspire Sukhumvit,13.6852595,100.6120745,id_1505.shp,0,0,0,0,0,0,0,0,0,5,0,0,0,0,1,2,1,0,0,0,0,0,0,1,0,0,0,0,0,3,4,0,0,0,0,0,0,1,0,0,0,0
557,1506,Whizdom Station Ratchada - Thapra,13.71371812,100.4780482,id_1506.shp,0,2,0,0,0,0,1,0,0,0,0,0,0,0,0,2,3,0,0,1,0,0,0,2,0,0,0,0,0,17,8,0,0,1,0,0,0,1,0,0,0,0
558,1507,Wilshire,13.7282011,100.5650204,id_1507.shp,0,0,2,0,0,0,0,0,0,3,0,0,0,0,1,8,0,0,0,0,2,10,1,25,0,0,0,0,4,28,3,0,0,0,1,36,1,111,5,0,0,0
559,1508,Wind Ratchayothin,13.82853929,100.5666329,id_1508.shp,0,1,0,0,0,0,0,0,0,9,1,0,0,0,0,3,0,0,0,0,0,1,0,3,0,0,0,0,0,2,3,0,1,0,0,0,0,4,0,0,0,0
560,1509,Wind Sukhumvit 23,13.7397985,100.5644289,id_1509.shp,0,4,0,0,0,0,0,5,0,14,0,0,0,0,2,20,2,0,0,1,1,30,0,58,0,0,0,0,3,39,2,1,0,1,3,50,0,122,3,0,0,0
561,151,Bangyeekhan Condominium,13.77165582,100.4925661,id_151.shp,0,1,0,0,0,0,0,0,0,0,0,0,0,0,0,0,3,1,0,0,0,0,2,0,0,0,0,0,1,9,9,0,1,0,0,2,1,19,0,0,0,0
562,1510,Windsor Tower,13.7324854,100.5641097,id_1510.shp,0,6,0,0,0,0,0,12,0,14,0,0,0,0,1,16,0,0,0,0,1,13,1,54,1,0,0,0,4,30,4,0,0,1,5,48,1,100,3,0,0,0
563,1511,Wire Ratchada 19,13.8006924,100.5734358,id_1511.shp,1,0,1,0,0,0,0,1,0,1,0,0,0,0,0,2,1,0,0,0,0,0,0,5,0,0,0,0,0,11,1,0,0,0,0,0,0,5,2,0,0,0
564,1512,Wish @ Samyan,13.732188,100.5265177,id_1512.shp,3,4,0,0,0,0,0,0,0,9,1,0,0,0,2,10,3,0,1,0,0,2,1,80,3,0,0,0,7,23,6,3,0,1,0,32,0,111,4,0,0,0
565,1513,Wish @ Siam,13.7514148,100.5280989,id_1513.shp,0,3,2,0,0,0,0,0,0,4,0,0,0,0,0,6,1,1,0,0,0,11,0,16,0,0,0,0,3,23,8,0,1,0,7,0,0,63,0,0,0,0
566,1514,Wish Signature Midtown Siam,13.7514715,100.5345113,id_1514.shp,0,3,0,0,0,0,0,0,0,0,0,0,0,0,0,11,1,0,0,0,0,9,0,27,0,0,0,0,3,27,5,0,1,2,12,7,0,81,2,0,0,0
567,1515,Wittayu Complex,13.7486926,100.5492755,id_1515.shp,1,0,0,0,0,0,0,0,0,0,0,0,0,0,0,5,2,0,0,2,0,1,0,4,0,0,0,0,4,27,1,0,0,0,7,53,0,94,5,0,0,0
568,1516,Wongwaen Complex,13.66598881,100.4078754,id_1516.shp,0,0,0,0,0,0,0,0,0,0,0,0,0,0,0,1,0,0,0,0,0,0,0,1,0,0,0,0,0,1,3,0,0,0,0,1,0,3,0,0,0,0
569,1517,WYNE Sukhumvit,13.7128516,100.5942398,id_1517.shp,1,2,0,0,0,0,0,2,0,9,0,0,0,0,1,5,1,0,0,0,0,2,0,11,2,0,0,0,0,12,4,0,0,1,0,3,0,17,1,0,0,0
570,1518,Wynn Condo Phahon Yothin 52,13.8949828,100.6119467,id_1518.shp,0,0,0,0,0,0,0,0,0,0,0,0,0,0,0,3,0,1,0,0,0,0,0,0,0,0,0,0,0,0,2,0,0,1,0,0,0,0,0,0,0,0
571,1519,XT Ekkamai,13.7337829,100.5869721,id_1519.shp,0,0,0,0,0,0,1,0,0,3,0,0,0,0,0,5,0,0,0,0,2,13,0,16,0,0,0,0,2,6,7,0,1,1,5,23,0,76,4,0,0,0
572,152,Banyan Tree Residences Bangkok,13.7323659,100.5096466,id_152.shp,0,0,1,0,0,0,0,0,0,0,0,0,0,0,1,3,2,0,2,1,1,1,0,10,1,0,0,0,2,18,11,0,0,2,2,18,0,77,1,0,0,0
573,1520,XT Huaikhwang,13.7804854,100.5750597,id_1520.shp,0,1,0,0,0,0,0,2,0,1,0,0,0,0,2,5,1,0,0,0,0,0,0,4,0,0,0,0,0,23,4,0,1,0,0,4,0,16,2,0,0,0
574,1521,XT Phayathai,13.7572349,100.5388489,id_1521.shp,0,0,1,0,0,1,0,0,0,0,0,0,0,0,0,8,1,0,0,1,0,0,0,10,0,0,0,0,5,27,3,0,1,2,3,8,1,52,1,0,0,0
575,1522,XVI The Sixteenth Condominum,13.7251016,100.5617975,id_1522.shp,0,1,0,0,0,0,0,1,0,1,0,0,0,0,0,1,2,0,0,0,0,1,0,9,0,0,0,0,1,21,4,0,0,2,2,18,2,78,3,0,0,0
576,1523,Yada Residential,13.7378103,100.5731879,id_1523.shp,0,0,0,0,0,0,0,2,0,1,0,0,0,0,1,3,0,0,0,1,0,1,0,10,1,0,0,0,2,18,4,0,0,0,5,24,0,89,5,0,0,0
577,1524,Yong Charoen Complex,13.69338197,100.6385534,id_1524.shp,0,0,0,0,0,0,0,0,0,0,0,0,0,0,0,0,2,0,0,0,0,0,0,0,0,0,0,0,0,4,2,0,0,0,0,0,0,3,1,0,0,0
578,1525,You 2 Condo @ Yak Kaset,13.8363741,100.5822144,id_1525.shp,0,0,0,0,0,0,0,0,0,0,0,0,0,0,0,1,0,0,0,0,0,1,0,5,0,0,0,0,0,3,3,0,0,1,0,2,0,8,0,0,0,0
579,1526,Z 2 Condominium,13.81020711,100.5667672,id_1526.shp,0,1,0,0,0,0,0,0,0,1,0,0,0,0,0,6,0,0,0,0,0,1,0,2,0,0,0,0,0,7,2,1,0,0,2,1,0,9,4,0,0,0
580,1527,Zenith Place @ Huay Kwang,13.7771558,100.5792757,id_1527.shp,0,2,0,0,1,0,0,0,0,1,0,0,0,0,0,1,3,0,0,0,0,0,0,2,0,0,0,0,2,17,5,0,0,0,0,5,0,12,0,0,0,0
581,1528,Ideo Mobi Phayathai,13.759109,100.532878,id_1528.shp,0,2,1,0,1,0,0,0,0,0,0,0,0,0,0,6,1,0,0,1,0,1,0,7,0,0,0,0,7,31,5,0,0,6,0,9,1,47,1,0,0,0
582,153,Baxtor Paholyothin 14,13.7866167,100.5529954,id_153.shp,0,0,1,0,0,0,0,0,0,0,0,0,0,0,0,2,1,0,0,0,0,0,0,2,1,0,0,0,0,10,3,1,0,5,0,1,0,21,1,0,0,0
583,154,Be You Chokchai 4,13.7996324,100.5971794,id_154.shp,0,0,0,0,0,0,0,0,0,0,0,0,0,0,0,0,2,0,0,1,0,1,0,1,0,0,0,0,0,7,4,0,0,0,0,0,0,1,0,0,0,0
584,155,BEATNIQ Sukhumvit 32,13.726175,100.575635,id_155.shp,2,1,0,0,0,0,0,0,0,8,1,0,0,0,3,5,1,0,0,0,0,7,0,32,4,0,0,0,2,17,4,0,0,1,5,21,0,95,6,0,0,0
585,156,Belgravia Residences,13.726316,100.5738187,id_156.shp,3,1,0,0,0,0,0,0,0,17,1,0,0,0,1,3,2,0,0,0,0,6,0,20,2,0,0,0,4,19,4,0,0,1,4,14,1,80,8,0,0,0
586,157,Belle Grand Rama 9,13.7600705,100.5691948,id_157.shp,0,0,0,0,0,0,0,0,0,3,0,0,0,0,1,3,0,0,0,0,2,0,0,8,1,0,0,0,1,8,0,0,0,1,1,1,0,7,1,0,0,0
587,158,Belle Park Residence,13.7003888,100.5369971,id_158.shp,0,1,1,0,0,0,0,0,0,1,0,0,0,0,0,1,2,0,0,0,0,0,0,28,2,0,0,0,2,7,6,0,1,1,0,0,0,12,0,0,0,0
588,159,Beverly 33,13.7351585,100.5673572,id_159.shp,0,0,0,0,0,0,0,6,0,14,0,0,0,0,1,9,1,0,0,0,2,18,0,37,0,0,0,0,5,45,3,0,0,1,4,42,1,126,7,0,0,0
589,16,98 Wireless,13.7416703,100.5470702,id_16.shp,1,1,0,0,0,0,0,2,0,5,0,0,0,0,3,7,1,0,0,0,3,6,0,45,3,0,0,0,2,19,3,0,0,2,3,53,0,91,4,0,0,0
590,160,Beverly Hills Mansion,13.7242273,100.588359,id_160.shp,0,0,1,0,0,0,0,0,0,0,0,0,0,0,0,1,2,0,0,0,2,2,0,20,1,0,0,0,2,10,7,0,0,1,5,12,0,61,4,0,0,0
591,161,Beverly Tower Condo,13.7478043,100.5574177,id_161.shp,0,1,0,0,0,0,0,0,0,0,0,0,0,0,0,9,2,0,0,0,0,10,0,22,0,0,0,0,3,36,2,1,0,5,0,56,0,77,2,0,0,0
592,162,Beyond Sukhumvit,13.6765615,100.6031484,id_162.shp,0,1,0,1,0,0,0,0,0,0,0,0,0,0,0,2,2,0,0,0,0,0,0,0,1,0,0,0,0,2,3,0,0,0,0,0,0,1,0,0,0,0
593,163,Bleisure Charan 96/1,13.8061295,100.513077,id_163.shp,0,0,0,0,0,0,0,0,0,0,0,0,0,0,0,0,3,0,0,0,0,0,0,3,0,0,0,0,0,5,4,0,0,0,0,0,0,6,0,0,0,0
594,165,Bliz Condominium Ladprao 107,13.7731018,100.6343388,id_165.shp,0,0,0,0,0,0,0,0,0,0,0,0,0,0,0,2,1,0,0,1,0,0,0,0,0,0,0,0,1,5,5,1,0,0,0,0,0,1,0,0,0,0
595,166,Bliz Condominium Rama 9 - Hua Mak,13.7399712,100.6442666,id_166.shp,0,0,0,0,0,0,0,0,0,0,0,0,0,0,0,0,1,0,0,0,0,0,0,2,0,0,0,0,0,1,3,0,0,1,0,1,0,2,1,0,0,0
596,167,Blocs 77,13.7103615,100.6017758,id_167.shp,0,2,0,0,0,0,0,0,0,3,0,0,0,0,0,6,2,0,0,0,0,0,0,7,1,0,0,0,1,14,2,0,1,0,0,5,0,22,1,0,0,0
597,168,Blossom Condo @ Fashion Beyond,13.8185256,100.6793074,id_168.shp,0,0,0,0,0,0,0,0,0,0,0,0,0,0,0,1,0,0,0,0,0,0,0,0,0,0,0,0,0,1,0,0,0,1,2,0,0,21,1,0,0,0
598,169,Blossom Condo @ Sathorn - Charoenrat,13.7108858,100.5199956,id_169.shp,0,0,0,0,0,0,0,0,0,0,0,0,0,0,0,2,2,0,0,0,1,0,0,3,3,0,0,0,1,13,13,1,1,0,1,0,0,17,1,0,0,0
599,17,A Pool Condo Bangna,13.6643381,100.6316794,id_17.shp,0,0,0,0,0,0,0,0,0,1,0,0,0,0,0,1,1,0,0,1,0,0,0,0,0,0,0,0,0,3,2,0,0,1,1,0,0,3,1,0,0,0
600,170,Bobae Tower,13.7540109,100.5150872,id_170.shp,0,0,0,0,0,0,1,0,0,0,0,0,0,0,0,6,2,1,1,3,0,1,0,1,1,0,0,0,0,15,14,3,0,1,0,3,0,22,0,0,0,0
601,171,Bodin Suite Home,13.7687263,100.6134478,id_171.shp,0,0,0,0,0,0,0,0,0,0,0,0,0,0,0,1,1,0,0,0,0,0,0,1,0,0,0,0,1,4,2,0,1,1,0,1,0,3,2,0,0,0
602,172,Boutique Ratchada 17,13.7849028,100.5697318,id_172.shp,0,0,0,0,0,0,0,0,0,5,0,0,0,0,0,5,1,0,0,0,0,1,0,2,2,0,0,0,3,17,1,0,0,0,0,2,0,12,0,0,0,0
603,173,Bridge Phaholyothin 37,13.8328396,100.5699362,id_173.shp,0,0,0,0,0,0,0,0,0,1,0,0,0,0,0,3,2,0,0,0,0,0,0,3,0,0,0,0,0,6,2,0,0,1,0,3,0,26,1,0,0,0
604,174,Bridge Sathorn - Narathiwas,13.7037512,100.5399795,id_174.shp,0,0,0,0,0,0,0,0,0,0,0,0,0,0,0,2,3,0,0,1,0,0,0,6,1,0,0,0,0,2,4,0,1,0,0,0,0,37,2,0,0,0
605,175,Bright Sukhumvit 24,13.723856,100.5663463,id_175.shp,0,0,0,0,0,0,0,0,0,2,0,0,0,0,0,6,4,0,0,0,0,5,0,25,0,0,0,0,4,19,3,0,0,0,3,15,1,68,5,0,0,0
606,176,Bright Wongwian Yai,13.7195345,100.4905915,id_176.shp,0,2,0,0,0,0,0,0,0,0,0,0,0,0,0,4,2,0,0,0,0,0,0,0,0,0,0,0,0,21,7,0,1,1,1,0,0,4,1,0,0,0
607,177,Brighton Place,13.7484852,100.5886367,id_177.shp,0,0,0,0,0,0,0,0,0,0,0,0,0,0,0,1,1,0,0,0,0,0,0,2,0,0,0,0,0,4,1,0,1,6,0,1,0,2,0,0,0,0
608,178,Brix Condominium,13.783801,100.4936629,id_178.shp,0,0,0,0,0,0,0,0,0,0,0,0,0,0,0,2,2,0,0,0,0,0,0,1,0,0,0,0,0,1,9,0,0,0,0,1,1,2,0,0,0,0
609,179,Brown Condo Phahol - Sapanmai,13.8867122,100.6030703,id_179.shp,0,0,0,0,0,0,0,0,0,0,0,0,0,0,0,0,0,0,0,1,0,0,0,0,0,0,0,0,0,0,2,0,0,0,0,0,0,0,0,0,0,0
610,18,A Space Asoke - Ratchada,13.7583127,100.5599078,id_18.shp,0,0,0,0,0,0,0,0,0,0,0,0,0,0,0,3,1,0,0,0,0,1,0,5,0,0,0,0,1,7,3,0,1,1,2,0,0,8,1,0,0,0
611,180,Brown Condo Ratchada 32,13.8183153,100.5846831,id_180.shp,0,1,0,0,0,0,0,0,0,0,0,0,0,0,0,1,0,0,0,0,0,0,0,0,0,0,0,0,1,11,0,1,0,0,0,2,0,12,4,0,0,0
612,181,BTS Residence,13.7957917,100.5581403,id_181.shp,0,0,0,0,0,0,0,0,0,0,0,0,0,0,0,2,0,0,0,0,0,0,0,0,0,0,0,0,0,7,1,0,0,1,0,1,1,10,2,0,0,0
613,182,C Ekkamai,13.7400215,100.5897075,id_182.shp,0,0,0,0,0,0,0,0,0,1,0,0,0,0,0,3,3,0,1,0,0,3,0,3,0,0,0,0,1,7,3,0,0,4,2,7,0,20,0,0,0,0
614,183,C Place Ladprao 18,13.8029727,100.5701438,id_183.shp,0,1,0,0,0,0,0,0,0,1,0,0,0,0,0,2,2,0,0,0,0,1,0,3,0,0,0,0,1,11,1,0,0,0,0,0,1,9,1,0,0,0
615,184,C&C 29 Condo,13.7932951,100.5590716,id_184.shp,0,0,0,0,0,0,0,0,0,0,0,0,0,0,0,1,0,0,0,0,0,0,0,0,0,0,0,0,0,7,1,0,0,0,0,0,1,6,1,0,0,0
616,185,Canapaya Residences,13.68775606,100.5137682,id_185.shp,0,0,1,0,0,0,0,0,0,0,0,0,0,0,0,0,0,0,0,0,0,0,1,0,0,0,0,0,0,2,1,0,0,0,0,0,0,3,0,0,0,0
617,186,Casa Condo Ratchada - Ratchaphruek,13.7134954,100.4763057,id_186.shp,0,1,0,0,0,0,0,0,0,0,0,0,0,0,0,2,2,0,0,1,1,0,0,1,0,0,0,0,0,16,9,0,0,1,0,0,0,2,0,0,0,0
618,187,Casa Condo Ratchada Thapra,13.71364592,100.4772375,id_187.shp,0,1,0,0,0,0,1,0,0,0,0,0,0,0,0,3,3,0,0,1,0,0,0,1,0,0,0,0,0,16,9,0,0,1,0,0,0,2,0,0,0,0
619,188,Casa Condo Sukhumvit 97,13.6979876,100.6067948,id_188.shp,0,2,0,0,0,0,0,0,0,0,0,0,0,0,0,4,2,0,0,0,0,0,0,1,0,0,0,0,1,4,1,0,1,1,0,0,0,2,0,0,0,0
620,189,Casa de Sansara,13.88383741,100.6054632,id_189.shp,0,0,0,0,0,0,0,0,0,0,0,0,0,0,0,0,0,0,0,0,0,0,0,0,0,0,0,0,0,0,2,0,0,1,0,0,0,0,0,0,0,0
621,19,A Space Hideaway Asoke - Ratchadaอาคาร XYZ,13.7575601,100.5611707,id_19.shp,0,0,0,0,0,0,0,0,0,0,0,0,0,0,0,3,0,0,0,0,1,1,0,3,0,0,0,0,1,8,4,0,1,1,1,0,0,13,1,0,0,0
622,190,Castle Hill Mansion,13.7260995,100.5864183,id_190.shp,0,0,0,0,0,0,2,0,0,8,1,0,0,0,0,1,2,0,0,0,0,4,0,23,0,0,0,0,2,12,7,0,0,1,6,29,0,84,5,0,0,0
623,191,Ceil by Sansiri,13.7305582,100.5878006,id_191.shp,0,1,0,0,0,0,0,5,0,8,0,0,0,0,0,0,1,0,0,0,2,1,0,11,1,0,0,0,2,8,8,0,0,0,6,31,0,93,5,0,0,0
624,192,Celes Asoke,13.738256,100.5617912,id_192.shp,1,5,0,0,0,0,1,26,0,17,0,0,0,0,2,21,0,0,0,1,2,18,0,58,1,0,0,0,2,39,3,1,0,1,1,69,1,144,2,0,0,0
625,193,Central City East Tower,13.6709981,100.6354484,id_193.shp,0,0,0,0,0,0,0,0,0,0,0,0,0,0,0,0,0,0,0,2,1,0,0,2,1,0,0,0,0,5,2,0,0,0,0,1,0,6,0,0,0,0
626,194,Central Ratchayothin ParkCondominium,13.828634,100.5703576,id_194.shp,0,2,0,0,0,0,0,0,0,1,0,0,0,0,0,2,0,0,0,0,0,1,0,10,1,0,0,0,0,1,4,0,0,1,0,0,0,3,0,0,0,0
627,195,Centric Ari Station,13.7779571,100.5425685,id_195.shp,0,0,1,0,0,0,0,0,0,3,0,0,0,0,3,2,1,0,1,0,0,2,0,29,1,0,0,0,0,4,2,1,0,3,0,1,0,22,1,0,0,0
628,196,Centric Place Ari 4 - Phaholyothin,13.784213,100.5440174,id_196.shp,0,0,0,0,0,0,0,0,0,8,0,0,0,0,3,5,0,0,0,2,0,2,0,34,2,0,0,0,1,11,6,0,1,1,0,2,0,26,0,0,0,0
629,197,Centric Ratchada - Huai Khwang,13.7804654,100.5739594,id_197.shp,2,2,0,0,0,0,0,2,0,0,0,0,0,0,0,3,1,0,0,0,0,0,0,5,0,0,0,0,0,24,4,0,1,0,0,4,0,14,2,0,0,0
630,198,Centric Ratchada - Suthisan,13.7899246,100.5735133,id_198.shp,0,5,0,0,0,0,0,0,0,4,0,0,0,0,1,5,0,0,0,0,0,1,0,4,2,0,0,0,0,5,2,0,0,0,0,4,0,11,0,0,0,0
631,199,Centric Ratchayothin,13.8319661,100.5713078,id_199.shp,0,0,0,0,0,0,0,0,0,1,0,0,0,0,0,3,3,0,0,1,0,0,0,2,0,0,0,0,0,6,0,0,0,0,0,3,0,27,1,0,0,0
632,2,125 SATHORN,13.7225918,100.5337768,id_2.shp,0,0,0,0,0,0,0,0,0,1,0,0,0,0,1,5,1,0,0,1,0,1,0,21,1,0,0,0,12,29,6,1,0,1,0,39,0,152,6,0,0,0
633,20,A Space I.D. Asoke - Ratchada,13.7568124,100.5598535,id_20.shp,0,0,0,0,0,0,0,1,0,0,0,0,0,0,0,2,0,0,0,0,0,0,0,3,0,0,0,0,1,10,4,0,1,1,2,0,0,10,1,0,0,0
634,200,Centric Sathorn - Saint Louis,13.7188125,100.5271405,id_200.shp,0,1,1,0,0,0,0,0,0,1,0,0,0,0,0,5,5,1,0,1,0,2,0,15,0,0,0,0,8,15,7,1,0,0,0,10,0,66,3,0,0,0
635,201,Centric Scene Aree 2,13.7798662,100.5420748,id_201.shp,0,0,0,0,1,0,0,0,0,2,0,0,0,0,3,2,2,0,0,0,0,2,0,38,1,0,0,0,0,5,2,1,0,3,0,1,0,16,1,0,0,0
636,202,Centric Scene Phaholyothin 9,13.786044,100.5460392,id_202.shp,0,2,0,0,0,2,0,0,0,6,0,0,0,0,0,6,0,0,0,1,0,2,0,21,1,0,0,0,4,8,6,0,1,2,0,2,0,32,2,0,0,0
637,203,Centric Scene Ratchavipha,13.8296909,100.5334406,id_203.shp,0,0,0,0,0,0,0,0,0,0,0,0,0,0,0,0,1,0,0,0,0,0,0,1,0,0,0,0,0,3,4,0,0,1,1,0,0,0,0,0,0,0
638,204,Centric Scene Sukhumvit 64,13.6837594,100.6101751,id_204.shp,0,0,0,0,0,0,0,0,0,1,0,0,0,0,0,3,0,0,0,0,0,0,0,4,0,0,0,0,1,2,5,0,0,0,0,0,0,2,0,0,0,0
639,205,Centurion Park,13.7828157,100.5415125,id_205.shp,0,0,0,0,0,0,0,0,0,5,0,0,0,0,3,2,0,0,1,1,0,2,0,30,0,0,0,0,1,12,6,0,0,3,0,2,0,26,2,0,0,0
640,206,Chalermnit Art De Maison,13.7294947,100.5783541,id_206.shp,0,0,0,0,0,0,0,0,0,7,0,0,0,0,5,3,1,0,0,0,2,6,0,52,7,0,0,0,3,21,2,0,0,1,7,39,0,101,5,0,0,0
641,207,Chambers Chaan Ladprao - Wanghin,13.826403,100.5920239,id_207.shp,0,0,0,0,0,0,0,0,0,3,0,0,0,0,1,0,0,0,0,0,0,0,0,0,0,0,0,0,0,2,6,0,0,0,0,2,0,2,2,0,0,0
642,208,Chambers Cher Ratchada Ramintra,13.820003,100.6673502,id_208.shp,0,1,0,0,0,0,0,0,0,2,0,0,0,0,0,2,0,0,0,0,0,0,0,2,0,0,0,0,0,0,0,0,0,0,0,0,0,0,0,0,0,0
643,209,Chambers On - nut Station,13.7051847,100.6035122,id_209.shp,1,0,0,0,0,0,0,0,0,0,0,0,0,0,0,6,1,0,1,0,0,0,0,4,2,0,0,0,0,15,4,0,0,0,0,3,0,15,1,0,0,0
644,21,A Space Kaset - Nawamin,13.8328517,100.6164662,id_21.shp,0,0,0,0,0,0,0,0,0,0,0,0,0,0,0,0,0,0,0,0,0,0,0,6,0,0,0,0,1,4,1,0,0,0,0,3,0,17,1,0,0,0
645,210,Chambers Ramintra,13.8198451,100.6626237,id_210.shp,0,0,0,0,0,0,0,0,0,0,0,0,0,0,0,2,0,0,0,0,0,0,0,2,0,0,0,0,0,3,2,0,0,1,0,0,0,5,0,0,0,0
646,211,Chamchuri Square Residence,13.7332332,100.5294427,id_211.shp,1,0,1,0,0,0,0,0,0,32,2,0,0,0,4,11,1,0,0,0,0,4,1,35,2,0,0,0,12,29,2,4,1,2,0,31,0,126,7,0,0,0
647,212,Chapter Charoennakhorn-Riverside,13.7131349,100.5052584,id_212.shp,0,1,1,0,0,0,0,0,0,0,0,0,0,0,0,2,2,0,0,0,0,0,0,2,0,0,0,0,0,19,7,0,0,0,1,4,0,37,3,0,0,0
648,213,Chapter Chula-Samyan,13.7314662,100.5235101,id_213.shp,0,3,0,0,1,0,0,0,0,6,0,0,0,0,4,11,2,1,0,0,0,0,0,33,1,0,0,0,7,21,9,0,0,2,0,30,1,150,6,0,0,0
649,214,Chapter One,13.7718401,100.5796085,id_214.shp,0,1,0,0,0,0,0,0,0,2,0,0,0,0,0,2,0,0,0,0,0,0,0,0,0,0,0,0,0,10,6,0,1,0,1,1,0,13,1,0,0,0
650,215,Chapter One Flow Bangpo,13.8121895,100.5208307,id_215.shp,0,0,0,0,0,0,0,0,0,0,0,0,0,0,0,0,3,0,0,0,0,0,0,2,0,0,0,0,0,2,4,0,0,1,1,0,0,2,0,0,0,0
651,216,Chapter One Midtown Ladprao 24,13.8064358,100.5726549,id_216.shp,0,1,0,0,0,0,0,0,0,1,1,0,0,0,0,5,0,0,0,0,0,0,0,0,0,0,0,0,1,4,2,0,0,0,0,1,0,9,1,0,0,0
652,217,Chapter One Modern Dutch Ratburana 33,13.6761357,100.518665,id_217.shp,0,0,2,0,0,0,0,0,0,0,0,0,0,0,0,0,0,0,0,0,0,0,0,0,0,0,0,0,0,1,1,0,0,0,0,0,0,1,0,0,0,0
653,218,Chapter One Shine Bangpo,13.81269481,100.5210024,id_218.shp,0,0,0,0,0,0,0,0,0,0,0,0,0,0,0,0,3,0,0,0,0,0,0,2,0,0,0,0,0,2,5,0,0,1,1,1,0,2,0,0,0,0
654,219,Chapter One The Campus Kaset,13.8384901,100.5747007,id_219.shp,0,3,0,0,0,0,0,2,0,7,0,0,0,0,0,2,1,0,0,1,0,1,0,6,0,0,0,0,0,4,4,0,0,0,0,1,0,22,0,0,0,0
655,22,A Space Me Sukhumvit 77,13.7132434,100.6346902,id_22.shp,0,0,0,0,0,0,0,0,0,0,0,0,0,0,0,2,1,0,0,0,0,0,0,0,1,0,0,0,0,4,5,0,0,0,0,0,0,2,0,0,0,0
656,220,Chapter One the Campus Ladprao 1,13.8140554,100.565229,id_220.shp,0,1,0,0,0,0,0,0,0,0,1,0,0,0,0,5,0,0,0,0,1,1,0,6,2,0,0,0,0,8,3,1,0,0,1,1,0,5,0,0,0,0
657,221,Chapter Thonglor 25,13.7429836,100.5838819,id_221.shp,0,0,0,0,0,1,0,0,0,0,0,0,0,0,0,3,1,0,1,1,0,1,0,4,0,0,0,0,1,7,3,0,0,3,2,6,0,21,2,0,0,0
658,222,Charan Garden,13.7373246,100.4375927,id_222.shp,0,1,0,0,0,0,0,0,0,0,0,0,0,0,0,3,0,0,0,0,0,0,0,2,0,0,0,0,0,4,6,0,0,0,0,0,0,9,0,0,0,0
659,223,Charoenkrung Place,13.6980161,100.4952011,id_223.shp,0,0,0,0,0,0,0,0,0,0,0,0,0,0,0,0,1,0,0,1,0,0,0,0,0,0,0,0,0,0,7,0,1,0,1,1,0,7,0,0,0,0
660,224,Charoennakorn River Place,13.70716,100.4931343,id_224.shp,0,1,0,0,0,0,0,0,0,0,0,0,0,0,0,0,3,0,0,0,1,0,0,5,0,0,0,0,0,11,4,0,0,2,0,1,0,5,0,0,0,0
661,225,Chateau in Town Charansanitwong 96/2,13.8076235,100.5128471,id_225.shp,0,0,0,0,0,0,0,0,0,0,0,0,0,0,0,0,2,0,0,0,0,0,0,2,0,0,0,0,0,5,5,0,0,0,0,0,0,7,0,0,0,0
662,226,Chateau In Town Major Ratchayothin,13.8296227,100.5725917,id_226.shp,0,0,0,0,0,0,0,0,0,0,0,0,0,0,0,2,1,0,0,0,0,1,0,3,0,0,0,0,0,5,2,0,0,1,0,0,0,16,1,0,0,0
663,227,Chateau In Town Major Ratchayothin 2,13.8314587,100.5754448,id_227.shp,0,0,1,0,0,0,0,0,0,0,0,0,0,0,0,2,0,0,0,1,0,0,0,5,0,0,0,0,0,7,2,0,0,0,0,3,0,17,1,0,0,0
664,228,Chateau In Town Phaholyothin 11,13.7877258,100.5445986,id_228.shp,0,0,0,0,0,0,0,0,0,1,0,0,0,0,1,7,0,0,0,3,0,2,0,20,0,0,0,0,3,11,5,0,1,2,0,2,0,40,3,0,0,0
665,229,Chateau In Town Phaholyothin 14,13.785965,100.5491769,id_229.shp,0,0,0,0,0,0,0,0,0,0,0,0,0,0,0,5,3,0,0,3,0,1,0,18,2,0,0,0,4,11,2,0,1,2,0,3,0,40,1,0,0,0
666,23,Ables Ladprao 27,13.8045746,100.578495,id_23.shp,0,2,0,0,0,0,0,0,0,1,0,0,0,0,0,2,0,0,0,0,0,0,0,1,1,0,0,0,1,7,2,0,0,0,0,1,0,4,2,0,0,0
667,230,Chateau In Town Phaholyothin 14 - 2,13.7868844,100.548183,id_230.shp,0,2,0,0,0,0,0,0,0,3,0,0,0,0,0,5,1,0,0,3,0,1,0,15,1,0,0,0,4,10,4,0,1,2,0,3,0,40,2,0,0,0
668,231,Chateau In Town Rama 8,13.7718995,100.4928005,id_231.shp,0,1,0,0,0,0,0,0,0,0,0,0,0,0,0,0,4,1,0,0,0,0,2,0,0,0,0,0,1,7,7,0,0,0,0,2,1,15,0,0,0,0
669,232,Chateau In Town Ratchada 13,13.7821292,100.5709988,id_232.shp,0,1,1,0,0,0,0,0,0,0,0,0,0,0,2,7,1,0,0,0,0,3,0,9,1,0,0,0,0,20,1,0,0,0,0,2,0,10,1,0,0,0
670,233,Chateau In Town Ratchada 17,13.7847332,100.5722244,id_233.shp,0,1,0,0,0,0,0,1,0,0,1,0,0,0,0,4,1,0,0,0,0,2,0,6,1,0,0,0,3,18,1,0,0,0,0,2,0,16,0,0,0,0
671,234,Chateau In Town Ratchada 19,13.799381,100.573846,id_234.shp,1,0,1,0,0,0,0,0,0,2,0,0,0,0,0,2,1,0,0,0,0,1,0,3,0,0,0,0,0,9,2,0,0,0,0,0,0,7,2,0,0,0
672,235,Chateau In Town Ratchada 20,13.7923256,100.5757051,id_235.shp,0,0,0,0,0,0,0,0,0,0,0,0,0,0,1,7,0,0,0,0,0,0,0,6,0,0,0,0,1,7,5,0,0,0,0,1,0,12,2,0,0,0
673,236,Chateau In Town Ratchada 20 - 2,13.7924208,100.5759821,id_236.shp,0,0,0,0,0,0,0,0,0,0,0,0,0,0,1,7,0,0,0,0,0,0,0,6,0,0,0,0,1,7,5,0,0,0,0,3,0,12,2,0,0,0
674,237,CHATEAU IN TOWN RATCHADA 36,13.8210272,100.5885632,id_237.shp,0,0,0,0,0,0,0,0,0,0,0,0,0,0,1,2,0,0,0,0,0,1,0,0,2,0,0,0,0,5,2,0,0,0,0,1,0,8,2,0,0,0
675,238,Chateau In Town Sukhumvit 62/1,13.6926275,100.6053491,id_238.shp,0,0,0,0,0,0,0,0,0,0,0,0,0,0,0,0,0,0,0,1,0,0,0,0,0,0,0,0,0,7,4,0,0,0,0,0,0,2,0,0,0,0
676,239,Chateau in Town Sukhumvit 64,13.6901142,100.6051906,id_239.shp,0,0,0,0,0,0,0,0,0,0,0,0,0,0,0,0,1,0,0,0,0,0,0,0,0,0,0,0,0,5,2,0,0,1,0,0,0,7,0,0,0,0
677,24,THE LINE Phahonyothin Park,13.8176812,100.565001,id_24.shp,0,0,0,0,0,0,0,0,0,3,1,0,0,0,0,2,1,0,0,0,1,0,0,1,1,0,0,0,0,8,2,1,0,0,1,2,0,7,1,0,0,0
678,240,Chateau In Town Vibhavadi 10,13.7910999,100.5630956,id_240.shp,0,0,0,0,0,0,0,0,0,0,0,0,0,0,0,1,0,0,0,0,0,0,0,1,0,0,0,0,0,6,0,0,0,0,0,0,0,10,0,0,0,0
679,241,Chateau In Town Vibhavadi 30,13.82306171,100.5624265,id_241.shp,0,0,0,0,0,0,0,0,0,0,0,0,0,0,0,1,1,0,0,0,0,0,0,1,0,0,0,0,0,6,1,0,1,0,1,1,0,17,3,0,0,0
680,242,Chatrium Residence Riverside,13.7108458,100.5095806,id_242.shp,0,1,0,0,0,0,0,0,0,0,0,0,0,0,0,5,4,0,0,0,0,2,0,5,1,0,0,0,0,13,10,0,0,0,1,0,0,22,2,0,0,0
681,243,Chewathai Hallmark Charan 13,13.74047435,100.4667879,id_243.shp,0,1,0,0,0,0,0,0,0,0,0,0,0,0,0,3,1,0,0,0,0,0,0,0,0,0,0,0,0,11,8,1,0,0,0,0,1,0,0,0,0,0
682,244,Chewathai Interchange,13.8062392,100.529729,id_244.shp,0,0,0,0,0,0,0,0,0,1,0,0,0,0,0,2,1,0,0,0,0,0,0,0,0,0,0,0,0,1,4,0,1,1,1,0,0,4,0,0,0,0
683,245,Chewathai Kaset-Nawamin,13.8403102,100.5875648,id_245.shp,0,0,0,0,0,0,0,0,0,0,0,0,0,0,0,0,0,0,0,0,0,1,0,0,0,0,0,0,0,1,4,0,0,0,0,0,0,4,0,0,0,0
684,246,Chewathai Phetkasem 27,13.7178692,100.4538443,id_246.shp,0,1,0,1,0,0,0,1,0,3,0,0,0,0,0,6,1,0,0,0,0,3,0,3,0,0,0,0,0,6,4,0,0,0,0,0,0,15,0,0,0,0
685,247,Chewathai Pinklao,13.7704363,100.4872581,id_247.shp,0,0,0,0,0,0,0,0,0,0,0,0,0,0,0,8,0,0,0,0,0,1,0,1,0,0,0,0,0,7,8,1,0,0,0,0,2,4,0,0,0,0
686,248,Chewathai Ramkamhaeng,13.7619079,100.6329357,id_248.shp,0,2,0,0,0,0,0,0,0,0,0,0,0,0,1,4,2,0,0,1,0,0,0,0,0,0,0,0,0,0,0,0,0,0,0,1,0,2,1,0,0,0
687,249,Chewathai Ratchaprarop,13.76155055,100.5431011,id_249.shp,0,0,1,0,0,0,0,0,0,0,0,0,0,0,3,4,2,0,0,0,0,0,1,4,0,0,0,0,2,11,2,0,0,6,1,1,0,33,1,0,0,0
688,25,Abstracts Sukhumvit 66 / 1,13.6797525,100.6071463,id_25.shp,0,0,0,0,0,0,0,0,0,0,0,0,0,0,0,1,0,0,0,0,0,0,0,0,0,0,0,0,1,7,6,1,0,0,0,0,0,8,1,0,0,0
689,250,Chewathai Residence Asoke,13.7539417,100.5643033,id_250.shp,0,1,0,0,0,0,0,0,0,0,0,0,0,0,0,1,0,0,0,1,1,0,0,1,0,0,0,0,3,12,3,0,0,2,3,2,0,15,1,0,0,0
690,251,Chewathai Residence Bang Pho,13.8061047,100.5223715,id_251.shp,0,1,0,0,0,1,1,0,0,1,0,0,0,0,0,0,2,0,0,0,0,0,0,2,0,0,0,0,0,1,4,0,0,0,0,0,0,2,0,0,0,0
691,252,Chidlom Place,13.7483242,100.544346,id_252.shp,0,3,0,0,0,0,0,0,0,1,0,0,0,0,1,4,0,0,0,0,3,1,0,16,2,0,0,0,5,22,5,0,0,3,7,15,0,69,2,0,0,0
692,253,Chrisma Condo Ramintra,13.8276979,100.6754887,id_253.shp,0,0,0,0,0,0,0,0,0,13,1,0,0,0,0,1,0,0,0,1,2,0,0,7,0,0,0,0,0,1,0,0,0,0,0,0,0,0,0,0,0,0
693,254,Ciela Charan 13 Station,13.7407653,100.4702574,id_254.shp,0,3,0,0,0,0,0,0,0,0,0,0,0,0,0,0,4,1,0,0,0,0,0,0,0,0,0,0,0,9,3,0,0,0,0,0,0,0,0,0,0,0
694,255,CIELA Sripatum,13.855937,100.5849566,id_255.shp,0,0,1,1,0,0,0,0,0,0,0,0,0,0,0,0,2,0,0,0,0,0,0,0,0,0,0,0,0,1,2,0,0,0,0,0,0,2,0,0,0,0
695,256,Circle Living Prototype,13.7503655,100.5561816,id_256.shp,0,2,0,0,0,0,0,0,0,0,0,0,0,0,0,1,2,0,0,0,0,0,0,0,0,0,0,0,2,27,2,0,0,4,0,20,0,59,1,0,0,0
696,257,Circle Condominium,13.7496468,100.5558679,id_257.shp,0,2,0,0,0,0,0,0,0,0,0,0,0,0,0,3,3,0,0,0,0,1,0,8,0,0,0,0,2,27,1,0,0,4,0,51,0,58,1,0,0,0
697,258,Circle Rein Sukhumvit 12,13.7356367,100.5577985,id_258.shp,0,0,0,0,0,0,0,0,0,4,0,0,0,0,2,15,0,0,0,0,3,24,0,48,2,0,0,0,2,37,1,0,0,1,1,91,1,142,2,0,0,0
698,259,Circle Sukhumvit 11,13.7458539,100.5560514,id_259.shp,0,4,0,0,0,0,0,8,0,14,0,0,0,0,0,12,2,0,0,1,0,7,0,30,1,0,0,0,6,33,2,0,0,3,3,56,0,97,2,0,0,0
699,26,Acadamia Grand Tower,13.7293937,100.5729278,id_26.shp,0,1,0,0,0,0,0,4,0,4,2,0,0,0,5,8,0,0,0,0,3,2,0,41,3,0,0,0,4,18,6,0,0,1,3,33,1,105,5,0,0,0
700,260,CitiSmart Sukhumvit 18,13.7347952,100.5622594,id_260.shp,0,9,0,0,0,0,0,5,0,17,0,0,0,0,2,15,0,0,0,0,3,40,0,55,2,0,0,0,3,34,4,0,0,1,3,33,2,118,1,0,0,0
701,261,City Home Ratchada,13.7716035,100.5759945,id_261.shp,0,0,0,0,0,0,0,0,0,0,0,0,0,0,0,4,2,0,0,0,1,0,0,4,1,0,0,0,2,14,3,0,1,0,1,1,0,14,1,0,0,0
702,262,City Home Ratchada - Pinklao,13.8053355,100.5104014,id_262.shp,0,0,0,0,0,0,0,0,0,0,0,0,0,0,0,0,1,0,0,0,0,0,0,3,0,0,0,0,0,4,4,0,0,0,0,0,0,3,0,0,0,0
703,263,City Home Srinakarin,13.6549448,100.6477593,id_263.shp,0,1,0,0,0,1,0,0,0,2,0,0,0,0,0,0,0,0,0,0,0,0,0,4,1,0,0,0,0,2,0,0,0,0,0,0,0,1,0,0,0,0
704,264,City Home Sukhumvit,13.6808551,100.6108019,id_264.shp,0,1,0,0,0,0,0,0,0,0,0,0,0,0,0,1,1,0,0,0,0,0,0,6,0,0,0,0,1,4,4,0,0,0,0,0,0,1,0,0,0,0
705,265,City Home Tha - Phra Intersection,13.7284513,100.4740986,id_265.shp,0,0,1,0,0,0,0,0,0,0,0,0,0,0,0,0,1,0,0,0,0,0,0,1,0,0,0,0,0,12,12,0,1,0,0,0,0,1,0,0,0,0
706,266,City Lakes Tower Sukhumvit 16,13.7336812,100.5610784,id_266.shp,0,2,0,0,0,0,0,0,0,8,1,0,0,0,2,21,0,0,0,0,2,39,1,58,0,0,0,0,2,26,4,0,0,1,4,40,1,109,1,0,0,0
707,267,City Living Ratchada,13.7710911,100.5764031,id_267.shp,0,0,0,0,0,0,0,0,0,0,0,0,0,0,0,3,2,0,0,0,1,0,0,4,1,0,0,0,2,14,2,0,1,0,1,1,0,13,1,0,0,0
708,268,City Room Ratchada - Suthisan,13.7900239,100.5725431,id_268.shp,0,1,0,0,0,0,0,0,0,1,0,0,0,0,0,9,0,0,0,0,0,1,0,7,2,0,0,0,1,7,3,0,0,0,0,2,0,12,0,0,0,0
709,269,City Villa,13.77093713,100.6295606,id_269.shp,0,0,0,0,0,0,0,0,0,0,0,0,0,0,0,1,2,0,0,0,0,0,0,0,0,0,0,0,1,3,2,0,0,1,0,0,0,2,0,0,0,0
710,27,Aequa Sukhumvit 49,13.7276583,100.575469,id_27.shp,3,1,0,0,0,0,0,0,0,20,1,0,0,0,1,3,1,0,0,0,1,6,0,16,3,0,0,0,4,19,4,0,0,1,4,31,1,100,6,0,0,0
711,270,Click Condo Sukhumvit 65,13.7225769,100.5878896,id_270.shp,0,0,1,0,0,0,0,0,0,1,0,0,0,0,0,2,2,0,0,1,3,2,0,27,1,0,0,0,2,11,6,0,0,1,3,10,0,54,6,0,0,0
712,271,Cloud Residences SKV 23,13.7389082,100.5648995,id_271.shp,0,3,1,0,0,0,0,5,0,10,0,0,0,0,2,19,1,0,0,1,1,29,0,53,0,0,0,0,3,38,2,1,0,1,4,42,1,125,3,0,0,0
713,272,CLOUD Thonglor-Phetchaburi,13.746375,100.5766627,id_272.shp,0,0,0,0,0,0,0,0,0,0,0,0,0,0,0,2,0,0,0,0,0,0,0,4,1,0,0,0,0,8,4,0,0,6,2,3,0,7,1,0,0,0
714,273,Clover Ladprao 83,13.7872679,100.6140293,id_273.shp,0,0,0,0,0,0,0,0,0,0,0,0,0,0,0,2,0,0,0,0,0,0,0,1,1,0,0,0,0,4,3,0,0,0,0,0,0,0,0,0,0,0
715,274,COCO Parc,13.722191,100.5534419,id_274.shp,0,0,1,0,0,0,0,1,0,0,0,0,0,0,1,1,0,0,0,2,0,0,0,12,0,0,0,0,1,9,5,0,0,0,1,3,0,53,1,0,0,0
716,275,Collezio Sathorn - Pipat,13.7234511,100.5317561,id_275.shp,1,2,0,0,0,0,0,0,0,4,0,0,0,0,4,6,1,0,0,1,0,10,0,46,3,0,0,0,9,30,9,2,0,2,0,30,1,140,4,0,0,0
717,276,Commonwealth Pinklao,13.7766602,100.4841333,id_276.shp,0,0,0,0,0,0,0,0,0,1,0,0,0,0,0,4,0,0,0,0,0,0,0,1,0,0,0,0,0,6,8,0,0,0,1,1,1,3,0,0,0,0
718,277,Condo One Ladprao 15,13.8091656,100.5708353,id_277.shp,0,3,0,0,0,0,0,0,0,0,0,0,0,0,0,3,0,0,0,0,0,0,0,2,1,0,0,0,0,8,1,0,0,0,0,2,0,6,1,0,0,0
719,278,Condo One Sathorn,13.7125,100.549036,id_278.shp,0,0,0,0,0,0,0,1,0,1,0,0,0,0,0,0,2,0,0,0,0,0,0,5,0,0,0,0,0,2,2,0,0,0,0,2,1,17,1,0,0,0
720,279,Condo One Siam,13.7489761,100.5275199,id_279.shp,0,0,0,0,0,0,0,2,0,1,0,0,0,0,1,8,4,1,0,0,1,0,0,17,0,0,0,0,2,25,7,1,1,0,6,10,0,72,0,0,0,0
721,28,AESTIQ Thonglor,13.7381181,100.584166,id_28.shp,1,2,0,0,0,1,0,0,0,3,0,0,0,0,0,4,1,0,0,0,2,6,0,16,1,0,0,0,1,6,2,0,1,2,3,28,0,58,1,0,0,0
722,280,Condo One Soho,13.7362913,100.5141998,id_280.shp,0,2,0,0,0,0,0,2,0,5,0,0,0,0,0,6,4,0,0,2,0,10,0,29,1,0,0,0,3,15,11,0,2,1,1,9,0,82,0,0,0,0
723,281,Condo One Sukhumvit 52,13.7039946,100.5996251,id_281.shp,0,1,0,0,0,0,0,0,0,3,0,0,0,0,1,4,1,0,1,0,0,3,0,2,3,0,0,0,0,12,5,0,0,0,0,0,0,9,0,0,0,0
724,282,Condo One Sukhumvit 67,13.7182706,100.5900997,id_282.shp,0,0,1,0,0,0,0,0,0,0,0,0,0,0,0,4,2,0,0,1,0,0,0,9,2,0,0,0,2,14,6,0,0,1,3,7,0,63,1,0,0,0
725,283,Condo One Thonglor,13.7216579,100.5804701,id_283.shp,0,2,0,0,0,0,0,1,0,2,0,0,0,0,1,6,3,0,0,0,1,6,0,34,3,0,0,0,5,9,7,0,0,2,4,2,0,70,5,0,0,0
726,284,Condo One X Sathorn - Narathiwat,13.7000418,100.5357145,id_284.shp,0,0,1,0,0,0,0,0,0,2,0,0,0,0,0,4,2,0,0,0,0,0,0,26,1,0,0,0,3,6,6,0,1,1,0,0,0,12,1,0,0,0
727,285,Condo One X Sukhumvit 26,13.725074,100.5688826,id_285.shp,0,2,0,0,0,0,0,1,0,5,0,0,0,0,0,4,3,0,0,0,0,4,0,22,0,0,0,0,6,17,3,0,0,0,3,22,1,85,6,0,0,0
728,286,Condo U @ Huamak Station,13.7509467,100.6362283,id_286.shp,0,0,0,0,0,0,0,0,0,0,0,0,0,0,0,0,0,0,0,0,0,0,0,0,0,0,0,0,0,3,2,1,0,0,0,0,1,8,1,0,0,0
729,287,Condo U Kaset Nawamin,13.8377365,100.5824566,id_287.shp,0,0,0,0,0,0,0,0,0,0,0,0,0,0,0,0,0,0,0,0,0,1,0,3,0,0,0,0,0,5,3,0,0,1,0,2,0,12,0,0,0,0
730,288,Condo U Ratchayothin,13.8348742,100.5809208,id_288.shp,0,0,0,0,0,0,0,0,0,1,0,0,0,0,0,1,0,0,0,0,0,0,0,4,0,0,0,0,0,4,4,0,0,1,0,4,0,11,0,0,0,0
731,289,Condo U Vibha - Ladprao,13.8028256,100.5618085,id_289.shp,0,0,0,0,0,0,0,0,0,0,0,0,0,0,0,0,0,0,0,0,0,0,1,0,0,0,0,0,0,12,2,1,0,0,0,1,1,7,0,0,0,0
732,29,Aguston Sukhumvit 22,13.7251898,100.5646731,id_29.shp,0,0,0,0,0,0,0,1,0,1,0,0,0,0,0,5,2,0,0,0,0,3,0,14,0,0,0,0,2,25,3,0,0,1,3,26,2,88,4,0,0,0
733,290,Condolette Dwell Sukhumvit 26,13.7257145,100.5708737,id_290.shp,0,1,1,0,0,0,0,0,0,5,0,0,0,0,2,9,2,0,0,0,0,7,0,31,2,0,0,0,5,13,3,0,0,0,4,17,1,83,5,0,0,0
734,291,Condolette Ize Ratchathewi,13.7533166,100.5309042,id_291.shp,0,3,0,0,0,0,0,0,0,5,0,0,0,0,0,12,1,0,0,0,0,9,0,16,0,0,0,0,1,23,10,1,1,2,8,2,0,59,0,0,0,0
735,292,Condolette Light Convent,13.7250498,100.533078,id_292.shp,0,1,0,0,0,0,0,0,0,6,0,0,0,0,5,11,1,0,0,2,0,17,0,61,5,0,0,0,9,26,5,1,0,1,0,23,1,113,3,0,0,0
736,293,Condolette Midst Rama 9,13.7556667,100.5663737,id_293.shp,0,0,0,0,0,0,0,0,0,0,0,0,0,0,0,2,0,0,0,0,2,0,0,5,0,0,0,0,2,11,2,0,0,2,2,3,0,10,1,0,0,0
737,294,Condolette Pixel Sathorn,13.7182768,100.5492522,id_294.shp,0,1,0,0,0,0,0,0,0,2,0,0,0,0,0,2,2,0,0,0,0,2,0,14,0,0,0,0,2,4,5,0,0,2,1,2,1,50,0,0,0,0
738,295,CONNER Ratchathewi,13.7539998,100.5290959,id_295.shp,0,3,0,0,0,0,0,0,0,3,0,0,0,0,0,10,2,0,0,0,0,9,0,16,0,0,0,0,1,19,9,1,1,2,3,2,0,39,0,0,0,0
739,296,Cooper Siam,13.7460599,100.5223991,id_296.shp,1,0,0,0,1,0,0,0,0,3,0,0,0,0,0,5,3,1,0,0,0,0,0,16,0,0,0,0,0,14,11,1,0,3,2,2,0,32,0,0,0,0
740,297,Country Complex,13.6738155,100.5997125,id_297.shp,0,0,0,0,0,0,0,0,0,0,1,0,0,0,0,2,2,1,0,0,0,0,0,0,0,0,0,0,0,2,2,0,0,1,0,0,0,2,0,0,0,0
741,298,Crystal Garden,13.7351017,100.5534633,id_298.shp,0,0,0,0,0,0,0,1,0,0,0,0,0,0,0,0,1,0,0,0,0,2,0,13,0,0,0,0,4,37,4,0,0,0,3,80,1,128,5,0,0,0
742,299,CU Terrace,13.7406289,100.5253776,id_299.shp,0,2,0,0,0,0,0,0,0,2,0,0,0,0,0,1,1,0,0,0,0,0,0,17,0,0,0,0,7,21,5,3,1,0,4,2,0,115,4,0,0,0
743,3,15 Suite,13.745824,100.5587234,id_3.shp,0,1,1,0,0,0,0,0,0,3,0,0,0,0,1,14,1,0,0,1,0,13,0,31,0,0,0,0,3,40,2,1,0,3,3,64,0,109,3,0,0,0
744,30,Airborne Place,13.9149474,100.5885965,id_30.shp,0,1,0,0,0,0,0,0,0,0,0,0,0,0,0,3,1,0,0,0,0,0,0,1,0,0,0,0,0,1,3,0,1,0,0,0,0,1,0,0,0,0
745,300,D 25 Thonglor,13.7391018,100.5827252,id_300.shp,0,1,0,0,0,1,0,0,0,2,0,0,0,0,1,4,0,0,0,0,1,4,0,15,0,0,0,0,1,8,3,0,1,3,4,27,0,52,3,0,0,0
746,301,D 65,13.7217594,100.5885704,id_301.shp,0,0,0,0,0,0,0,0,0,0,0,0,0,0,0,4,5,0,0,1,2,2,0,20,0,0,0,0,2,10,4,0,0,1,2,9,0,66,4,0,0,0
747,302,D Condo Charan - Bangkhunnon,13.770472,100.469651,id_302.shp,0,0,0,0,1,0,0,0,0,0,0,0,0,0,0,0,2,0,0,0,0,0,1,0,0,0,0,0,0,2,6,0,0,0,0,0,0,1,0,0,0,0
748,303,D Condo Onnut - Suvarnabhumi,13.72121,100.7211156,id_303.shp,0,0,0,0,0,0,0,0,0,0,0,0,0,0,0,0,2,0,0,0,1,0,0,0,0,0,0,0,0,1,1,0,0,0,1,0,0,2,1,0,0,0
749,304,D Condo Ramindra,13.8535638,100.6361326,id_304.shp,0,0,0,0,0,0,0,0,0,0,0,0,0,0,0,0,0,0,0,0,0,0,1,0,0,0,0,0,0,4,0,0,0,0,0,0,0,5,2,0,0,0
750,305,D Condo Ramkhamhaeng,13.7648128,100.6536771,id_305.shp,0,0,1,0,0,0,0,0,0,0,0,0,0,0,0,1,1,1,0,0,0,0,0,1,0,0,0,0,0,2,7,0,1,0,0,0,0,4,1,0,0,0
751,306,D Condo Ramkhamhaeng 64,13.7648128,100.6536771,id_306.shp,0,0,1,0,0,0,0,0,0,0,0,0,0,0,0,1,1,1,0,0,0,0,0,1,0,0,0,0,0,2,7,0,1,0,0,0,0,4,1,0,0,0
752,307,D Condo Ratchada 19,13.79991,100.5735675,id_307.shp,1,0,1,0,0,0,0,0,0,1,0,0,0,0,0,2,1,0,0,0,0,1,0,5,0,0,0,0,0,11,1,0,0,0,0,0,0,6,2,0,0,0
753,308,D' Mura Ratchayothin,13.837108,100.5835053,id_308.shp,0,0,0,0,0,0,0,0,0,0,0,0,0,0,0,0,0,0,0,0,0,1,0,2,0,0,0,0,0,2,4,0,0,0,0,1,0,6,0,0,0,0
754,309,D.S. Tower 1 Sukhumvit 33,13.7373488,100.5686529,id_309.shp,0,2,1,0,0,0,0,0,0,8,0,0,0,0,0,3,1,0,0,0,0,14,0,36,0,0,0,0,5,48,1,1,0,2,6,52,1,119,5,0,0,0
755,31,Airlink Residence,13.7363594,100.7446371,id_31.shp,0,0,0,0,0,0,0,0,0,0,0,0,0,0,0,1,0,0,0,0,0,0,0,0,0,0,0,0,0,1,0,0,0,0,0,0,0,0,0,0,0,0
756,310,D.S. Tower 2 Sukhumvit 39,13.7405995,100.5708083,id_310.shp,0,0,0,0,0,0,0,0,0,0,0,0,0,0,0,6,1,0,0,0,0,2,0,21,1,0,0,0,2,24,4,1,0,2,0,28,0,63,0,0,0,0
757,311,Dalin Place,13.8892687,100.601131,id_311.shp,0,0,0,0,0,0,0,0,0,0,0,0,0,0,0,0,0,0,0,0,0,0,0,0,0,0,0,0,0,1,2,0,0,1,0,0,0,0,0,0,0,0
758,312,dBURA Pran Nok,13.7568529,100.477617,id_312.shp,0,1,0,0,0,0,0,0,0,0,0,0,0,0,0,8,0,0,0,0,0,0,0,0,0,0,0,0,0,20,13,0,0,4,0,1,0,12,1,0,0,0
759,313,Dcondo Campus Resort Ratchapruek - Charan 13,13.7391584,100.4479944,id_313.shp,0,0,0,0,0,0,0,0,0,0,0,0,0,0,0,1,1,0,0,0,0,0,0,3,0,0,0,0,0,1,3,0,0,0,0,0,0,8,0,0,0,0
760,314,DCondo Onnut Rama 9,13.7303733,100.6997389,id_314.shp,0,0,0,0,0,0,0,0,0,0,0,0,0,0,0,0,0,0,0,0,0,0,0,0,0,0,0,0,0,0,0,0,0,0,0,0,0,2,1,0,0,0
761,315,Dcondo Tann Charan,13.7717325,100.4594002,id_315.shp,0,0,0,0,0,0,0,0,0,0,0,0,0,0,0,0,0,0,0,0,0,0,0,0,0,0,0,0,0,0,5,0,2,0,0,0,0,2,0,0,0,0
762,316,De Lapis Charan 81,13.7920492,100.5036955,id_316.shp,0,1,0,0,0,0,0,0,0,0,0,0,0,0,0,1,2,0,1,0,0,0,0,4,0,0,0,0,0,1,6,0,0,0,0,1,0,2,0,0,0,0
763,317,DEN Vibhavadi,13.8907905,100.5862783,id_317.shp,1,1,0,0,0,0,0,0,0,0,0,0,0,0,0,2,2,0,0,0,0,0,0,0,0,0,0,0,0,4,0,0,1,0,0,0,0,1,2,0,0,0
764,318,Denim Jatujak,13.7974943,100.557043,id_318.shp,0,1,0,0,0,0,0,0,0,0,0,0,0,0,0,0,0,0,0,0,0,0,0,0,0,0,0,0,0,9,2,0,0,1,0,2,1,12,1,0,0,0
765,319,Deves Mansion,13.7667514,100.5040333,id_319.shp,0,3,2,0,0,0,0,0,0,2,0,0,0,0,0,7,3,1,0,0,0,2,0,16,1,0,0,0,1,13,10,1,1,0,1,15,1,70,1,0,0,0
766,32,All Seasons Mansion,13.7395274,100.5484397,id_32.shp,1,0,0,0,0,0,0,3,0,10,0,0,0,0,1,4,1,0,0,0,0,3,0,27,1,0,0,0,4,25,2,0,0,1,5,59,0,110,5,0,0,0
767,320,Dhennakorn Residence,13.7054681,100.3905495,id_320.shp,0,0,0,0,0,0,0,0,0,1,0,0,0,0,0,1,1,0,0,0,0,0,0,2,0,0,0,0,2,6,2,0,0,0,0,0,0,4,0,0,0,0
768,321,Diamond Ratchada,13.7746668,100.5739626,id_321.shp,0,2,1,0,0,0,0,0,0,1,0,0,0,0,0,6,1,0,0,0,1,1,0,4,1,0,0,0,2,12,3,0,1,0,0,2,0,10,1,0,0,0
769,322,Diamond Ratchada Cool House,13.7754726,100.5745254,id_322.shp,0,2,0,0,0,0,0,0,0,0,0,0,0,0,2,7,2,0,0,0,0,1,0,5,0,0,0,0,0,11,5,0,1,0,1,2,0,9,1,0,0,0
770,323,Diamond Sukhumvit,13.7082704,100.5995125,id_323.shp,0,2,0,0,0,0,0,0,0,1,0,0,0,0,0,6,1,0,0,0,0,3,0,8,2,0,0,0,3,14,4,0,1,0,0,4,0,25,1,0,0,0
771,324,Diamond Tower,13.7248823,100.529356,id_324.shp,4,0,0,0,0,0,0,4,0,23,1,0,0,0,1,10,2,0,0,1,0,14,0,50,1,0,0,0,12,31,10,3,1,2,0,23,1,132,9,0,0,0
772,325,DLV Thonglor 20,13.7387665,100.5870911,id_325.shp,0,1,1,0,0,0,0,1,0,2,0,0,0,0,1,4,1,0,1,1,0,2,0,6,0,0,0,0,0,4,5,0,0,3,5,26,0,51,1,0,0,0
773,326,D'Memoria,13.7783022,100.5484479,id_326.shp,0,0,1,0,0,0,0,0,0,0,0,0,0,0,3,0,2,0,0,0,0,2,0,14,1,0,0,0,0,6,4,1,1,3,0,0,0,36,1,0,0,0
774,327,Dolce Lasalle,13.664737,100.6067904,id_327.shp,0,0,0,0,0,0,0,0,0,0,0,0,0,0,0,0,0,0,0,0,0,0,0,0,1,0,0,0,0,3,2,0,0,1,0,0,0,1,1,0,0,0
775,328,Dolce Udomsuk,13.6760319,100.61231,id_328.shp,0,0,1,0,0,0,0,0,0,0,0,0,0,0,0,2,0,0,0,0,0,0,0,1,0,0,0,0,1,6,2,0,0,0,0,0,0,7,1,0,0,0
776,329,Domus,13.73330095,100.5618799,id_329.shp,0,5,0,0,0,0,0,1,0,14,1,0,0,0,1,17,0,0,0,0,1,39,0,43,0,0,0,0,4,32,4,0,0,1,5,35,2,118,2,0,0,0
777,33,Altitude Define,13.7319102,100.52622,id_33.shp,2,4,0,0,0,0,0,0,0,6,1,0,0,0,3,10,3,0,1,0,0,2,1,83,3,0,0,0,7,24,7,3,0,1,0,32,0,115,4,0,0,0
778,330,Double U,13.8183257,100.5916823,id_330.shp,0,1,0,0,0,0,0,2,0,0,2,0,0,0,0,2,1,0,0,0,0,0,0,0,0,0,0,0,1,1,1,0,0,0,0,0,0,3,0,0,0,0
779,331,Downtown Forty Nine,13.740178,100.5780646,id_331.shp,0,0,0,0,0,0,0,0,0,0,0,0,0,0,1,0,1,0,0,0,0,0,0,2,0,0,0,0,1,11,0,0,1,3,4,27,0,70,4,0,0,0
780,332,Dynasty Complex,13.7920205,100.6082499,id_332.shp,0,0,1,0,0,0,0,0,0,0,0,0,0,0,0,0,1,0,0,0,0,0,0,1,0,0,0,0,0,5,1,0,0,0,0,0,0,0,1,0,0,0
781,333,Ease Rama 2,13.6701924,100.4368478,id_333.shp,0,0,0,0,0,0,0,0,0,0,0,0,0,0,0,5,0,0,0,0,0,0,0,1,0,0,0,0,1,6,1,0,0,0,2,0,0,7,0,0,0,0
782,334,Eastwood Park,13.7068716,100.6234249,id_334.shp,0,0,0,0,0,0,0,0,0,0,0,0,0,0,0,2,2,0,0,0,0,0,0,0,0,0,0,0,0,1,3,0,0,0,0,0,0,0,0,0,0,0
783,335,Edge Sukhumvit 23,13.73658459,100.5633504,id_335.shp,1,9,0,0,0,0,0,27,0,10,0,0,0,0,1,19,1,0,0,0,2,20,0,80,1,0,0,0,3,31,3,1,0,1,4,34,2,107,2,0,0,0
784,336,Eight Thonglor Residence,13.7304859,100.5819396,id_336.shp,0,2,0,0,0,0,0,4,0,12,1,0,0,0,1,1,0,0,0,0,4,22,0,49,2,0,0,0,7,14,3,0,0,2,5,16,0,95,7,0,0,0
785,337,Elements Srinakarin,13.6962337,100.6453272,id_337.shp,0,0,0,0,0,0,0,0,0,0,0,0,0,0,0,2,0,1,0,0,1,0,0,1,0,0,0,0,0,4,4,0,0,0,0,0,0,5,0,0,0,0
786,338,Elephant Tower,13.8254276,100.5684534,id_338.shp,0,0,0,0,0,0,0,0,0,0,0,0,0,0,0,4,1,0,0,0,0,1,0,11,1,0,0,0,0,0,1,0,1,0,0,0,0,6,1,0,0,0
787,339,Elio Del Nest Udomsuk,13.6787801,100.6160598,id_339.shp,0,1,0,0,0,0,0,0,0,1,0,0,0,0,0,1,0,0,0,0,0,0,0,0,0,0,0,0,1,4,4,0,0,0,0,0,0,9,1,0,0,0
788,34,Altitude Symphony Charoenkrung - Sathorn,13.7099361,100.5139942,id_34.shp,0,0,1,0,0,0,0,0,0,2,0,0,0,0,0,5,1,0,0,0,0,0,0,4,1,0,0,0,0,8,9,0,0,0,1,2,0,6,3,0,0,0
789,340,Elio Del Moss Phaholyothin 34,13.8389547,100.5825219,id_340.shp,0,0,0,0,0,0,0,0,0,1,0,0,0,0,0,0,0,0,0,0,0,1,0,2,0,0,0,0,0,5,2,0,0,1,0,3,0,14,0,0,0,0
790,341,Elio Del Ray,13.6847162,100.604285,id_341.shp,0,0,1,0,0,0,0,0,0,0,0,0,0,0,0,1,0,0,0,0,0,0,0,0,0,0,0,0,0,2,1,0,0,1,0,0,0,6,0,0,0,0
791,342,Elio Sathorn - Wutthakat,13.7154113,100.4648064,id_342.shp,0,0,0,0,0,0,0,0,0,0,0,0,0,0,0,2,2,0,0,0,0,0,0,6,0,0,0,0,0,3,6,0,0,1,0,0,0,2,1,0,0,0
792,343,Emerald Residence Ratchada,13.775027,100.5716026,id_343.shp,0,3,0,0,0,0,0,1,0,1,0,0,0,0,1,5,2,0,0,0,1,0,0,4,1,0,0,0,1,13,4,0,1,0,1,3,0,10,1,0,0,0
793,344,Empire House,13.7295926,100.5911114,id_344.shp,0,0,0,0,0,0,0,0,0,3,0,0,0,0,0,0,4,0,0,0,0,5,0,9,0,0,0,0,0,6,4,0,0,0,4,10,0,34,1,0,0,0
794,345,Episode Phahol - Sapanmai,13.8901022,100.6072222,id_345.shp,0,0,1,0,0,1,0,0,0,0,0,0,0,0,0,0,1,0,0,0,0,0,0,0,0,0,0,0,0,3,0,0,0,0,0,0,0,0,0,0,0,0
795,346,Equinox,13.8091851,100.5590117,id_346.shp,0,0,0,0,0,0,0,0,0,0,0,0,0,0,0,3,1,1,0,0,0,1,1,1,0,0,0,0,0,8,0,0,0,1,2,1,3,5,2,0,0,0
796,347,Esta Bliss,13.8121648,100.7150677,id_347.shp,0,0,0,0,0,1,0,0,0,0,0,0,0,0,0,0,1,0,0,0,0,0,0,0,0,0,0,0,0,0,1,0,0,1,0,0,1,0,0,0,0,0
797,348,Esta Phahol - Sapanmai,13.88951867,100.6066077,id_348.shp,0,0,0,0,0,1,0,0,0,0,0,0,0,0,0,0,2,0,0,0,0,0,0,0,0,0,0,0,0,2,0,0,0,0,0,0,0,0,0,0,0,0
798,349,Evergreen View Tower,13.6623817,100.650054,id_349.shp,0,1,0,0,0,0,0,0,0,1,0,0,0,0,0,1,0,0,0,0,0,0,0,0,2,0,0,0,0,2,1,0,0,1,0,0,0,6,1,0,0,0
799,35,Amanta Lumpini,13.7230199,100.5511665,id_35.shp,0,0,0,0,0,0,0,1,0,0,0,0,0,0,2,4,3,0,0,1,1,1,0,11,0,0,0,0,0,6,5,0,0,1,0,3,0,62,1,0,0,0
800,350,Executive Bangna,13.6762088,100.6432642,id_350.shp,0,0,0,0,0,0,0,0,0,1,0,0,0,0,0,2,0,0,0,0,0,0,0,0,0,0,0,0,0,1,3,0,0,1,0,1,0,2,1,0,0,0
801,351,Fair Tower,13.70549009,100.5969618,id_351.shp,0,1,0,0,0,0,0,0,0,0,0,0,0,0,0,2,0,0,0,0,0,3,0,5,3,0,0,0,1,13,7,0,1,0,0,1,0,12,0,0,0,0
802,352,Fairview Tower,13.7319285,100.5626128,id_352.shp,0,4,0,0,0,0,0,2,0,10,0,0,0,0,1,15,0,0,0,0,1,16,0,50,1,0,0,0,4,30,4,0,0,0,5,52,2,104,2,0,0,0
803,353,Fak Khao Pode,13.7572581,100.6388838,id_353.shp,0,0,0,0,0,0,0,0,0,0,0,0,0,0,0,0,1,0,0,0,0,0,0,1,0,0,0,0,0,4,2,0,0,1,0,0,1,0,0,0,0,0
804,354,Family Park,13.7941723,100.5885081,id_354.shp,0,0,0,0,0,0,0,0,0,0,0,0,0,0,0,8,1,0,0,0,0,0,0,2,0,0,0,0,0,4,5,0,0,0,0,1,0,3,1,0,0,0
805,355,Family Town,13.7917227,100.5592344,id_355.shp,0,0,0,0,0,0,0,0,0,0,0,0,0,0,0,0,0,0,0,0,0,0,0,0,0,0,0,0,0,8,2,0,0,0,0,0,0,5,1,0,0,0
806,356,Feel Condo Pinklao - Charan 59,13.7824559,100.4875888,id_356.shp,0,0,0,0,0,0,0,0,0,0,0,0,0,0,0,1,2,0,0,0,0,0,0,0,0,0,0,0,0,3,7,0,0,0,1,0,1,3,1,0,0,0
807,357,Felic Ladprao - Wanghin 79,13.8235215,100.5880361,id_357.shp,0,0,0,0,0,0,0,0,0,0,0,0,0,0,1,0,0,0,0,0,0,0,0,1,0,0,0,0,0,7,4,0,0,0,0,2,0,6,4,0,0,0
808,358,Ficus Lane,13.713931,100.5894229,id_358.shp,0,0,0,0,0,1,0,0,0,0,0,0,0,0,2,3,0,0,0,0,0,2,0,12,2,0,0,0,0,14,7,1,1,1,2,3,0,34,1,0,0,0
809,359,Fifty Fifth Tower,13.7258487,100.5802906,id_359.shp,2,1,1,0,0,0,0,1,0,11,2,0,0,0,1,6,0,0,0,0,1,5,0,22,2,0,0,0,3,5,8,0,0,0,8,38,0,123,8,0,0,0
810,36,Amanta Ratchada,13.7660786,100.5681513,id_36.shp,0,0,0,0,0,0,1,1,0,5,0,0,0,0,1,4,0,0,0,0,0,0,0,3,1,0,0,0,0,7,5,0,0,0,3,1,0,11,2,0,0,0
811,360,Flawless Sathorn Residence,13.7177573,100.524477,id_360.shp,0,0,1,1,0,1,0,0,0,0,0,0,0,0,0,7,4,0,0,0,0,0,0,6,0,0,0,0,7,16,13,0,0,2,0,13,0,75,1,0,0,0
812,361,Flora Condo Ville,13.8691405,100.5564326,id_361.shp,0,1,0,0,0,0,0,0,0,1,0,0,0,0,0,0,0,0,0,0,0,0,0,2,0,0,0,0,0,0,2,1,0,0,0,0,0,0,0,0,0,0
813,362,Focus Condominium,13.8198176,100.5957805,id_362.shp,0,0,0,0,0,0,0,0,0,0,0,0,0,0,0,0,2,0,0,0,0,2,0,1,2,0,0,0,1,3,1,0,0,0,0,0,0,3,0,0,0,0
814,363,Focus on Saladaeng,13.7267494,100.5371754,id_363.shp,1,0,0,0,0,0,0,1,0,16,0,0,0,0,7,13,1,0,0,1,0,10,0,60,4,0,0,0,6,16,2,1,0,2,0,25,2,89,3,0,0,0
815,364,Focus Ploenchit,13.7396923,100.5517141,id_364.shp,1,0,0,0,0,0,0,4,0,11,1,0,0,0,1,11,1,0,0,0,0,44,0,46,1,0,0,0,3,27,1,0,0,1,6,30,0,133,4,0,0,0
816,365,Formosa Ladprao 7,13.8103711,100.5674706,id_365.shp,0,1,0,0,0,0,0,0,0,2,0,0,0,0,0,4,0,0,0,0,0,1,0,0,0,0,0,0,0,9,2,1,0,0,2,1,0,9,4,0,0,0
817,366,Fortune Condo Town,13.700724,100.5361317,id_366.shp,0,1,1,0,0,0,0,0,0,2,0,0,0,0,0,1,2,0,0,0,0,0,0,27,2,0,0,0,3,7,7,0,1,1,0,0,0,12,0,0,0,0
818,367,Four Seasons Private Residences,13.7120933,100.5109961,id_367.shp,0,1,1,0,0,0,0,0,0,0,0,0,0,0,0,2,1,0,0,0,0,0,0,6,0,0,0,0,0,15,13,0,0,0,1,3,0,22,4,0,0,0
819,368,Four Street Mansion,13.8200353,100.5688222,id_368.shp,0,0,0,0,0,0,0,0,0,0,0,0,0,0,0,0,1,0,0,0,0,0,0,0,0,0,0,0,0,9,0,1,0,0,1,1,0,17,3,0,0,0
820,369,Four Wings Residence,13.7542622,100.6473491,id_369.shp,0,0,0,0,0,0,0,0,0,0,0,0,0,0,0,0,1,0,0,0,0,0,1,0,0,0,0,0,0,0,4,0,0,0,0,0,0,0,0,0,0,0
821,37,Amaranta Residence,13.7794113,100.5759438,id_37.shp,0,1,0,0,0,0,0,0,0,1,0,0,0,0,2,5,2,0,1,0,0,2,0,3,0,0,0,0,0,15,5,0,0,0,0,4,0,15,2,0,0,0
822,370,Fragrant 71,13.7197761,100.5978403,id_370.shp,0,0,0,0,0,0,0,0,0,2,0,0,0,0,0,4,1,0,0,0,0,0,0,5,0,0,0,0,2,9,5,0,0,0,0,4,0,23,2,0,0,0
823,371,Free Island Ladprao 93,13.7806502,100.6226582,id_371.shp,0,1,0,0,0,0,0,0,0,0,0,0,0,0,1,1,2,0,0,1,0,0,0,0,0,0,0,0,0,4,3,0,0,0,0,0,0,2,0,0,0,0
824,372,Fresh Condominium,13.8126836,100.5252523,id_372.shp,0,0,0,0,0,0,0,0,0,0,0,0,0,0,0,0,1,0,0,0,0,0,0,1,0,0,0,0,0,4,6,0,0,1,1,0,0,3,0,0,0,0
825,373,Fuse Chan - Sathorn,13.7061192,100.5305541,id_373.shp,1,1,0,0,0,0,0,0,0,0,0,0,0,0,0,2,2,0,0,0,0,0,0,3,0,0,0,0,1,9,12,0,1,1,2,0,0,15,3,0,0,0
826,374,Fuse Miti sutthisan - ratchada,13.7892472,100.5640014,id_374.shp,0,1,0,0,0,0,0,0,0,1,0,0,0,0,0,0,0,0,0,0,0,0,0,0,0,0,0,0,0,10,0,0,0,0,0,1,0,10,1,0,0,0
827,375,Fuse Mobius Ramkhamhaeng Station,13.7456482,100.6019394,id_375.shp,0,1,0,0,0,0,0,0,0,0,0,0,0,0,0,3,1,0,0,0,0,0,0,0,0,0,0,0,0,3,0,0,0,3,0,0,0,2,0,0,0,0
828,376,Fuse Sathorn - Taksin,13.7204667,100.4969842,id_376.shp,0,3,0,0,0,0,0,0,0,0,0,0,0,0,0,6,0,0,0,0,0,0,0,1,1,0,0,0,0,15,6,0,0,0,1,0,0,8,1,0,0,0
829,377,Fuse Sense' Bangkae,13.7106888,100.3963748,id_377.shp,0,1,0,0,0,0,0,0,0,0,0,0,0,0,2,5,1,0,0,1,0,0,0,3,0,0,0,0,1,1,3,0,0,0,0,0,0,4,0,0,0,0
830,378,FYNN Aree,13.7778609,100.5402359,id_378.shp,0,0,1,0,0,0,0,0,0,1,0,0,0,0,0,0,0,0,1,0,0,0,0,8,0,0,0,0,3,5,2,1,0,4,0,3,0,42,2,0,0,0
831,379,FYNN Asoke,13.7355892,100.5569706,id_379.shp,0,0,0,0,0,0,0,0,0,5,0,0,0,0,1,7,0,0,0,0,3,13,0,44,1,0,0,0,3,44,1,0,0,1,0,99,1,133,3,0,0,0
832,38,Anantara Baan Rajprasong,13.7388116,100.541253,id_38.shp,0,1,0,0,0,0,0,1,0,0,1,0,0,0,3,3,0,0,0,0,0,7,0,28,2,0,0,0,3,10,3,0,0,2,7,10,1,73,3,0,0,0
833,380,FYNN Sukhumvit 31,13.7415723,100.5669196,id_380.shp,0,2,0,0,0,0,0,0,0,9,0,0,0,0,0,7,3,1,0,1,0,5,0,26,0,0,0,0,3,40,3,0,0,1,3,55,0,103,2,0,0,0
834,381,G Style Condominium,13.7766346,100.581666,id_381.shp,0,0,0,0,0,0,0,0,0,1,0,0,0,0,0,2,3,0,1,0,0,0,0,2,0,0,0,0,2,13,4,0,0,0,0,4,0,12,0,0,0,0
835,382,Garden Asoke - Rama 9,13.7504675,100.5747844,id_382.shp,0,1,0,0,0,0,0,0,0,0,0,0,0,0,0,4,1,0,0,1,2,3,0,4,0,0,0,0,1,7,3,0,0,4,0,0,0,5,2,0,0,0
836,383,Garden Court,13.6745656,100.5125239,id_383.shp,0,0,0,0,0,0,0,0,0,0,0,0,0,0,0,0,1,0,0,0,0,0,0,0,0,0,0,0,0,2,4,0,0,0,0,0,0,0,0,0,0,0
837,384,Grand Condominium Wutthakat 57,13.7006216,100.4680173,id_384.shp,0,0,0,0,0,0,0,0,0,0,0,0,0,0,0,4,4,0,0,1,0,0,0,0,0,0,0,0,0,7,3,0,0,0,0,0,0,0,0,0,0,0
838,385,Grand Diamond Pratunam,13.74993738,100.5384084,id_385.shp,0,4,0,0,0,0,1,0,0,5,0,0,0,0,1,11,1,0,0,0,3,2,0,32,1,0,0,0,3,21,5,0,0,2,11,19,0,76,2,0,0,0
839,386,Grand Langsuan,13.7395551,100.5427197,id_386.shp,0,2,0,0,0,0,0,0,0,6,1,0,0,0,3,4,1,0,0,0,2,11,0,35,2,0,0,0,4,7,2,0,0,1,5,7,1,64,4,0,0,0
840,387,Grand Palace,13.7667154,100.6237819,id_387.shp,0,0,0,0,0,0,0,0,0,0,0,0,0,0,0,0,0,0,0,0,0,0,0,1,0,0,0,0,1,2,3,0,0,0,0,0,0,0,1,0,0,0
841,388,Grand Park Town,13.7724631,100.5961686,id_388.shp,0,0,1,0,0,0,0,0,0,0,0,0,0,0,0,0,1,0,0,0,0,0,0,1,0,0,0,0,0,0,0,0,0,0,0,1,0,1,0,0,0,0
842,389,Grand Park View Asoke,13.7435033,100.5620558,id_389.shp,0,5,0,0,0,0,0,1,0,12,0,0,0,0,2,13,1,1,0,2,0,0,0,18,0,0,0,0,2,45,4,0,0,1,3,95,0,138,2,0,0,0
843,39,Anil Sathorn 12,13.7210586,100.5257929,id_39.shp,0,2,0,0,0,0,0,0,0,3,0,0,0,0,2,4,7,1,0,1,0,5,0,39,0,0,0,0,6,23,6,1,0,3,0,17,0,79,3,0,0,0
844,390,Grand Ville House 1,13.7275149,100.5682857,id_390.shp,0,1,0,0,0,0,0,1,0,5,0,0,0,0,2,11,3,0,0,0,2,3,1,24,2,0,0,0,4,17,2,0,0,0,2,32,0,113,5,0,0,0
845,391,Grand Ville House 2,13.7402122,100.5590881,id_391.shp,0,5,0,0,0,0,0,7,0,12,0,0,0,0,3,19,0,0,0,1,3,39,0,71,1,0,0,0,2,45,4,1,0,2,0,64,0,125,3,0,0,0
846,392,Green Peace Mansion,13.7926084,100.5396457,id_392.shp,0,2,0,0,0,0,0,0,0,0,0,0,0,0,1,1,1,0,0,0,0,0,0,0,0,0,0,0,0,6,2,0,0,0,0,2,0,13,0,0,0,0
847,393,Green Point Silom,13.7282565,100.5291755,id_393.shp,0,2,0,0,0,0,0,7,0,20,0,0,0,0,5,14,3,0,0,1,0,22,1,67,3,0,0,0,15,31,5,2,1,2,0,11,0,150,8,0,0,0
848,394,Green Ville Condo @ Sukhumvit 101,13.6908863,100.6144917,id_394.shp,0,0,0,0,0,0,0,0,0,0,0,0,0,0,0,0,2,0,0,0,0,0,0,0,0,0,0,0,1,3,2,0,0,0,0,0,0,7,0,0,0,0
849,395,GROOVE VIBES LADPRAO 18,13.8027507,100.5699937,id_395.shp,0,0,0,0,0,0,0,0,0,1,0,0,0,0,0,2,2,0,0,0,0,1,0,3,0,0,0,0,1,12,1,0,0,0,0,0,1,9,1,0,0,0
850,396,H Sukhumvit 43,13.732918,100.5740218,id_396.shp,0,0,0,0,0,0,0,0,0,0,0,0,0,0,1,5,0,0,0,1,1,5,0,20,3,0,0,0,7,19,2,0,0,0,7,50,1,139,8,0,0,0
851,397,H2 Condominium,13.86454775,100.6170813,id_397.shp,0,1,0,0,0,0,0,0,0,0,0,0,0,0,0,3,0,0,0,0,0,0,0,2,0,0,0,0,1,1,1,0,0,0,0,0,0,3,1,0,0,0
852,398,Hallmark Ladprao-Chokchai 4,13.7957022,100.6000114,id_398.shp,0,0,0,0,0,0,0,0,0,0,0,0,0,0,0,0,1,0,0,0,0,0,0,0,0,0,0,0,0,6,5,0,0,1,0,2,0,2,0,0,0,0
853,399,Hampton Place,13.7643385,100.6275845,id_399.shp,0,0,0,0,0,0,0,0,0,0,0,0,0,0,0,0,0,0,0,0,0,0,0,0,0,0,0,0,1,5,4,0,0,1,0,1,0,2,1,0,0,0
854,4,15 Sukhumvit Residences,13.7419708,100.5583206,id_4.shp,0,3,0,0,0,0,0,2,0,5,0,0,0,0,2,23,1,0,0,1,3,32,0,83,2,0,0,0,3,40,3,1,0,2,0,70,0,99,1,0,0,0
855,40,Apool Condo,13.6643381,100.6316794,id_40.shp,0,0,0,0,0,0,0,0,0,1,0,0,0,0,0,1,1,0,0,1,0,0,0,0,0,0,0,0,0,3,2,0,0,1,1,0,0,3,1,0,0,0
856,400,Hampton Thonglor 10,13.7322319,100.5836252,id_400.shp,0,0,0,0,0,0,0,8,0,12,0,0,0,0,0,6,0,0,0,0,5,23,0,56,3,0,0,0,4,7,4,0,0,2,4,7,0,57,5,0,0,0
857,401,Hansar Rajdamri,13.73988488,100.5406032,id_401.shp,0,1,0,0,0,0,0,1,0,0,0,0,0,0,3,4,1,0,0,1,2,7,0,33,3,0,0,0,5,11,2,0,0,1,8,11,1,77,3,0,0,0
858,402,Happy Condo Ladprao 101,13.7880878,100.6274462,id_402.shp,0,1,0,0,0,0,0,0,0,2,0,0,0,0,0,3,0,0,0,0,0,0,0,0,0,0,0,0,0,1,3,0,0,0,0,0,0,0,0,0,0,0
859,403,Happy Condo Laksi - Donmuang,13.92636931,100.5837859,id_403.shp,0,0,0,0,0,0,0,0,0,0,0,0,0,0,0,0,2,0,0,0,0,0,0,1,0,0,0,0,0,0,2,0,0,0,0,0,0,1,0,0,0,0
860,404,Happy Condo Ratchada 18,13.7837733,100.5860829,id_404.shp,0,1,0,0,0,0,0,0,0,1,0,0,0,0,0,3,0,0,0,0,0,0,0,0,0,0,0,0,0,4,5,0,0,0,0,2,0,10,0,0,0,0
861,405,Harmony Living Sukhumvit 15,13.7461666,100.5589135,id_405.shp,0,0,1,0,0,0,0,0,0,1,0,0,0,0,1,14,1,0,0,1,0,12,0,30,0,0,0,0,3,39,2,1,0,3,3,64,0,105,3,0,0,0
862,406,Hasu Haus,13.7142404,100.6022808,id_406.shp,0,0,0,0,0,0,0,0,0,1,0,0,0,0,0,5,1,0,0,0,0,0,0,8,0,0,0,0,2,17,3,0,0,0,0,6,0,28,2,0,0,0
863,407,Haus 23 Ratchada - Ladprao,13.8051257,100.5759341,id_407.shp,0,1,0,0,0,0,0,0,0,1,0,0,0,0,0,2,0,0,0,0,0,1,0,1,1,0,0,0,1,7,3,0,0,0,0,0,0,7,1,0,0,0
864,408,Haven Luxe,13.7880754,100.5535852,id_408.shp,0,2,0,0,0,0,0,0,0,1,1,0,0,0,0,0,2,0,0,0,0,0,0,2,0,0,0,0,0,11,2,0,0,5,0,1,0,18,1,0,0,0
865,409,Heritage Condominium,13.7386868,100.5558062,id_409.shp,0,3,0,0,0,0,0,5,0,12,0,0,0,0,1,15,0,0,0,0,2,52,0,53,2,0,0,0,4,42,2,0,0,2,1,48,1,126,2,0,0,0
866,41,Arden Phatthanakan,13.7312591,100.6064688,id_41.shp,0,0,0,0,0,0,0,0,0,0,0,0,0,0,0,0,1,0,0,0,0,0,0,0,0,0,0,0,0,2,3,0,0,0,0,0,0,4,0,0,0,0
867,410,HI Ladprao 130,13.7666574,100.6327333,id_410.shp,1,2,0,0,0,0,0,0,0,0,0,0,0,0,0,0,2,0,0,0,0,0,0,0,0,0,0,0,0,7,2,0,0,2,0,0,0,1,0,0,0,0
868,411,Hive Sathorn,13.7216207,100.5027983,id_411.shp,0,1,0,0,0,0,0,0,0,0,1,0,0,0,0,5,2,0,0,0,0,0,0,2,1,0,0,0,0,15,4,0,0,0,2,0,0,24,3,0,0,0
869,412,Hive Sukhumvit 65,13.7204786,100.5881175,id_412.shp,0,0,1,0,0,1,0,0,0,0,0,0,0,0,0,5,3,0,0,0,2,2,0,23,1,0,0,0,2,11,5,0,0,1,2,10,0,60,3,0,0,0
870,413,Hive Taksin,13.7218707,100.4965179,id_413.shp,0,2,0,0,0,0,0,0,0,0,0,0,0,0,0,3,0,0,0,0,0,0,0,1,1,0,0,0,0,21,4,0,0,0,1,0,0,9,1,0,0,0
871,414,Hope and Guy Condo Town,13.8167803,100.567734,id_414.shp,0,0,0,0,0,0,0,0,0,0,0,0,0,0,0,1,0,0,0,0,0,0,0,3,2,0,0,0,0,10,3,1,0,0,2,2,0,9,1,0,0,0
872,415,HQ by Sansiri,13.7297644,100.5814008,id_415.shp,0,2,0,0,0,0,1,3,0,13,2,0,0,0,1,0,1,0,0,0,2,19,0,36,2,0,0,0,7,14,2,0,0,1,6,22,0,110,7,0,0,0
873,416,Hua Mark Condominium,13.7612941,100.6227877,id_416.shp,0,0,0,0,0,0,0,0,0,0,0,0,0,0,0,0,0,0,0,0,0,0,0,0,0,0,0,0,0,4,2,2,0,0,0,3,0,7,2,0,0,0
874,417,HUE Sukhumvit,13.6890689,100.6086332,id_417.shp,0,0,1,0,0,0,0,0,0,1,0,0,0,0,0,1,0,0,0,0,0,0,0,1,0,0,0,0,1,3,4,0,0,1,0,0,0,4,0,0,0,0
875,418,Humble Living @ Suppalerk,13.7913166,100.5814952,id_418.shp,0,0,0,0,0,0,0,0,0,1,0,0,0,0,1,2,2,0,0,0,0,0,0,4,0,0,0,0,0,11,2,0,0,0,0,2,0,7,0,0,0,0
876,419,Hyde Heritage Thonglor,13.7223588,100.5818933,id_419.shp,0,1,0,0,0,0,0,2,0,7,0,0,0,0,1,6,4,0,0,0,1,5,0,33,3,0,0,0,3,11,6,0,0,1,4,7,0,65,4,0,0,0
877,42,Aree Place Phahonyothin,13.7806789,100.5433195,id_42.shp,0,2,0,0,1,0,0,0,0,15,0,0,0,0,3,1,2,0,0,1,0,2,0,23,2,0,0,0,0,5,2,0,0,1,0,1,0,19,0,0,0,0
878,420,Hyde Sukhumvit 11,13.7436341,100.5564595,id_420.shp,0,3,0,0,0,0,0,10,0,20,0,0,0,0,0,19,1,0,0,1,0,48,0,47,1,0,0,0,6,35,3,0,0,2,3,41,0,91,2,0,0,0
879,421,Hyde Sukhumvit 13,13.7404403,100.5572732,id_421.shp,0,7,0,0,0,0,0,14,0,22,0,0,0,0,1,15,0,0,0,0,3,49,0,61,2,0,0,0,5,41,4,0,0,3,0,46,0,110,2,0,0,0
880,422,I - House Laguna Garden,13.75002865,100.5786896,id_422.shp,0,1,0,0,0,0,0,0,0,4,0,0,0,0,0,3,0,0,0,1,0,2,0,1,1,0,0,0,1,5,3,0,0,5,2,1,0,2,0,0,0,0
881,423,I - Zen Ekamai - Ramindra,13.812944,100.6103948,id_423.shp,0,0,0,0,0,0,0,0,0,0,0,0,0,0,0,0,0,0,0,0,0,0,0,0,0,0,0,0,0,0,0,0,0,0,0,0,1,1,0,0,0,0
882,424,I CONDO Kaset,13.8410359,100.5892495,id_424.shp,0,0,0,0,0,0,0,0,0,0,0,0,0,0,0,0,0,0,0,0,0,0,0,0,0,0,0,0,0,1,2,0,0,0,0,1,0,4,0,0,0,0
883,425,I CONDO Petchkasem 39,13.7096052,100.4296315,id_425.shp,0,0,0,0,0,0,0,0,0,0,0,0,0,0,0,1,1,0,0,1,0,0,0,0,0,0,0,0,0,5,3,0,1,1,0,0,0,3,0,0,0,0
884,426,I CONDO Sukhapiban 2,13.782413,100.671742,id_426.shp,0,0,0,0,0,0,0,0,0,0,0,0,0,0,0,3,1,0,1,0,0,0,1,0,0,0,0,0,0,6,7,0,0,1,0,0,0,5,3,0,0,0
885,427,I CONDO Sukhumvit 103,13.6756714,100.6379626,id_427.shp,0,0,0,0,0,0,0,0,0,0,0,0,0,0,0,3,1,0,0,0,0,1,0,1,0,0,0,0,0,0,2,0,0,2,1,0,0,6,1,0,0,0
886,428,I CONDO Sukhumvit 105,13.6595056,100.6310112,id_428.shp,0,1,0,0,0,0,0,0,0,0,0,0,0,0,0,0,2,0,0,0,0,0,0,0,0,0,0,0,1,2,0,0,0,1,0,0,0,5,0,0,0,0
887,429,i-biza residence,13.752027,100.5794917,id_429.shp,0,1,0,0,0,1,0,0,0,0,0,0,0,0,0,3,0,0,0,1,0,1,0,5,0,0,0,0,1,5,2,0,0,4,2,2,0,2,1,0,0,0
888,43,Aree Place Sukhumvit 26,13.7244768,100.5709547,id_43.shp,0,0,1,0,0,0,0,0,0,5,0,0,0,0,0,5,2,0,0,0,0,5,0,26,1,0,0,0,7,19,3,0,0,0,3,11,1,74,5,0,0,0
889,430,Icon II,13.7379191,100.5838174,id_430.shp,1,2,0,0,0,1,0,0,0,3,0,0,0,0,0,3,1,0,0,0,2,5,0,17,1,0,0,0,1,7,2,0,1,2,3,29,0,57,1,0,0,0
890,431,Icon III,13.7369988,100.5846197,id_431.shp,1,0,0,0,0,0,0,0,0,3,0,0,0,0,0,7,1,0,0,1,3,7,0,22,1,0,0,0,1,5,3,0,1,2,2,27,0,56,2,0,0,0
891,432,iCondo Green Space Sukhumvit 77,13.7219316,100.726456,id_432.shp,0,0,0,0,0,0,2,0,0,2,0,0,0,0,0,2,0,0,0,0,0,0,0,0,1,0,0,0,0,1,1,0,0,0,0,0,0,1,1,0,0,0
892,433,iCondo Serithai Green Space,13.7763981,100.6613918,id_433.shp,0,0,0,0,0,0,0,0,0,0,0,0,0,0,0,0,1,0,0,0,0,0,0,0,0,0,0,0,0,2,4,0,0,0,0,0,1,2,2,0,0,0
893,434,Ideal 24,13.7236166,100.567095,id_434.shp,0,1,0,0,0,0,0,0,0,0,0,0,0,0,0,4,2,0,0,0,0,5,0,29,1,0,0,0,6,19,5,0,0,0,3,12,1,64,4,0,0,0
894,435,Ideo Blucove Sathorn,13.7220498,100.4958744,id_435.shp,0,2,0,0,0,0,0,0,0,0,0,0,0,0,0,4,0,0,0,0,0,0,0,1,1,0,0,0,0,20,4,0,0,0,1,0,0,9,1,0,0,0
895,436,Ideo Blucove Sukhumvit,13.6785478,100.6085477,id_436.shp,0,0,0,0,0,0,0,0,0,0,0,0,0,0,0,1,1,0,0,0,0,0,0,0,0,0,0,0,1,7,5,1,0,0,0,0,0,7,1,0,0,0
896,437,Ideo Charan 70-Riverview,13.7892822,100.5033079,id_437.shp,0,2,0,0,0,0,0,0,0,1,0,0,0,0,0,0,5,0,0,0,0,0,0,2,0,0,0,0,0,2,5,0,1,0,0,1,0,3,0,0,0,0
897,438,Ideo Chula Samyan,13.7316139,100.5255433,id_438.shp,2,3,0,0,0,0,0,0,0,4,0,0,0,0,4,11,3,0,1,0,0,1,1,82,3,0,0,0,6,22,7,3,0,2,0,33,0,120,4,0,0,0
898,439,Ideo Ladprao 17,13.8068797,100.5727637,id_439.shp,0,1,0,0,0,0,0,0,0,1,1,0,0,0,0,5,0,0,0,0,0,0,0,0,0,0,0,0,1,4,2,0,0,0,0,1,0,7,0,0,0,0
899,44,Areesamphan Park,13.7733826,100.5381515,id_44.shp,0,0,0,0,0,0,0,0,0,0,0,0,0,0,0,0,0,1,0,1,0,0,0,2,0,0,0,0,4,4,2,0,1,4,0,0,0,32,0,0,0,0
900,440,Ideo Ladprao 5,13.810814,100.5657315,id_440.shp,0,0,0,0,0,0,0,1,0,1,0,0,0,0,0,6,0,1,0,0,0,0,0,4,0,0,0,0,0,8,2,0,0,0,2,1,0,7,3,0,0,0
901,441,Ideo Mix Phaholyothin,13.7950293,100.5504801,id_441.shp,0,1,0,0,0,0,0,0,0,0,0,0,0,0,0,2,2,0,0,2,0,1,0,7,0,0,0,0,0,8,1,0,0,1,0,2,0,20,3,0,0,0
902,442,Ideo Mix Sukhumvit 103,13.6789052,100.6112738,id_442.shp,0,0,0,0,0,0,0,0,0,0,0,0,0,0,0,3,1,0,0,0,0,0,0,1,0,0,0,0,1,6,3,0,0,0,0,0,0,7,0,0,0,0
903,443,Ideo Mobi Asoke,13.7479768,100.5659566,id_443.shp,0,2,0,0,0,0,0,0,0,1,0,0,0,0,1,3,2,1,0,2,0,0,0,3,0,0,0,0,1,22,4,0,0,2,2,6,0,41,1,0,0,0
904,444,Ideo Mobi Bangsue Grand Interchange,13.8064426,100.5329214,id_444.shp,0,1,0,0,0,0,0,0,0,0,0,0,0,0,0,1,1,0,0,0,0,0,0,2,0,0,0,0,0,0,3,0,1,0,1,0,0,2,0,0,0,0
905,445,Ideo Mobi Charan Interchange,13.7623251,100.471948,id_445.shp,0,0,0,0,0,0,0,0,0,0,0,0,0,0,0,4,3,0,0,0,0,0,0,1,0,0,0,0,0,11,4,0,0,1,0,0,0,3,0,0,0,0
906,446,Ideo Mobi Rama 9,13.7558338,100.5658335,id_446.shp,0,0,0,0,0,0,0,0,0,0,0,0,0,0,0,2,0,0,0,0,2,0,0,5,1,0,0,0,2,11,2,0,0,2,2,2,0,10,0,0,0,0
907,447,Ideo Mobi Rangnam,13.7595365,100.5416344,id_447.shp,0,0,0,0,0,0,0,0,0,2,0,0,0,0,1,4,3,0,0,1,0,0,1,3,0,0,0,0,4,19,2,0,1,4,1,1,0,40,1,0,0,0
908,448,Ideo Mobi Sathorn,13.7202929,100.5026936,id_448.shp,0,4,0,0,0,0,0,0,0,0,1,0,0,0,0,3,1,0,0,0,0,0,0,2,1,0,0,0,0,18,5,0,0,0,2,0,0,21,3,0,0,0
909,449,Ideo Mobi Sukhumvit,13.7046537,100.6020189,id_449.shp,1,1,0,0,0,0,0,0,0,1,1,0,0,0,0,5,0,0,1,0,0,3,0,4,1,0,0,0,0,15,5,0,0,0,0,0,0,13,1,0,0,0
910,45,Art @ Thonglor 25,13.7400765,100.580918,id_45.shp,0,0,0,0,0,0,0,0,0,0,0,0,0,0,1,2,1,0,0,1,0,0,0,4,0,0,0,0,1,10,2,0,1,4,4,28,0,63,4,0,0,0
911,450,IDEO Mobi Sukhumvit 66,13.6816016,100.6099522,id_450.shp,0,1,0,0,0,0,0,0,0,0,0,0,0,0,0,1,0,0,0,0,0,0,0,5,0,0,0,0,1,4,5,0,0,0,0,0,0,2,0,0,0,0
912,451,Ideo Mobi Sukhumvit East Point,13.6649125,100.6036429,id_451.shp,0,0,0,0,0,0,0,0,0,0,0,0,0,0,0,0,0,0,0,1,0,0,0,0,0,0,0,0,0,3,3,0,0,0,0,0,0,1,1,0,0,0
913,452,Ideo Mobi Sukhumvit Eastgate,13.6654941,100.6041974,id_452.shp,0,0,0,0,0,0,0,0,0,0,0,0,0,0,0,0,0,0,0,1,0,0,0,0,0,0,0,0,0,3,3,0,0,0,0,0,0,1,1,0,0,0
914,453,Ideo Mobi Wongsawang - Interchange,13.8188762,100.5317985,id_453.shp,0,1,0,0,0,0,0,0,0,0,0,0,0,0,0,2,2,0,0,0,0,0,0,0,0,0,0,0,0,3,3,0,0,0,1,1,0,2,0,0,0,0
915,454,Ideo Morph 38,13.72082028,100.5784127,id_454.shp,0,0,0,0,0,0,0,0,0,1,0,0,0,0,1,7,2,0,0,0,0,4,0,10,0,0,0,0,5,8,9,0,0,2,5,6,0,90,7,0,0,0
916,455,IDEO New Rama 9,13.7488085,100.6062993,id_455.shp,0,0,0,0,0,0,0,0,0,0,0,0,0,0,0,4,0,0,0,0,0,0,0,1,0,0,0,0,0,8,1,0,0,1,0,0,0,3,0,0,0,0
917,456,IDEO O2,13.6723197,100.6034762,id_456.shp,0,1,2,0,0,0,0,0,0,0,0,0,0,0,0,2,1,1,0,0,0,0,0,1,1,0,0,0,0,1,0,0,0,1,0,0,0,0,0,0,0,0
918,457,Ideo Phaholyothin Chatujak,13.7959119,100.5502144,id_457.shp,0,1,0,0,0,0,0,0,0,0,0,0,0,0,0,2,2,0,0,2,0,2,0,10,1,0,0,0,0,9,0,0,0,1,0,1,0,17,2,0,0,0
919,458,Ideo Q Chula - Samyan,13.7332688,100.5263905,id_458.shp,3,1,0,0,0,0,0,0,0,12,1,0,0,0,2,8,3,0,1,0,0,0,1,68,3,0,0,0,5,27,6,3,0,1,0,30,0,91,2,0,0,0
920,459,Ideo Q Phayathai,13.7556979,100.532769,id_459.shp,0,5,0,0,0,0,0,0,0,8,0,0,0,0,0,9,2,0,1,0,0,7,0,7,0,0,0,0,0,23,7,0,0,4,3,4,0,44,1,0,0,0
921,46,Artemis Sukhumvit 77,13.711005,100.6045884,id_46.shp,0,2,0,0,0,0,0,0,0,1,0,0,0,0,0,4,2,0,0,0,0,0,0,11,0,0,0,0,1,12,2,0,1,0,0,3,0,5,2,0,0,0
922,460,Ideo Q Ratchathewi,13.7529587,100.5338984,id_460.shp,0,1,0,0,0,0,0,0,0,0,0,0,0,0,0,16,2,0,0,0,0,9,0,21,0,0,0,0,3,27,5,0,1,2,11,6,0,85,2,0,0,0
923,461,Ideo Q Siam - Ratchathewi,13.7524146,100.5349697,id_461.shp,0,3,0,0,0,0,0,0,0,1,0,0,0,0,0,13,1,0,0,0,0,9,0,16,0,0,0,0,3,28,5,0,1,2,12,6,0,91,2,0,0,0
924,462,Ideo Q Victory,13.7622403,100.5370277,id_462.shp,0,3,0,0,0,0,0,1,0,5,1,0,0,0,5,6,1,0,1,4,0,0,1,23,0,0,0,0,2,17,6,0,0,4,0,0,0,15,0,0,0,0
925,463,Ideo Rama 9 - Asoke,13.754747,100.5673335,id_463.shp,0,0,0,0,0,0,0,0,0,0,0,0,0,0,0,2,0,0,0,1,2,0,0,3,0,0,0,0,2,14,2,0,0,1,2,4,0,9,1,0,0,0
926,464,Ideo Ratchada - Huaykwang,13.7784252,100.5745312,id_464.shp,2,2,0,0,0,0,0,0,0,1,0,0,0,0,0,8,2,0,0,0,0,2,0,5,0,0,0,0,0,13,3,0,1,0,1,4,0,13,3,0,0,0
927,465,Ideo Ratchada-Sutthisan,13.7898989,100.5700487,id_465.shp,0,1,0,0,0,0,0,0,0,0,0,0,0,0,0,3,0,0,0,0,0,1,0,6,1,0,0,0,1,16,2,0,0,0,0,0,0,15,1,0,0,0
928,466,Ideo Sathorn - Taksin,13.7205143,100.5021871,id_466.shp,0,4,0,0,0,0,0,0,0,0,1,0,0,0,0,4,2,0,0,0,0,0,0,2,1,0,0,0,0,17,4,0,0,0,2,0,0,22,3,0,0,0
929,467,Ideo Sathorn - Thaphra,13.7173259,100.4823377,id_467.shp,0,1,0,0,0,0,0,0,0,0,0,0,0,0,0,2,4,0,0,0,0,0,0,1,0,0,0,0,0,19,6,0,2,3,1,0,0,2,0,0,0,0
930,468,Ideo Sathorn - Wongwian YaiIdeo Sathorn - Wongwian Yai,13.7220179,100.4973845,id_468.shp,0,3,0,0,0,0,0,0,0,0,0,0,0,0,0,4,1,0,0,0,0,0,0,2,1,0,0,0,0,16,4,0,0,0,1,0,0,8,1,0,0,0
931,469,Ideo Sukhumvit 93,13.6985445,100.6047769,id_469.shp,0,4,1,0,0,0,0,0,0,1,0,0,0,0,0,2,2,0,0,0,0,0,0,1,0,0,0,0,1,4,0,0,1,1,0,0,0,3,2,0,0,0
932,47,Artisan Ratchada,13.7691431,100.5827871,id_47.shp,0,0,0,0,0,0,0,0,0,0,0,0,0,0,0,3,1,0,0,0,0,0,0,3,0,0,0,0,0,1,3,0,1,0,0,0,0,7,0,0,0,0
933,470,Ideo Sukhumvit Rama 4,13.7131216,100.5898864,id_470.shp,0,0,0,0,0,0,0,0,0,2,0,0,0,0,2,3,1,0,0,1,0,2,0,12,2,0,0,0,0,14,8,1,1,1,1,3,0,31,0,0,0,0
934,471,Ideo Thaphra Interchange,13.72834212,100.4759639,id_471.shp,0,0,1,0,0,0,0,0,0,0,0,0,0,0,0,1,0,0,0,0,0,0,0,1,0,0,0,0,0,8,9,0,1,0,0,0,0,1,0,0,0,0
935,472,Ideo Verve Ratchaprarop,13.7543441,100.5424742,id_472.shp,0,0,0,0,0,0,1,0,0,1,0,0,0,0,0,4,1,0,0,1,1,0,0,7,0,0,0,0,2,22,3,0,0,1,3,3,1,36,3,0,0,0
936,473,Ideo Verve Sukhumvit,13.70621321,100.6016963,id_473.shp,0,2,0,0,0,0,0,0,0,2,2,0,0,0,1,5,0,0,1,0,0,3,0,6,0,0,0,0,0,14,5,0,0,0,0,0,0,11,1,0,0,0
937,474,Ideo Wutthakat,13.71526799,100.4673477,id_474.shp,0,1,0,0,0,0,0,0,0,0,0,0,0,0,0,1,4,0,0,0,0,0,0,3,0,0,0,0,0,4,8,0,0,1,0,0,0,3,0,0,0,0
938,475,IKON Sukhumvit 77,13.71020755,100.6081519,id_475.shp,0,1,0,0,0,0,0,0,0,1,0,0,0,0,0,5,1,0,0,0,0,0,0,4,0,0,0,0,1,6,2,0,0,0,0,0,0,9,2,0,0,0
939,476,I'm Fine Bangna,13.6622815,100.6363648,id_476.shp,0,0,0,0,0,0,0,0,0,0,0,0,0,0,0,0,1,0,0,0,0,0,0,0,0,0,0,0,0,3,2,0,0,2,1,0,0,6,1,0,0,0
940,477,Metro sky prachachuen,13.8222739,100.5367832,id_477.shp,0,0,0,0,0,0,0,0,0,0,0,0,0,0,0,3,1,0,0,0,0,0,0,0,0,0,0,0,0,3,3,0,0,0,0,0,0,2,0,0,0,0
941,478,Inspire Place ABAC - Rama IX,13.75441268,100.6264235,id_478.shp,0,1,0,1,0,0,0,3,0,6,0,0,0,0,0,2,0,0,0,0,0,0,0,5,1,0,0,0,0,2,5,1,0,0,0,0,0,3,0,0,0,0
942,479,Inter Lux Residence,13.7471051,100.5537084,id_479.shp,0,1,0,0,0,1,0,0,0,4,0,0,0,0,0,13,2,0,0,0,0,10,0,28,0,0,0,0,4,24,2,0,0,1,1,58,0,87,3,0,0,0
943,48,Asakan Place Srinakarindra,13.7345528,100.641608,id_48.shp,0,0,1,0,0,0,0,0,0,2,1,0,0,0,0,0,2,0,0,1,0,0,0,1,0,0,0,0,0,4,1,0,0,0,0,0,0,4,0,0,0,0
944,480,Inter Tower,13.7455929,100.5572759,id_480.shp,0,4,0,0,0,0,0,8,0,17,0,0,0,0,0,11,2,0,0,0,0,8,0,26,0,0,0,0,4,37,2,1,0,5,3,55,0,101,3,0,0,0
945,481,Intro Phaholyothin - Pradipat,13.79229302,100.5392389,id_481.shp,0,2,0,0,0,0,0,0,0,0,0,0,0,0,1,1,1,0,0,0,0,0,0,0,0,0,0,0,0,5,2,0,0,0,0,2,0,13,0,0,0,0
946,482,IRIS Avenue Onnuch - Suvarnabhumi,13.7217525,100.7184573,id_482.shp,0,0,1,0,0,0,0,0,0,0,0,0,0,0,0,0,1,0,0,0,0,0,0,0,0,0,0,0,0,0,1,0,0,0,2,0,0,2,1,0,0,0
947,483,Issara Collection SathornIssara Collection Sathorn,13.7092685,100.5390683,id_483.shp,0,1,0,0,0,1,0,0,0,0,0,0,0,0,0,0,2,0,0,0,0,0,0,5,1,0,0,0,0,5,5,1,0,0,0,0,0,13,1,0,0,0
948,484,ISSI Condo Suksawat,13.68192461,100.4936334,id_484.shp,0,0,0,0,0,0,0,0,0,0,0,0,0,0,0,0,4,0,0,0,0,0,0,2,0,0,0,0,0,1,1,0,0,2,0,0,0,0,0,0,0,0
949,485,ITF Silom Palace,13.72749536,100.5281555,id_485.shp,0,2,0,0,0,0,0,7,0,19,1,0,0,0,5,13,3,0,0,1,0,16,1,57,2,0,0,0,15,33,8,2,1,4,0,17,0,165,9,0,0,0
950,486,IVORY Ratchada-Ladprao,13.8157198,100.5781808,id_486.shp,0,0,0,0,0,0,0,0,0,0,0,0,0,0,0,4,0,0,0,0,0,0,0,3,0,0,0,0,0,6,0,1,0,0,0,0,0,8,2,0,0,0
951,487,Ivy Ampio,13.7630949,100.568323,id_487.shp,0,1,0,0,0,0,0,0,0,0,0,0,0,0,1,4,0,0,0,0,1,1,0,13,2,0,0,0,0,4,2,0,0,0,3,0,0,8,1,0,0,0
952,488,Ivy Ratchada,13.791059,100.5758913,id_488.shp,0,4,0,0,0,0,0,0,0,3,0,0,0,0,1,4,0,0,0,0,0,0,0,3,0,0,0,0,0,7,5,0,0,0,0,3,0,13,2,0,0,0
953,489,Ivy Residence Pinklao,13.7702346,100.4848219,id_489.shp,0,5,0,0,0,0,0,1,0,1,0,0,0,0,0,3,0,0,0,0,0,0,0,0,0,0,0,0,0,8,7,0,0,0,0,0,1,5,0,0,0,0
954,49,Ascott Sathorn,13.7206495,100.5283001,id_49.shp,0,0,2,0,0,0,0,2,0,4,0,0,0,0,4,7,3,1,0,1,0,3,0,32,0,0,0,0,4,27,8,1,0,2,0,21,0,90,5,0,0,0
955,490,Ivy River,13.6882561,100.4927561,id_490.shp,0,0,0,0,0,0,0,0,0,0,0,0,0,0,0,0,0,0,0,0,0,0,0,0,0,0,0,0,1,1,6,0,0,1,0,0,0,2,0,0,0,0
956,491,Ivy Sathorn 10,13.7238029,100.5267045,id_491.shp,0,1,1,0,0,0,0,1,0,9,0,0,0,0,5,8,2,0,0,0,0,9,0,50,1,0,0,0,3,32,12,2,1,4,0,27,1,101,4,0,0,0
957,492,Ivy Thonglor,13.7371565,100.5835084,id_492.shp,1,1,0,0,0,0,0,0,0,3,0,0,0,0,0,4,0,0,0,1,2,13,0,27,1,0,0,0,1,7,3,0,1,2,5,22,0,53,3,0,0,0
958,493,J Condo Sathorn - Kallaprapruk,13.6863561,100.4203574,id_493.shp,0,0,0,0,0,0,0,0,0,0,0,0,0,0,0,0,1,0,0,0,0,0,0,0,0,0,0,0,0,0,1,0,0,0,0,0,0,0,1,0,0,0
959,494,J.C. Tower,13.7439198,100.5814752,id_494.shp,0,0,1,0,0,0,0,0,0,0,0,0,0,0,0,0,0,0,0,2,0,0,0,2,1,0,0,0,2,11,3,0,1,3,1,3,0,22,0,0,0,0
960,495,J.W. Boulevard Srivara,13.7709427,100.6082621,id_495.shp,0,1,0,0,0,0,0,1,0,0,0,0,0,0,1,0,0,0,0,1,0,0,0,3,1,0,0,0,0,2,4,0,1,0,0,1,0,3,0,0,0,0
961,496,Jaran Garden Condominium,13.7961176,100.5772431,id_496.shp,0,0,0,0,0,0,0,0,0,0,0,0,0,0,0,0,1,0,0,0,0,0,0,1,0,0,0,0,2,16,4,0,0,0,0,1,0,16,2,0,0,0
962,497,JRY RAMA9 CONDOMINIUM,13.7616953,100.5916121,id_497.shp,0,0,0,0,0,0,0,0,0,0,0,0,0,0,0,0,1,0,0,0,0,0,0,0,0,0,0,0,0,2,0,0,0,0,0,1,0,2,1,0,0,0
963,498,Juldis River Mansion,13.7659609,100.4964488,id_498.shp,0,0,0,0,0,0,0,0,0,1,0,0,0,0,1,6,2,1,1,0,0,12,2,45,0,0,0,0,1,24,11,1,0,0,1,30,1,96,3,0,0,0
964,499,JW CONDO @DONMUANG,13.9241556,100.5980452,id_499.shp,0,0,0,0,0,0,0,0,0,2,1,0,0,0,0,2,2,0,0,0,0,0,0,1,0,0,0,0,0,4,2,0,0,0,0,0,0,0,0,0,0,0
965,5,168 Sukhumvit 36,13.7169748,100.5762937,id_5.shp,0,1,0,0,0,0,0,0,0,2,0,0,0,0,0,0,3,0,0,1,0,0,0,2,0,0,0,0,2,12,7,1,0,0,1,6,0,54,3,0,0,0
966,50,Ashton Asoke,13.7387832,100.5610713,id_50.shp,0,3,0,0,0,0,2,3,0,19,0,0,0,0,3,27,0,0,0,1,1,42,0,60,1,0,0,0,1,39,3,1,0,1,1,77,1,143,2,0,0,0
967,500,JW Station @Ramintra,13.81213,100.7111951,id_500.shp,0,0,0,0,0,0,0,0,0,0,0,0,0,0,0,0,1,0,0,1,0,0,0,0,0,0,0,0,0,0,0,0,0,0,0,0,1,0,0,0,0,0
968,501,Kacha Puri Condominium,13.7959641,100.4507843,id_501.shp,0,0,0,0,0,0,0,0,0,0,0,0,0,0,0,0,0,0,0,0,0,0,0,0,0,0,0,0,0,0,1,0,0,0,0,0,0,0,0,0,0,0
969,502,Kallista Mansion,13.74789196,100.5568937,id_502.shp,0,3,0,0,0,0,0,0,0,0,0,0,0,0,0,6,3,0,0,1,0,10,0,22,0,0,0,0,4,34,1,0,0,4,0,57,0,77,2,0,0,0
970,503,KALM Penthouse,13.75034012,100.5873031,id_503.shp,0,0,0,0,0,0,0,0,0,0,0,0,0,0,0,3,0,0,0,3,0,0,0,1,0,0,0,0,0,2,2,0,1,2,0,2,0,2,1,0,0,0
971,504,KAWA HAUS,13.7148054,100.6051494,id_504.shp,0,0,0,0,0,0,0,0,0,1,0,0,0,0,0,3,2,0,0,0,0,0,0,6,0,0,0,0,0,12,2,0,0,0,0,0,0,8,0,0,0,0
972,505,Kensington Kaset Campus,13.85647829,100.5769729,id_505.shp,0,0,0,0,0,0,0,0,0,0,0,0,0,0,0,0,0,0,0,0,0,0,0,0,0,0,0,0,0,4,3,1,0,0,0,0,0,5,0,0,0,0
973,506,Kensington Phahol - Kaset,13.8458932,100.5807744,id_506.shp,0,1,0,0,0,0,0,0,0,1,0,0,0,0,0,0,1,0,0,0,0,0,0,3,0,0,0,0,0,4,1,0,0,0,0,4,0,11,0,0,0,0
974,507,Kensington Place Chaengwattana,13.89075421,100.5619765,id_507.shp,0,0,0,0,0,0,0,0,0,0,0,0,0,0,0,3,0,0,0,1,0,2,0,1,0,0,0,0,1,1,1,0,0,0,0,0,0,1,0,0,0,0
975,508,Kes Ratchada Condominium,13.76653425,100.5627671,id_508.shp,0,0,0,0,0,0,0,0,0,0,0,0,0,0,0,2,3,0,0,0,0,0,0,0,0,0,0,0,1,7,6,0,1,0,3,1,0,19,2,0,0,0
976,509,KEYNE BY SANSIRI,13.72481749,100.5769664,id_509.shp,1,3,0,0,0,0,0,1,0,2,1,0,0,0,5,5,2,0,0,0,0,4,0,42,3,0,0,0,1,14,5,0,0,0,5,14,0,89,8,0,0,0
977,51,Ashton Chula - Silom,13.7312985,100.5310158,id_51.shp,0,1,0,0,0,0,0,4,1,4,0,0,0,0,2,16,2,1,0,1,0,19,0,85,4,0,0,0,18,21,5,2,1,2,0,14,0,120,7,0,0,0
978,510,KHUN by YOO inspired by Starck,13.73279631,100.5827273,id_510.shp,0,0,0,0,0,0,1,17,0,18,0,0,0,0,0,6,0,0,0,0,4,11,0,43,3,0,0,0,4,6,3,0,0,2,4,9,0,58,5,0,0,0
979,511,Kiarti Thanee City Mansion,13.74472081,100.5678789,id_511.shp,0,0,1,0,0,0,0,0,0,2,0,0,0,0,0,8,0,1,0,0,0,0,0,9,0,0,0,0,2,22,5,0,0,4,2,15,0,57,1,0,0,0
980,512,Kirasup Mansion Ville,13.834172,100.6619946,id_512.shp,0,1,0,0,0,0,0,0,0,0,0,0,0,0,0,1,0,0,0,0,0,0,0,0,0,0,0,0,0,1,0,0,0,1,0,0,0,1,1,0,0,0
981,513,Klass Condo Langsuan,13.7419427,100.5442615,id_513.shp,2,3,1,0,0,0,1,4,0,17,1,0,0,0,2,4,0,0,0,0,4,8,0,33,2,0,0,0,3,18,2,0,0,1,3,35,0,70,4,0,0,0
982,514,Klass Condo Siam,13.7482069,100.5286121,id_514.shp,0,2,0,0,0,0,0,1,0,5,0,0,0,0,0,7,2,1,0,0,4,4,0,21,0,0,0,0,3,23,8,1,1,0,3,7,0,67,0,0,0,0
983,515,Klass Condo Silom,13.72568333,100.5316922,id_515.shp,0,1,0,0,0,0,0,1,0,7,1,0,0,0,5,14,1,0,0,2,0,28,0,75,4,0,0,0,12,24,6,2,0,1,0,11,1,138,5,0,0,0
984,516,Klass Sarasin - Rajdamri,13.73499107,100.5408853,id_516.shp,0,1,0,0,0,0,0,0,0,0,0,0,0,0,1,1,0,0,0,0,0,1,1,17,2,0,0,0,11,16,3,1,0,2,3,17,0,82,4,0,0,0
985,517,KNIGHTSBRIDGE COLLAGE RAMKHAMHAENG,13.76160948,100.6401859,id_517.shp,0,0,0,0,0,0,0,0,0,0,0,0,0,0,0,1,2,0,0,1,0,0,0,0,0,0,0,0,1,7,4,0,1,0,0,0,0,2,1,0,0,0
986,518,Knightsbridge Kaset Society,13.83713641,100.5746527,id_518.shp,0,1,0,0,0,1,0,0,0,1,0,0,0,0,0,3,2,0,0,0,0,2,0,11,0,0,0,0,0,3,3,0,0,0,0,2,0,20,0,0,0,0
987,519,Knightsbridge Phaholyothin - Interchange,13.87917787,100.5979953,id_519.shp,0,0,0,0,0,0,0,0,0,0,0,0,0,0,0,2,1,0,0,0,0,0,0,1,0,0,0,0,0,1,1,2,1,0,1,0,0,0,1,0,0,0
988,52,Ashton Morph 38,13.72086444,100.578918,id_52.shp,0,0,0,0,0,0,0,0,0,1,0,0,0,0,1,7,1,0,0,0,0,5,0,18,0,0,0,0,5,8,11,0,0,2,5,4,0,81,6,0,0,0
989,520,Knightsbridge Prime Onnut,13.70990689,100.6023383,id_520.shp,0,2,0,0,0,0,0,0,0,2,0,0,0,0,0,5,2,0,0,0,0,0,0,8,2,0,0,0,1,15,3,0,1,0,0,3,0,13,0,0,0,0
990,521,KnightsBridge Prime Ratchayothin,13.82503558,100.5661215,id_521.shp,0,0,0,0,0,0,0,0,0,0,0,0,0,0,0,2,1,0,0,0,0,1,0,11,1,0,0,0,0,5,1,0,1,0,1,0,0,6,1,0,0,0
991,522,Knightsbridge Prime Sathorn,13.71698136,100.5335813,id_522.shp,0,0,0,0,0,0,0,0,0,0,0,0,0,0,0,4,2,0,0,0,0,0,0,3,0,0,0,0,5,11,6,1,0,2,0,4,1,59,1,0,0,0
992,523,Knightsbridge Skycity Saphanmai,13.8873344,100.6045608,id_523.shp,0,0,0,0,0,0,0,0,0,0,0,0,0,0,0,0,2,0,0,1,0,0,0,0,0,0,0,0,0,1,0,0,0,0,0,0,0,0,0,0,0,0
993,524,KnightsBridge Space Ratchayothin,13.82529719,100.5665423,id_524.shp,0,0,0,0,0,0,0,0,0,0,0,0,0,0,0,2,1,0,0,0,0,1,0,11,1,0,0,0,0,4,1,0,1,0,0,0,0,5,1,0,0,0
994,525,KnightsBridge Space Rama9,13.75583476,100.5624428,id_525.shp,0,2,0,0,0,0,0,0,0,0,0,0,0,0,0,0,0,0,0,0,1,1,0,1,0,0,0,0,1,12,3,0,0,2,1,0,0,17,1,0,0,0
995,526,Kraam Sukhumvit 26,13.72608377,100.5700836,id_526.shp,0,1,0,0,0,0,0,0,0,4,0,0,0,0,3,10,2,0,0,0,1,7,0,32,2,0,0,0,3,13,4,0,0,0,3,25,1,85,5,0,0,0
996,527,Kritsakon Condo VIlle,13.78359897,100.4817506,id_527.shp,0,0,1,0,0,0,0,0,0,0,0,0,0,0,0,0,2,0,0,0,1,0,0,0,0,0,0,0,0,3,2,0,0,0,0,0,0,4,2,0,0,0
997,528,Kuruthanee Privacy,13.78780821,100.4882507,id_528.shp,0,0,0,0,0,0,0,0,0,0,0,0,0,0,0,0,0,0,0,0,0,0,0,1,0,0,0,0,0,2,3,0,0,0,0,0,0,1,1,0,0,0
998,529,L Loft Ratchada 19,13.80057502,100.5737544,id_529.shp,1,0,0,0,0,0,0,1,0,1,0,0,0,0,0,2,2,0,0,0,0,0,0,4,0,0,0,0,0,11,1,0,0,0,0,0,0,6,2,0,0,0
999,53,Ashton Silom,13.7262582,100.5268935,id_53.shp,0,0,0,0,0,0,0,3,0,9,0,0,0,0,6,10,2,1,0,0,0,13,0,74,2,0,0,0,5,30,10,2,1,4,0,23,1,136,8,0,0,0
1000,530,L Style Condo,13.77509494,100.5818971,id_530.shp,0,0,0,0,0,0,0,0,0,0,0,0,0,0,0,4,1,0,1,0,0,0,0,5,0,0,0,0,0,10,6,0,0,0,0,0,0,8,0,0,0,0
1001,531,La citta,13.7313699,100.5837547,id_531.shp,0,0,0,0,0,0,0,5,0,7,0,0,0,0,0,6,0,0,0,0,5,23,0,53,3,0,0,0,4,10,5,0,0,2,4,12,0,74,5,0,0,0
1002,532,La Citta Delre Thonglor 16,13.7337874,100.5851975,id_532.shp,0,0,0,0,0,0,0,0,0,2,0,0,0,0,1,5,0,0,0,0,4,24,0,44,1,0,0,0,1,7,6,0,1,2,4,12,0,59,6,0,0,0
1003,533,La Maison Phaholyothin 24,13.8198614,100.5683407,id_533.shp,0,0,0,0,0,0,0,0,0,0,0,0,0,0,0,0,1,0,0,0,0,0,0,1,0,0,0,0,0,9,1,1,0,0,1,1,0,19,3,0,0,0
1004,534,La Maison Sukhumvit 22,13.7266459,100.5639289,id_534.shp,0,0,1,0,0,0,0,0,0,1,0,0,0,0,0,5,1,0,0,0,0,5,0,20,0,0,0,0,2,30,3,0,0,1,3,27,2,93,4,0,0,0
1005,536,La Vie En Rose Place,13.7218588,100.5760629,id_536.shp,0,0,0,0,0,0,0,0,0,1,0,0,0,0,1,7,2,0,0,0,0,3,0,10,1,0,0,0,5,7,7,0,0,1,2,10,0,93,7,0,0,0
1006,537,Lake Green,13.7342633,100.5559429,id_537.shp,0,0,0,0,0,0,0,0,0,2,0,0,0,0,1,0,0,0,0,0,1,3,1,6,0,0,0,0,3,44,2,0,0,0,2,97,0,150,4,0,0,0
1007,538,Landmark @MRTA Station,13.75596002,100.5838981,id_538.shp,0,0,0,0,0,0,0,0,0,0,0,0,0,0,0,1,0,0,0,0,0,1,0,0,0,0,0,0,0,5,0,0,0,4,0,1,0,4,0,0,0,0
1008,539,Langsuan Ville,13.73983367,100.5427634,id_539.shp,0,2,0,0,0,0,0,0,0,5,1,0,0,0,3,3,1,0,0,0,4,11,0,35,2,0,0,0,4,10,2,0,0,1,3,7,1,66,4,0,0,0
1009,54,Asoke Place,13.7416567,100.5621259,id_54.shp,1,6,0,0,0,1,0,1,0,16,0,0,0,0,1,14,2,0,0,0,2,22,0,48,1,0,0,0,2,45,3,1,0,1,1,86,0,120,2,0,0,0
1010,540,Lapa Place,13.71188189,100.5467705,id_540.shp,0,0,0,0,0,0,0,0,0,0,0,0,0,0,0,0,1,0,0,0,0,1,0,7,1,0,0,0,0,2,4,1,0,0,0,1,1,18,0,0,0,0
1011,541,Las Colinas,13.7375078,100.5619872,id_541.shp,1,8,0,0,0,0,1,27,0,21,0,0,0,0,2,17,0,0,0,1,2,19,0,48,1,0,0,0,2,36,3,1,0,1,1,42,2,145,2,0,0,0
1012,542,LAVIQ Sukhumvit 57,13.72449985,100.5807604,id_542.shp,1,2,1,0,0,0,0,1,0,15,2,0,0,0,1,6,0,0,0,0,2,6,0,30,1,0,0,0,4,6,8,0,0,1,5,24,0,96,6,0,0,0
1013,543,Le Celeste Rama 9 - Srinakarin,13.74818967,100.6456059,id_543.shp,0,0,0,0,0,0,0,0,0,0,0,0,0,0,0,1,1,0,0,0,0,0,1,0,0,0,0,0,0,0,2,0,0,0,0,0,0,0,0,0,0,0
1014,544,Le Champs,13.77967237,100.6193705,id_544.shp,0,0,1,0,0,0,0,0,0,0,0,0,0,0,1,2,1,0,0,0,0,0,0,0,0,0,0,0,0,4,3,0,0,1,0,0,0,3,1,0,0,0
1015,545,Le Cote Sukhumvit 14,13.73622313,100.5602042,id_545.shp,1,5,0,0,0,0,1,5,0,21,0,0,0,0,1,16,0,0,0,0,2,36,0,46,2,0,0,0,2,36,3,0,0,1,1,77,2,140,1,0,0,0
1016,546,Le Cote Thonglor 8,13.73120181,100.582687,id_546.shp,0,2,0,0,0,0,0,9,0,21,1,0,0,0,1,4,0,0,0,0,5,22,0,47,2,0,0,0,6,13,3,0,0,2,4,8,0,80,6,0,0,0
1017,547,Le Jardin young place,13.8333726,100.569626,id_547.shp,0,0,1,0,0,0,0,0,0,0,0,0,0,0,0,3,1,0,0,0,0,0,0,2,0,0,0,0,0,7,2,0,0,1,0,3,0,28,1,0,0,0
1018,548,Le Monaco Residence Ari,13.78739387,100.5440713,id_548.shp,0,0,0,0,0,0,0,0,0,2,0,0,0,0,1,7,0,0,0,3,0,2,0,21,0,0,0,0,3,12,5,0,1,2,0,2,0,38,3,0,0,0
1019,549,Le Nice Ekamai,13.72580039,100.5854453,id_549.shp,0,0,0,0,0,0,2,0,0,10,1,0,0,0,0,1,3,0,0,0,0,4,0,21,0,0,0,0,2,13,7,0,0,1,6,31,0,87,5,0,0,0
1020,55,Asoke Tower,13.745377,100.5624318,id_55.shp,1,4,0,0,0,1,0,0,0,4,0,0,0,0,0,8,2,1,0,1,0,1,0,14,0,0,0,0,3,43,4,0,0,1,3,66,0,124,2,0,0,0
1021,550,Le Premier 1,13.7376234,100.5626362,id_550.shp,1,9,0,0,0,0,0,27,0,9,0,0,0,0,2,18,1,0,0,1,3,15,0,68,1,0,0,0,2,34,2,1,0,1,1,44,2,123,1,0,0,0
1022,551,Le Premier 2,13.72503446,100.5822283,id_551.shp,0,0,1,0,0,0,0,0,0,1,0,0,0,0,2,7,0,0,0,0,3,7,0,47,4,0,0,0,4,7,7,0,0,1,4,27,0,93,5,0,0,0
1023,552,Le Raffine Jambu Dvipa Sukhumvit 39,13.73325924,100.5705158,id_552.shp,0,0,0,0,0,0,0,0,0,2,0,0,0,0,2,11,0,0,0,0,3,14,1,36,2,0,0,0,5,27,5,0,0,1,1,44,0,111,4,0,0,0
1024,553,Le Raffine Jambunuda Sukhumvit 31,13.7341244,100.5659655,id_553.shp,0,2,0,0,0,0,0,9,0,17,0,0,0,0,1,15,0,0,0,0,2,22,1,48,0,0,0,0,4,36,4,0,0,1,4,37,1,112,4,0,0,0
1025,554,Le Raffine Sukhumvit 24,13.7259656,100.5671581,id_554.shp,0,1,0,0,0,0,0,1,0,2,0,0,0,0,0,5,3,0,0,0,1,4,1,22,0,0,0,0,6,22,4,0,0,0,2,28,0,106,5,0,0,0
1026,555,Le Rich @ Aree station,13.77910192,100.5411559,id_555.shp,0,0,1,0,1,0,0,0,0,1,0,0,0,0,3,2,1,0,0,0,0,2,0,36,1,0,0,0,0,5,2,1,0,4,0,1,0,18,1,0,0,0
1027,556,Le Rich Ratchada - Sutthisarn,13.78964367,100.571976,id_556.shp,0,2,0,0,0,0,0,0,0,1,0,0,0,0,0,8,0,0,0,0,0,1,0,6,2,0,0,0,1,9,2,0,0,0,0,2,0,13,0,0,0,0
1028,557,Le Rich Sathorn - Satupradit,13.6909013,100.5343886,id_557.shp,0,0,0,0,0,0,0,0,0,1,0,0,0,0,2,1,2,0,0,0,0,0,0,4,0,0,0,0,0,4,3,0,0,0,0,0,0,30,1,0,0,0
1029,558,Leticia Rama 9,13.76249302,100.591571,id_558.shp,0,0,0,0,0,0,0,0,0,0,0,0,0,0,0,0,1,0,0,0,0,0,0,0,0,0,0,0,0,0,0,0,0,0,0,1,0,2,1,0,0,0
1030,559,Levo Ladprao 18 Project 1,13.80517882,100.5698501,id_559.shp,0,2,0,0,0,0,0,0,0,0,0,0,0,0,0,4,1,0,0,0,0,0,0,3,1,0,0,0,1,5,2,0,0,0,0,2,1,10,0,0,0,0
1031,56,Aspen Condo Lasalle,13.6553479,100.6463239,id_56.shp,0,0,0,0,0,1,0,0,0,5,1,0,0,0,0,1,0,0,0,0,0,0,0,1,0,0,0,0,0,2,0,0,0,0,0,0,0,1,0,0,0,0
1032,560,LIB Ladprao 20,13.8051404,100.5708969,id_560.shp,0,2,0,0,0,0,0,0,0,0,0,0,0,0,0,4,1,0,0,0,0,0,0,2,1,0,0,0,1,5,2,0,0,0,0,2,0,10,0,0,0,0
1033,561,LIB Ramkhamhaeng 43/1,13.76418886,100.6154185,id_561.shp,0,0,0,0,0,0,0,0,0,0,1,0,0,0,0,2,1,0,0,0,0,0,0,0,0,0,0,0,0,2,3,1,0,1,0,0,0,4,1,0,0,0
1034,562,Liberty Park,13.74164009,100.5649575,id_562.shp,0,2,0,0,0,0,0,0,0,2,0,0,0,0,1,17,2,1,0,1,0,9,0,43,0,0,0,0,3,40,4,0,0,2,3,66,0,125,2,0,0,0
1035,563,Liberty Park 2,13.74700642,100.5559866,id_563.shp,0,2,0,0,0,0,0,1,0,4,0,0,0,0,0,10,4,0,0,1,0,11,0,31,0,0,0,0,4,34,0,0,0,4,0,57,0,81,2,0,0,0
1036,564,Library Houze Charan 13,13.7404215,100.4628218,id_564.shp,0,0,0,0,0,0,0,0,0,0,0,0,0,0,0,3,1,0,0,0,0,0,0,0,0,0,0,0,0,6,7,1,0,0,0,0,1,2,0,0,0,0
1037,565,Life @ BTS Tha - Phra,13.71781006,100.4769127,id_565.shp,0,1,1,0,0,1,0,0,0,1,0,0,0,0,0,3,3,0,0,0,0,0,0,2,0,0,0,0,0,10,8,0,1,0,1,0,0,0,0,0,0,0
1038,566,Life @ Ladprao 18,13.80715064,100.5702427,id_566.shp,0,4,0,0,0,0,0,0,0,0,0,0,0,0,0,3,0,0,0,0,0,0,0,2,1,0,0,0,1,6,2,0,0,0,0,2,0,7,0,0,0,0
1039,567,Life @ Phahon - Ari,13.78935023,100.5475626,id_567.shp,0,3,0,0,0,1,0,1,0,8,0,0,0,0,0,4,0,0,0,2,0,0,0,8,0,0,0,0,1,10,5,0,0,2,0,2,0,32,2,0,0,0
1040,568,Life @ Phahon 18,13.79654877,100.552785,id_568.shp,0,0,0,0,0,0,0,0,0,0,0,0,0,0,0,2,2,0,0,1,0,2,0,6,1,0,0,0,0,9,0,0,0,2,0,1,0,16,2,0,0,0
1041,569,Life @ Ratchada,13.7829655,100.5745881,id_569.shp,0,1,0,0,0,0,0,2,0,0,0,0,0,0,2,5,1,0,0,0,0,1,0,2,2,0,0,0,1,21,3,0,1,0,0,2,0,19,0,0,0,0
1042,57,Aspire Asoke-Ratchada,13.7642812,100.560907,id_57.shp,0,1,2,0,0,0,0,0,0,0,0,0,0,0,0,3,0,0,0,0,0,0,0,5,0,0,0,0,1,5,6,0,1,0,3,2,0,13,1,0,0,0
1043,570,Life @ Ratchada - Huay Kwang,13.77918176,100.5744003,id_570.shp,2,2,0,0,0,0,0,0,0,1,0,0,0,0,0,8,2,0,0,0,0,2,0,5,0,0,0,0,0,13,3,0,1,0,1,4,0,13,3,0,0,0
1044,571,Life @ Ratchada - Suthisan,13.7909735,100.5749007,id_571.shp,0,3,0,0,0,0,0,0,0,3,0,0,0,0,1,6,0,0,0,0,0,0,0,3,0,0,0,0,0,5,6,0,0,0,0,3,0,10,2,0,0,0
1045,572,Life @ Sathorn 10,13.72258032,100.5271053,id_572.shp,0,1,1,0,0,0,0,0,0,8,0,0,0,0,5,8,2,0,0,1,0,9,0,43,1,0,0,0,2,25,12,2,1,3,0,26,1,88,4,0,0,0
1046,573,Life @ Sukhumvit 65,13.71729503,100.5891947,id_573.shp,0,2,0,0,0,0,0,0,0,1,0,0,0,0,0,2,2,0,0,2,1,1,0,18,2,0,0,0,2,15,7,0,0,0,1,6,0,50,1,0,0,0
1047,574,Life Asoke,13.7505301,100.5649605,id_574.shp,0,0,0,0,0,1,0,0,0,0,0,0,0,0,0,5,0,0,0,1,0,0,0,1,0,0,0,0,2,15,5,1,0,1,4,3,0,25,0,0,0,0
1048,575,Life Ladprao,13.8171177,100.5635653,id_575.shp,0,0,0,0,0,0,0,0,0,3,1,0,0,0,0,5,0,0,0,0,2,0,0,5,2,0,0,0,0,6,3,1,0,0,0,2,0,3,0,0,0,0
1049,576,Life Ladprao Valley,13.8158842,100.5629623,id_576.shp,0,1,0,0,0,0,0,0,0,0,0,0,0,0,0,6,1,0,0,0,2,1,0,7,3,0,0,0,0,3,2,1,0,0,0,1,0,4,0,0,0,0
1050,577,Life One Wireless,13.7479803,100.549175,id_577.shp,1,0,0,0,0,0,0,0,0,0,0,0,0,0,0,5,2,0,0,1,0,1,0,5,0,0,0,0,5,27,1,0,0,1,6,56,0,106,5,0,0,0
1051,578,Life Pinklao,13.77614571,100.4857188,id_578.shp,0,0,0,0,0,0,0,0,0,1,0,0,0,0,0,4,1,0,0,0,0,0,0,0,0,0,0,0,0,7,6,0,0,0,0,1,1,3,0,0,0,0
1052,579,Life Sathorn Sierra,13.71719213,100.4790878,id_579.shp,0,1,1,0,0,1,0,0,0,2,0,0,0,0,0,3,1,0,0,0,1,0,0,1,0,0,0,0,0,15,11,0,1,1,0,0,0,0,0,0,0,0
1053,58,Aspire Ladprao 113,13.7697444,100.6389196,id_58.shp,0,0,0,0,0,0,0,0,0,0,0,0,0,0,0,3,1,0,0,1,0,0,0,1,0,0,0,0,1,5,4,0,0,1,0,0,0,0,1,0,0,0
1054,580,Life Sukhumvit 48,13.71131258,100.5947519,id_580.shp,0,1,0,0,0,0,0,0,0,1,0,0,0,0,2,6,2,0,0,0,0,4,0,17,1,0,0,0,0,13,3,0,0,1,0,3,0,20,4,0,0,0
1055,581,Life Sukhumvit 62,13.69519531,100.6035194,id_581.shp,0,0,0,0,0,0,0,0,0,0,0,0,0,0,0,4,1,0,0,1,0,0,0,1,0,0,0,0,1,3,4,0,1,0,0,0,0,1,0,0,0,0
1056,582,LIV@49,13.72862553,100.5753193,id_582.shp,2,1,0,0,0,0,0,0,0,15,1,0,0,0,2,2,0,0,0,0,1,6,0,25,4,0,0,0,5,23,5,0,0,1,5,36,1,99,6,0,0,0
1057,583,Living Nest Ramkhamhaeng,13.7634037,100.6404556,id_583.shp,0,0,0,0,0,0,0,0,0,0,0,0,0,0,0,1,1,0,0,0,0,0,0,1,0,0,0,0,1,7,5,0,1,2,0,0,0,1,1,0,0,0
1058,584,Living Place Ladprao 138,13.7693297,100.6380738,id_584.shp,0,0,0,0,0,0,0,0,0,0,0,0,0,0,0,3,1,0,0,1,0,0,0,1,0,0,0,0,1,7,4,0,0,1,0,0,0,0,1,0,0,0
1059,585,LLOYD Soonvijai-Thonglor,13.747432,100.5817086,id_585.shp,0,0,0,0,0,1,0,0,0,0,0,0,0,0,0,1,1,0,0,3,0,0,0,2,1,0,0,0,0,9,2,0,1,2,0,3,0,8,0,0,0,0
1060,586,LPN Tower,13.70402688,100.5443492,id_586.shp,0,0,1,0,0,0,0,0,0,0,0,0,0,0,0,0,1,0,0,0,0,0,0,3,0,0,0,0,0,3,4,0,1,1,0,0,0,34,3,0,0,0
1061,587,Lucas Garden - Family House,13.80010581,100.6063572,id_587.shp,0,0,0,0,0,0,0,0,0,0,0,0,0,0,0,0,0,0,1,0,0,0,0,1,0,0,0,0,0,0,3,0,0,0,0,1,0,0,0,0,0,0
1062,588,Lugano Ladprao 18,13.8032802,100.5695871,id_588.shp,0,1,0,0,0,0,0,0,0,0,0,0,0,0,0,3,1,0,0,0,0,0,0,4,0,0,0,0,1,10,2,0,0,0,0,2,1,9,1,0,0,0
1063,589,Lumpini Center Happyland,13.77429895,100.6414142,id_589.shp,0,0,0,0,0,0,0,0,0,0,0,0,0,0,0,0,0,0,0,1,0,0,0,0,0,0,0,0,0,8,5,1,0,0,0,0,0,7,3,0,0,0
1064,59,Aspire Ngamwongwan,13.8561864,100.5478828,id_59.shp,0,0,1,0,0,0,0,0,0,0,0,0,0,0,0,0,0,0,0,0,0,0,0,0,0,0,0,0,0,1,3,0,0,0,0,0,0,3,0,0,0,0
1065,590,Lumpini Center Ladprao 111,13.7714587,100.6370599,id_590.shp,0,1,1,0,0,1,0,0,0,0,0,0,0,0,0,2,0,0,0,0,0,0,0,0,0,0,0,0,1,4,3,1,0,0,0,0,0,1,0,0,0,0
1066,591,Lumpini Center Nawamin,13.7781487,100.643104,id_591.shp,0,0,0,0,0,0,0,0,0,0,0,0,0,0,0,1,1,0,0,0,0,0,0,0,0,0,0,0,0,4,6,1,0,1,0,0,0,5,2,0,0,0
1067,592,Lumpini Center Sukhumvit 77,13.71307097,100.605086,id_592.shp,0,1,1,0,0,0,0,0,0,3,0,0,0,0,0,4,1,0,0,0,0,0,0,6,0,0,0,0,0,11,2,0,0,0,0,0,0,8,2,0,0,0
1068,593,Lumpini Condo Town Bangkhae,13.70695792,100.4216241,id_593.shp,0,0,0,0,0,0,0,0,0,0,0,0,0,0,0,0,3,0,0,0,0,0,0,0,0,0,0,0,0,3,1,0,0,0,0,0,0,2,0,0,0,0
1069,594,Lumpini Condo Town Bodindecha - Ramkhamhaeng,13.76686888,100.6162207,id_594.shp,0,0,1,0,0,0,0,0,0,0,0,0,0,0,0,2,0,0,0,0,0,0,0,0,1,0,0,0,0,1,4,0,0,1,0,0,0,5,1,0,0,0
1070,595,Lumpini Condo Town Ramindra - Latplakhao,13.86285,100.6132308,id_595.shp,0,1,0,0,0,0,0,0,0,1,0,0,0,0,0,3,0,0,0,0,0,0,0,2,0,0,0,0,1,0,0,0,0,0,0,0,0,1,0,0,0,0
1071,596,Lumpini Condo Town Ramintra - Laksi,13.87288948,100.6038467,id_596.shp,0,0,0,0,0,0,0,0,0,0,0,0,0,0,0,0,1,1,0,0,1,0,0,0,0,0,0,0,0,0,2,0,1,0,0,0,0,1,0,0,0,0
1072,597,Lumpini Condo Town Ramintra - Nawamin,13.8366153,100.6627672,id_597.shp,0,0,0,0,0,0,0,0,0,0,0,0,0,0,0,2,0,0,0,1,0,0,0,0,0,0,0,0,0,1,0,0,0,0,0,0,0,1,1,0,0,0
1073,598,Lumpini Condotown Romklao - Suvarnabhumi,13.73698202,100.7432309,id_598.shp,0,0,0,0,0,0,0,0,0,0,0,0,0,0,0,1,0,0,0,0,0,0,0,0,0,0,0,0,0,1,0,0,0,0,0,0,0,0,0,0,0,0
1074,599,Lumpini Park Nawamin - Sriburapha,13.79419738,100.6534842,id_599.shp,0,0,0,0,0,0,0,0,0,0,0,0,0,0,0,1,3,0,0,0,0,0,0,1,2,0,0,0,0,1,1,0,0,0,0,0,0,2,0,0,0,0
1075,6,185 Rajadamri,13.7353925,100.5392841,id_6.shp,1,1,0,0,0,0,0,0,0,0,0,0,0,0,0,1,0,0,0,0,0,1,0,13,1,0,0,0,11,20,2,2,0,2,2,15,1,77,5,0,0,0
1076,60,Aspire Rama 9,13.754693,100.5668766,id_60.shp,0,0,0,0,0,0,0,0,0,0,0,0,0,0,0,2,0,0,0,1,2,0,0,3,0,0,0,0,2,13,2,0,0,2,2,4,0,9,1,0,0,0
1077,600,LUMPINI PARK PHAHON 32,13.8328796,100.5723097,id_600.shp,0,1,0,0,0,0,0,0,0,1,0,0,0,0,0,2,3,0,0,1,0,0,0,0,0,0,0,0,0,7,1,0,0,0,0,3,0,31,1,0,0,0
1078,601,Lumpini Park Phetkasem 98,13.7108213,100.3829924,id_601.shp,0,0,0,0,0,0,0,0,0,0,0,0,0,0,0,1,0,0,0,0,0,0,0,1,0,0,0,0,0,2,2,0,0,0,0,0,0,2,1,0,0,0
1079,602,Lumpini Park Pinklao,13.78073998,100.4759545,id_602.shp,0,0,0,0,0,0,0,0,0,1,0,0,0,0,0,0,1,0,0,0,1,0,0,0,1,0,0,0,0,2,7,0,0,2,0,0,0,2,0,0,0,0
1080,603,Lumpini Park Rama 9 - Ratchada,13.75213084,100.5764372,id_603.shp,0,2,0,0,0,0,0,2,0,0,0,0,0,0,0,4,0,0,0,1,1,1,0,5,0,0,0,0,1,3,2,0,0,4,1,0,0,2,1,0,0,0
1081,604,Lumpini Park Riverside Rama 3,13.67858451,100.5275501,id_604.shp,0,0,0,0,0,0,0,0,0,0,0,0,0,0,0,0,1,0,0,0,0,0,0,1,0,0,0,0,0,1,3,0,0,0,0,0,0,4,0,0,0,0
1082,605,Lumpini Park Vibhavadi - Chatuchak,13.79739964,100.5581695,id_605.shp,0,0,0,0,0,0,0,0,0,0,0,0,0,0,0,2,0,0,0,0,0,0,0,0,0,0,0,0,0,5,1,0,0,0,0,2,1,11,1,0,0,0
1083,606,Lumpini Park View,13.7248999,100.546431,id_606.shp,0,0,0,0,0,0,1,0,0,22,0,0,0,0,2,5,3,0,0,0,0,3,0,30,1,0,0,0,0,4,3,0,0,1,0,4,2,34,0,0,0,0
1084,607,Lumpini Place Borom Ratchachonni Pinklao,13.7844329,100.4611193,id_607.shp,0,0,0,0,0,0,0,0,0,0,0,0,0,0,0,1,2,0,0,0,0,0,0,0,0,0,0,0,0,1,3,0,1,0,0,0,0,0,0,0,0,0
1085,608,Lumpini Place Narathiwas - Chaopraya,13.68348186,100.5486378,id_608.shp,0,0,0,0,0,0,0,0,0,0,0,0,0,0,0,2,1,0,0,0,0,0,0,1,0,0,0,0,0,0,2,0,0,0,0,0,0,1,1,0,0,0
1086,609,Lumpini Place Narathiwas 24,13.70061843,100.534868,id_609.shp,0,0,2,0,0,0,0,0,0,2,0,0,0,0,0,3,1,0,0,0,0,0,0,27,1,0,0,0,3,6,7,0,1,1,0,0,0,12,1,0,0,0
1087,61,Aspire Ratchada - Wongsawang,13.8306759,100.5253235,id_61.shp,0,0,0,0,0,0,0,0,0,0,0,0,0,0,0,1,1,0,0,0,1,0,0,0,0,0,0,0,0,0,3,0,0,0,0,1,0,0,0,0,0,0
1088,610,Lumpini Place Narathiwasratchanakarin,13.69595271,100.544923,id_610.shp,0,0,0,0,0,0,0,0,0,1,0,0,0,0,0,1,1,0,1,0,0,0,0,3,0,0,0,0,2,1,2,0,0,0,0,0,0,27,2,0,0,0
1089,611,Lumpini Place Phahol - Saphankhwai,13.79177981,100.5438072,id_611.shp,0,0,0,0,0,0,0,0,0,2,0,0,0,0,1,6,0,0,0,0,0,1,0,3,0,0,0,0,0,7,3,0,0,5,0,2,0,31,1,0,0,0
1090,612,Lumpini Place Pinklao 1,13.7750762,100.481128,id_612.shp,0,0,0,0,0,0,0,0,0,0,0,0,0,0,0,4,0,0,0,0,0,0,0,3,0,0,0,0,0,7,7,0,0,0,1,1,0,2,1,0,0,0
1091,613,Lumpini Place Pinklao 2,13.78014091,100.4744636,id_613.shp,0,0,0,0,0,0,0,0,0,1,1,0,0,0,0,0,0,0,0,1,0,0,0,0,0,0,0,0,0,2,7,0,0,1,1,0,0,2,0,0,0,0
1092,614,Lumpini Place Rama 4 - Kluaynamthai,13.71225183,100.5827127,id_614.shp,0,2,0,1,0,0,0,0,0,0,0,0,0,0,0,2,1,0,1,0,0,0,0,2,0,0,0,0,0,5,8,0,0,3,2,1,0,26,1,0,0,0
1093,615,Lumpini Place Rama III - Riverview,13.6904149,100.5049008,id_615.shp,0,0,0,0,0,1,1,0,0,0,0,0,0,0,0,1,1,0,1,0,0,0,0,1,0,0,0,0,0,2,3,0,1,0,0,0,0,0,1,0,0,0
1094,616,Lumpini Place Rama IV - Sathorn,13.71841954,100.5500015,id_616.shp,0,2,0,0,0,0,0,0,0,3,0,0,0,0,0,0,2,0,0,0,0,3,0,13,0,0,0,0,2,6,5,0,0,2,1,1,1,47,0,0,0,0
1095,617,Lumpini Place Rama IX - Ratchada,13.75701039,100.5714057,id_617.shp,0,0,0,0,0,0,0,0,0,1,0,0,0,0,1,2,0,0,0,1,0,0,0,3,0,0,0,0,1,10,2,0,0,0,4,3,0,9,1,0,0,0
1096,618,Lumpini Place Rama VIII,13.77348049,100.4924313,id_618.shp,0,0,0,0,0,0,0,0,0,0,0,0,0,0,0,1,6,0,0,0,0,0,1,0,0,0,0,0,0,6,3,1,0,0,0,1,1,6,0,0,0,0
1097,619,Lumpini Place Ramindra - Laksi,13.87170642,100.6028221,id_619.shp,0,0,0,0,0,0,1,0,0,0,0,0,0,0,0,0,1,1,0,0,0,0,0,0,0,0,0,0,0,0,2,0,1,0,0,0,0,1,0,0,0,0
1098,62,Aspire Sathorn - Ratchaphruek,13.7163995,100.4584855,id_62.shp,0,0,0,0,0,0,0,0,0,0,0,0,0,0,0,3,0,0,0,0,0,0,0,7,0,0,0,0,0,7,7,1,0,1,0,4,0,8,1,0,0,0
1099,620,Lumpini Place Ratchada - Thapra,13.70888362,100.481544,id_620.shp,0,4,0,0,0,0,0,0,0,0,0,0,0,0,0,4,1,0,0,1,0,0,0,0,0,0,0,0,0,14,6,0,0,1,1,0,0,3,0,0,0,0
1100,621,Lumpini Place Ratchada-Sathu,13.69707939,100.5327669,id_621.shp,0,1,0,0,0,0,0,0,0,1,0,0,0,0,1,2,5,0,0,0,0,0,0,5,0,0,0,0,1,6,6,0,0,0,0,0,0,36,2,0,0,0
1101,622,Lumpini Place Ratchayothin,13.83060527,100.5716076,id_622.shp,0,0,0,0,0,0,0,0,0,0,0,0,0,0,0,4,0,0,0,0,0,1,0,4,0,0,0,0,0,3,3,0,0,1,0,1,0,15,1,0,0,0
1102,623,Lumpini Place Sathorn,13.711058,100.5348865,id_623.shp,0,0,0,0,0,0,0,0,0,0,0,0,0,0,0,2,0,0,0,0,0,0,0,1,0,0,0,0,1,8,8,1,1,1,0,0,0,20,1,0,0,0
1103,624,Lumpini Place Srinakarin,13.73658406,100.6426809,id_624.shp,0,0,1,0,0,0,0,0,0,2,1,0,0,0,0,0,2,0,0,1,0,0,0,0,0,0,0,0,0,5,1,0,0,0,0,0,0,5,0,0,0,0
1104,625,Lumpini Place Suanplu - Sathorn,13.7206171,100.5406493,id_625.shp,0,1,0,0,0,0,0,0,0,0,0,0,0,0,0,2,1,0,0,0,0,0,1,17,0,0,0,0,3,12,3,1,0,1,1,5,0,86,0,0,0,0
1105,626,Lumpini Place Suksawat - Rama 2,13.6914312,100.4809456,id_626.shp,0,0,0,0,0,0,0,0,0,0,0,0,0,0,0,0,4,0,0,0,0,0,0,0,0,0,0,0,1,4,3,0,0,0,0,0,0,2,0,0,0,0
1106,627,Lumpini Place Taopoon-Interchange,13.8079967,100.5308143,id_627.shp,0,1,0,0,0,0,0,0,0,1,0,0,0,0,0,1,0,0,0,0,0,0,0,1,0,0,0,0,0,2,5,0,1,1,1,0,0,1,0,0,0,0
1107,628,Lumpini Place Water Cliff,13.7000378,100.5382697,id_628.shp,0,0,0,0,0,0,0,0,0,9,0,0,0,0,0,2,2,0,0,0,0,0,0,21,2,0,0,0,2,5,8,0,1,1,0,0,0,12,0,0,0,0
1108,629,Lumpini Selected Sutthisan - Saphankwai,13.7887042,100.5537126,id_629.shp,0,2,0,0,0,0,0,0,0,1,1,0,0,0,0,0,3,0,0,0,0,0,0,3,0,0,0,0,0,12,1,0,0,5,0,1,0,15,1,0,0,0
1109,63,Aspire Sathorn - Taksin,13.712607,100.4643638,id_63.shp,0,0,0,0,0,0,0,0,0,0,0,0,0,0,0,2,0,0,0,0,0,0,0,6,0,0,0,0,0,6,8,0,0,0,0,0,0,0,0,0,0,0
1110,630,Lumpini Suite Dindaeng - Ratchaprarop,13.7631804,100.5464742,id_630.shp,0,1,1,0,0,0,0,0,0,0,0,0,0,0,0,1,2,0,0,0,0,0,0,0,0,0,0,0,5,7,2,0,1,1,0,0,1,21,0,0,0,0
1111,631,Lumpini Suite Phetchaburi - Makkasan,13.7500544,100.5555539,id_631.shp,0,2,0,0,0,0,0,0,0,0,0,0,0,0,0,2,3,0,0,1,0,1,0,8,0,0,0,0,2,26,1,0,0,3,0,51,0,53,1,0,0,0
1112,632,Lumpini Suite Pinklao,13.7730614,100.4828112,id_632.shp,0,2,0,0,0,0,0,0,0,0,0,0,0,0,0,8,0,0,0,0,0,1,0,2,0,0,0,0,0,3,6,0,0,0,0,0,1,3,0,0,0,0
1113,633,Lumpini Suite Rama Vlll,13.772941,100.4918529,id_633.shp,0,0,0,0,0,0,0,0,0,0,0,0,0,0,0,1,5,0,0,0,0,0,1,0,0,0,0,0,0,13,4,1,0,0,0,1,1,5,0,0,0,0
1114,634,Lumpini Suite Ratchada - Rama III,13.69951867,100.5391916,id_634.shp,0,1,0,0,0,0,0,0,0,6,1,0,0,0,0,1,1,0,1,0,0,0,0,24,1,0,0,0,2,4,9,0,0,1,0,0,0,10,0,0,0,0
1115,635,Lumpini Suite Sukhumvit 41,13.730008,100.5720996,id_635.shp,0,3,0,0,0,0,0,2,0,6,1,0,0,0,3,7,0,0,0,0,3,6,0,33,3,0,0,0,6,18,5,0,0,1,3,29,1,107,5,0,0,0
1116,636,Lumpini Ville Bangkae,13.7108026,100.4205091,id_636.shp,0,0,0,0,0,0,0,0,0,0,0,0,0,0,0,2,0,0,0,0,0,0,0,0,0,0,0,0,0,1,6,0,0,0,0,0,0,2,0,0,0,0
1117,637,Lumpini Ville Cultural Center,13.7733253,100.5840831,id_637.shp,0,0,0,0,0,0,0,0,0,0,0,0,0,0,0,2,2,0,0,0,0,0,0,3,0,0,0,0,0,7,4,0,1,0,0,0,0,8,0,0,0,0
1118,638,Lumpini Ville Lasalle - Barring,13.6621234,100.6239778,id_638.shp,0,1,0,0,0,0,0,0,0,0,0,0,0,0,0,0,0,0,0,0,0,0,0,2,0,0,0,0,1,0,3,0,0,0,0,0,0,5,0,0,0,0
1119,639,Lumpini Ville Latphrao - Chokchai 4,13.7958269,100.5929158,id_639.shp,0,1,0,0,0,0,0,0,0,0,0,0,0,0,0,6,1,0,0,0,0,0,0,0,0,0,0,0,0,3,5,0,0,1,0,2,0,5,0,0,0,0
1120,64,Aspire Sathorn - Thapra,13.715682,100.4798135,id_64.shp,0,0,0,0,0,0,0,0,0,1,0,0,0,0,0,5,2,0,0,1,1,0,0,1,0,0,0,0,0,17,11,0,1,1,0,0,0,1,0,0,0,0
1121,640,Lumpini Ville On Nut - Phatthanakan,13.71760345,100.6544968,id_640.shp,0,2,0,0,0,0,0,1,0,8,0,0,0,0,0,2,1,0,0,0,0,0,0,3,0,0,0,0,0,1,3,0,0,0,0,0,0,9,1,0,0,0
1122,641,Lumpini Ville On Nut Latkrabang 2,13.7211433,100.7038376,id_641.shp,1,0,0,0,0,0,0,0,0,0,0,0,0,0,0,0,1,0,0,1,0,0,0,0,0,0,0,0,0,0,0,0,0,0,0,0,0,1,0,0,0,0
1123,642,Lumpini Ville Onnut - Ladkrabang,13.7216546,100.7152376,id_642.shp,0,0,1,0,0,0,0,0,0,0,0,0,0,0,0,0,1,0,0,0,0,0,0,0,0,0,0,0,0,0,1,0,0,0,0,0,0,0,0,0,0,0
1124,643,Lumpini Ville Onnut 46,13.7070139,100.6337543,id_643.shp,0,1,0,0,0,0,0,0,0,0,0,0,0,0,0,1,0,0,0,0,0,0,0,0,0,0,0,0,0,5,5,0,0,0,0,0,0,0,1,0,0,0
1125,644,Lumpini Ville Phahol - Suthisarn,13.7883758,100.5514336,id_644.shp,0,1,0,0,0,0,0,0,0,2,1,0,0,0,0,5,3,0,0,2,0,1,0,8,0,0,0,0,0,6,3,0,0,3,0,0,0,16,1,0,0,0
1126,645,Lumpini Ville Phatthanakan - New Phetchaburi,13.7362115,100.6168855,id_645.shp,0,3,0,0,0,0,0,0,0,0,0,0,0,0,0,2,0,0,0,0,0,0,0,0,1,0,0,0,0,0,3,0,0,0,0,0,0,1,1,0,0,0
1127,646,Lumpini Ville Phra Mae Maree - Sathorn,13.705083,100.525012,id_646.shp,0,0,1,0,0,0,0,0,0,0,0,0,0,0,1,2,5,0,1,0,2,0,0,4,3,0,0,0,1,7,2,0,0,0,0,0,0,8,0,0,0,0
1128,647,Lumpini Ville Prachachuen - Phongphet 2,13.8458414,100.542083,id_647.shp,0,0,0,0,0,0,0,0,0,2,0,0,0,0,0,0,1,0,0,0,0,0,0,1,0,0,0,0,0,3,5,0,0,0,0,0,0,0,1,0,0,0
1129,648,Lumpini Ville Ramintra - Laksi,13.8721997,100.6037097,id_648.shp,0,0,0,0,0,0,0,0,0,0,0,0,0,0,0,0,1,1,0,0,1,0,0,0,0,0,0,0,0,0,2,0,1,0,0,0,0,1,0,0,0,0
1130,649,Lumpini Ville Ramkhamhaeng 26,13.7534861,100.6310129,id_649.shp,0,1,0,0,0,0,0,0,0,0,0,0,0,0,0,3,0,1,0,0,0,2,0,7,1,0,0,0,0,3,2,0,0,0,0,1,0,6,0,0,0,0
1131,65,Aspire Srinakarin,13.697327,100.6510304,id_65.shp,0,1,1,0,0,0,0,0,0,0,0,0,0,0,0,0,0,1,0,0,1,0,0,0,0,0,0,0,0,4,1,0,0,0,0,0,0,2,0,0,0,0
1132,650,Lumpini Ville Ramkhamhaeng 44,13.7618974,100.6409042,id_650.shp,0,0,0,0,0,0,0,0,0,0,0,0,0,0,0,1,1,0,0,0,0,0,0,0,0,0,0,0,0,7,5,0,1,1,0,0,0,2,1,0,0,0
1133,651,Lumpini Ville Ramkhamhaeng 60/2,13.7629161,100.6494983,id_651.shp,0,0,1,0,0,0,0,0,0,0,0,0,0,0,0,1,3,0,1,0,0,0,0,1,0,0,0,0,0,1,5,1,0,0,0,0,0,4,1,0,0,0
1134,652,Lumpini Ville Ratchaphruek - Bang Waek,13.6868584,100.492276,id_652.shp,0,0,0,0,0,0,0,0,0,0,0,0,0,0,0,0,1,0,0,0,0,0,0,0,0,0,0,0,1,1,4,0,0,1,0,0,0,2,0,0,0,0
1135,653,Lumpini Ville Sukhumvit 77,13.71093907,100.6076102,id_653.shp,0,1,0,0,0,0,0,0,0,3,0,0,0,0,0,5,2,0,0,0,0,0,0,2,0,0,0,0,1,7,1,0,0,0,0,0,0,10,2,0,0,0
1136,654,Lumpini Ville Sukhumvit 77 2,13.7121713,100.6071723,id_654.shp,0,0,1,0,0,0,0,0,0,3,0,0,0,0,0,4,1,0,0,0,0,0,0,2,0,0,0,0,0,9,1,0,0,0,0,0,0,8,2,0,0,0
1137,655,M Jatujak,13.797263,100.5517915,id_655.shp,0,0,0,0,0,0,0,0,0,3,0,0,0,0,0,2,1,0,0,1,0,2,0,5,1,0,0,0,0,8,1,0,0,1,0,1,0,14,2,0,0,0
1138,656,M Ladprao,13.8163519,100.5623887,id_656.shp,0,1,0,0,0,0,1,0,0,0,0,0,0,0,0,7,1,0,0,0,1,1,0,7,3,0,0,0,0,3,2,1,0,0,0,1,0,4,0,0,0,0
1139,657,M Phayathai,13.760893,100.536221,id_657.shp,0,2,0,0,0,1,0,1,0,5,1,0,0,0,0,7,1,0,1,1,0,0,0,9,0,0,0,0,7,23,7,0,0,5,1,0,1,34,0,0,0,0
1140,658,M Silom,13.7271421,100.527213,id_658.shp,0,1,0,0,0,0,0,2,0,13,1,0,0,0,6,13,3,1,0,1,0,14,0,57,1,0,0,0,14,29,9,2,1,3,0,27,1,166,10,0,0,0
1141,659,M Thonglor 10,13.73097831,100.5870285,id_659.shp,0,1,0,0,0,0,1,5,0,6,0,0,0,0,0,0,1,0,0,0,1,4,0,18,1,0,0,0,2,9,7,0,0,1,6,28,0,93,5,0,0,0
1142,66,Aspire Sukhumvit 48,13.7110838,100.5939315,id_66.shp,0,0,0,0,0,0,0,0,0,1,0,0,0,0,2,7,1,0,0,0,0,4,0,15,1,0,0,0,0,10,5,0,0,1,0,3,0,22,4,0,0,0
1143,660,Ma Maison,13.7720742,100.6151828,id_660.shp,0,1,0,0,0,0,0,0,0,1,0,0,0,0,0,0,1,0,0,1,0,0,0,0,0,0,0,0,0,2,3,0,0,0,0,1,0,4,1,0,0,0
1144,661,Maestro 01 Sathorn-Yenakat,13.7177325,100.5478851,id_661.shp,0,0,0,0,0,0,0,0,0,2,0,0,0,0,0,3,1,0,0,0,0,3,0,17,0,0,0,0,2,5,5,0,0,1,1,1,1,49,1,0,0,0
1145,662,Maestro 02 Ruamrudee,13.7358309,100.5506528,id_662.shp,0,0,1,0,0,0,0,1,0,0,0,0,0,0,0,1,0,0,0,0,0,3,0,24,0,0,0,0,3,22,2,0,0,0,3,60,1,103,6,0,0,0
1146,663,Maestro 03 Ratchada-Rama 9,13.7630961,100.5647644,id_663.shp,1,1,0,0,0,0,0,0,0,2,0,0,0,0,0,4,0,0,0,0,0,0,0,4,1,0,0,0,0,7,6,0,0,0,3,2,0,18,1,0,0,0
1147,664,Maestro 07 Victory Monument,13.76396,100.5399989,id_664.shp,5,2,0,0,0,0,0,0,0,7,0,0,0,0,0,6,1,0,0,2,0,1,1,21,1,0,0,0,2,9,4,1,1,6,0,0,0,3,0,0,0,0
1148,665,Maestro 12,13.7537907,100.5296216,id_665.shp,0,3,0,0,0,0,0,0,0,2,0,0,0,0,0,11,2,0,0,0,0,9,0,17,0,0,0,0,0,21,8,1,1,2,4,2,0,52,0,0,0,0
1149,666,Maestro 14 Siam - Ratchathewi,13.7508744,100.529296,id_666.shp,0,2,1,0,0,0,0,0,0,6,0,0,0,0,0,9,2,1,0,0,1,11,0,14,0,0,0,0,3,24,8,1,0,0,6,1,0,68,0,0,0,0
1150,667,Maestro 19 Ratchada 19 Vipha,13.7968367,100.5696123,id_667.shp,0,2,0,0,0,0,0,0,0,1,0,0,0,0,0,1,2,0,0,0,0,0,0,6,0,0,0,0,1,10,1,0,0,0,0,1,1,7,0,0,0,0
1151,668,Maestro 39,13.7398558,100.572639,id_668.shp,0,0,0,0,0,0,0,0,0,1,0,0,0,0,0,4,0,0,0,0,0,3,0,10,1,0,0,0,1,12,4,1,0,1,3,15,0,63,1,0,0,0
1152,669,Magnolias Ratchadamri Boulevard,13.7425631,100.540769,id_669.shp,1,0,0,0,0,0,2,4,0,7,0,0,0,0,2,5,1,0,0,1,4,8,0,29,3,0,0,0,5,19,1,0,0,0,7,7,0,98,3,0,0,0
1153,67,Aspire Sukhumvit-Onnut,13.7103903,100.6137298,id_67.shp,0,0,0,0,0,0,0,0,0,0,0,0,0,0,0,0,0,0,0,0,0,0,0,0,0,0,0,0,0,5,3,0,0,0,0,0,0,4,0,0,0,0
1154,670,Magnolias Waterfront Residences,13.7273052,100.5105012,id_670.shp,0,0,0,0,0,0,1,2,0,2,0,0,0,0,1,4,1,0,1,1,2,0,0,11,1,0,0,0,1,9,12,0,1,2,1,10,0,50,4,0,0,0
1155,671,Mahogany Tower,13.7225843,100.5665936,id_671.shp,0,0,0,0,0,0,0,1,0,2,0,0,0,0,0,4,2,0,0,0,0,3,0,26,1,0,0,0,3,16,5,0,0,0,2,9,1,48,4,0,0,0
1156,672,Maison De Siam,13.7266881,100.5622727,id_672.shp,0,1,0,0,0,0,0,0,0,4,0,0,0,0,0,2,2,0,0,0,0,3,0,16,0,0,0,0,2,30,3,0,0,2,3,26,2,99,2,0,0,0
1157,673,Maison De Ville,13.7920718,100.5477278,id_673.shp,0,2,0,0,0,0,0,0,0,0,0,0,0,0,0,5,2,0,0,3,0,1,0,12,0,0,0,0,1,8,1,0,0,2,0,3,0,23,3,0,0,0
1158,674,Maison Garden Chaeng Watthana,13.8980634,100.5773843,id_674.shp,0,0,0,0,0,0,0,0,0,0,0,0,0,0,0,0,1,0,0,0,0,0,0,0,0,0,0,0,0,6,3,0,0,0,0,0,0,1,0,0,0,0
1159,675,MANHATTAN CHIDLOM,13.7493923,100.5434392,id_675.shp,0,3,0,0,0,0,1,0,0,3,0,0,0,0,1,7,0,0,0,0,3,1,0,15,1,0,0,0,4,19,5,0,0,3,6,13,0,71,3,0,0,0
1160,676,Mano Tower,13.7438536,100.5723045,id_676.shp,0,1,0,0,0,0,0,0,0,3,1,0,0,0,0,3,1,0,0,0,0,0,0,2,0,0,0,0,1,14,5,1,0,0,2,10,0,40,1,0,0,0
1161,677,MARQUE Sukhumvit,13.73023085,100.5710688,id_677.shp,1,6,0,0,0,0,0,0,0,10,2,0,0,0,3,4,0,0,0,0,2,9,1,21,1,0,0,0,3,17,5,0,0,1,2,27,0,101,3,0,0,0
1162,678,MARU Ekkamai 2,13.724528,100.5852574,id_678.shp,0,1,0,0,0,0,1,1,0,13,0,0,0,0,0,0,3,0,0,0,2,2,0,18,2,0,0,0,2,13,6,0,0,1,4,22,0,80,5,0,0,0
1163,679,Master View Executive Place,13.7128323,100.4993969,id_679.shp,0,1,0,0,0,0,0,0,0,1,0,0,0,0,0,6,0,0,0,0,0,0,0,2,0,0,0,0,0,14,9,0,0,0,0,3,0,20,2,0,0,0
1164,68,Aspire Wutthakat,13.7139676,100.4718375,id_68.shp,0,0,1,0,0,0,0,0,0,0,0,0,0,0,0,3,3,0,0,0,0,0,0,0,0,0,0,0,0,10,9,0,0,1,1,0,0,6,0,0,0,0
1165,680,Max Condominium Vibhavadi,13.8598328,100.5690766,id_680.shp,0,0,0,0,0,0,0,0,0,0,0,0,0,0,0,0,1,0,0,0,0,0,0,0,0,0,0,0,0,3,2,0,0,0,0,0,0,2,0,0,0,0
1166,681,Maxxi Condo,13.83703598,100.5839169,id_681.shp,0,0,0,0,0,0,0,0,0,0,0,0,0,0,0,0,0,0,0,0,0,1,0,2,0,0,0,0,0,1,3,0,0,0,0,0,0,6,0,0,0,0
1167,682,Mayfair Place Sukhumvit 50,13.70502126,100.5949673,id_682.shp,0,0,0,0,0,0,0,0,0,0,0,0,0,0,0,1,0,0,0,0,0,3,0,2,1,0,0,0,1,9,7,0,1,0,0,1,0,12,2,0,0,0
1168,683,Mayfair Place Sukhumvit 64,13.6870645,100.6059733,id_683.shp,0,0,0,0,0,0,0,0,0,0,0,0,0,0,0,1,2,0,0,0,0,0,0,1,0,0,0,0,0,2,0,0,0,1,0,0,0,5,0,0,0,0
1169,684,Mazarine Ratchayothin,13.8288684,100.5699921,id_684.shp,0,2,0,0,0,0,0,1,0,2,0,0,0,0,0,2,0,0,0,0,0,0,0,9,1,0,0,0,0,1,4,0,0,1,0,0,0,3,0,0,0,0
1170,685,Menam Residences,13.7064266,100.5058885,id_685.shp,0,2,1,0,0,0,0,1,0,2,0,0,0,0,0,3,2,0,0,0,0,4,0,29,1,0,0,0,0,9,5,0,0,0,0,0,0,6,0,0,0,0
1171,686,MeStyle @ Sukhumvit - Bangna,13.671463,100.6355819,id_686.shp,0,0,0,0,0,0,0,0,0,0,0,0,0,0,0,0,0,0,0,0,1,0,0,2,1,0,0,0,0,5,3,0,0,2,0,1,0,6,0,0,0,0
1172,687,Metha Place @ Ratchada,13.7782942,100.586556,id_687.shp,0,0,0,0,0,0,0,0,0,1,0,0,0,0,0,2,3,0,0,0,0,0,0,2,0,0,0,0,0,6,2,0,1,0,0,2,0,6,0,0,0,0
1173,688,Metris Rama 9-Ramkhamhaeng,13.7475742,100.6067533,id_688.shp,0,0,0,0,0,0,0,0,0,0,0,0,0,0,0,3,0,0,0,1,0,0,0,1,0,0,0,0,0,8,1,0,0,0,0,0,0,5,0,0,0,0
1174,689,Metro Luxe Kaset,13.84165209,100.5873763,id_689.shp,0,0,0,0,0,0,0,0,0,0,0,0,0,0,0,0,0,0,0,0,0,1,0,0,0,0,0,0,0,2,2,0,0,0,0,0,0,4,0,0,0,0
1175,69,Assagarn Place Ladprao 85,13.7839059,100.6140104,id_69.shp,0,1,0,0,0,0,0,0,0,0,0,0,0,0,0,2,2,0,0,0,0,0,0,1,1,0,0,0,0,3,1,0,0,0,0,0,0,1,0,0,0,0
1176,690,Metro Luxe Paholyothin - Sutthisan,13.7874616,100.5580701,id_690.shp,0,0,0,0,0,0,0,0,0,0,0,0,0,0,0,1,0,0,0,0,0,0,0,0,0,0,0,0,0,3,3,2,0,0,0,0,0,7,1,0,0,0
1177,691,Metro Luxe Rama 4,13.71193273,100.5802581,id_691.shp,0,0,0,1,0,0,0,0,0,0,0,0,0,0,0,3,1,0,0,1,0,0,0,2,0,0,0,0,0,3,5,0,1,1,1,0,0,23,0,0,0,0
1178,692,Metro Luxe Ratchada,13.7842112,100.5726318,id_692.shp,0,0,0,0,0,0,0,0,0,0,0,0,0,0,0,5,1,0,0,0,0,3,0,7,2,0,0,0,3,20,1,0,0,0,0,2,0,15,0,0,0,0
1179,693,Metro Park Sathorn,13.71232969,100.4513946,id_693.shp,0,0,0,0,0,0,0,0,0,0,0,0,0,0,0,2,3,0,0,0,0,0,0,0,1,0,0,0,0,16,0,1,0,0,0,4,0,16,0,0,0,0
1180,694,Metro Sky Ratchada,13.7841713,100.5712747,id_694.shp,0,0,0,0,0,0,0,0,0,1,0,0,0,0,0,5,1,0,0,0,0,3,0,6,2,0,0,0,3,20,1,0,0,0,0,2,0,15,0,0,0,0
1181,695,Metro Sky Wutthakat,13.71571751,100.4728192,id_695.shp,0,0,0,0,0,0,0,0,0,0,0,0,0,0,0,0,4,0,0,0,0,0,0,0,0,0,0,0,0,10,8,0,1,1,1,0,0,3,0,0,0,0
1182,696,Metroluxe Rose Gold Phahol-Sutthisan,13.7867034,100.5576526,id_696.shp,0,0,0,0,0,0,0,0,0,0,0,0,0,0,0,1,0,0,0,0,0,0,0,0,0,0,0,0,0,4,3,2,0,0,0,0,0,8,1,0,0,0
1183,697,Millennium Residence,13.72954589,100.5626992,id_697.shp,0,1,0,0,0,0,0,1,0,5,0,0,0,0,1,8,2,0,0,0,1,10,0,34,1,0,0,0,3,32,1,0,0,0,5,48,2,97,1,0,0,0
1184,698,Mirage Sukhumvit 27,13.73517981,100.5645676,id_698.shp,0,3,0,0,0,0,0,6,0,5,0,0,0,0,2,21,0,0,0,0,1,46,0,67,1,0,0,0,3,37,4,0,0,1,5,22,2,116,2,0,0,0
1185,699,Miti Chiva Kaset Station,13.8406335,100.5778489,id_699.shp,0,0,0,0,0,0,0,0,0,0,0,0,0,0,0,3,1,0,0,0,0,2,0,13,0,0,0,0,0,6,3,0,0,1,0,3,0,19,0,0,0,0
1186,7,28 Chidlom,13.746691,100.5441112,id_7.shp,0,0,0,0,0,0,0,0,0,1,0,0,0,0,3,9,1,0,0,0,6,4,0,41,3,0,0,0,4,20,3,0,0,2,4,14,0,66,3,0,0,0
1187,70,Assagarn Place Ramkhamhaeng,13.761554,100.6358327,id_70.shp,0,3,0,0,0,1,0,0,0,0,0,0,0,0,0,1,2,0,0,0,0,0,0,1,0,0,0,0,1,3,1,0,0,0,0,0,0,2,0,0,0,0
1188,700,MITI Condo,13.82839251,100.5920454,id_700.shp,0,0,0,0,0,0,0,0,0,2,0,0,0,0,0,0,1,0,0,0,0,0,0,1,0,0,0,0,1,0,5,0,0,0,0,0,0,1,0,0,0,0
1189,701,MODE Sukhumvit 61,13.72264574,100.5828598,id_701.shp,0,0,0,0,0,0,0,1,0,17,0,0,0,0,1,6,3,0,0,0,3,6,0,32,3,0,0,0,3,11,8,0,0,1,3,7,0,57,4,0,0,0
1190,702,Modern Condo Bangplad-Charan79,13.79186561,100.501277,id_702.shp,0,0,0,0,0,0,0,0,0,0,0,0,0,0,0,2,4,0,1,0,0,0,0,3,0,0,0,0,0,2,4,0,0,0,0,1,0,4,0,0,0,0
1191,703,Modern Home Tower The Exclusive,13.6970525,100.5405208,id_703.shp,0,0,0,0,0,0,0,0,0,3,0,0,0,0,0,2,0,0,1,0,0,0,0,25,2,0,0,0,2,2,7,0,0,0,0,0,0,8,0,0,0,0
1192,704,MODIZ LADPRAO 18,13.8060932,100.5700721,id_704.shp,0,4,0,0,0,0,0,0,0,0,0,0,0,0,0,3,1,0,0,0,0,0,0,2,1,0,0,0,1,5,1,0,0,0,0,2,0,9,0,0,0,0
1193,705,Modiz Ratchada 32,13.814848,100.5763659,id_705.shp,0,1,0,0,0,0,0,0,0,0,0,0,0,0,0,1,0,0,0,0,0,0,0,2,0,0,0,0,0,10,0,1,0,0,0,0,0,10,3,0,0,0
1194,706,Modiz Station,13.8819474,100.6001251,id_706.shp,0,0,0,0,0,0,0,0,0,0,0,0,0,0,0,0,0,0,0,0,0,0,0,0,0,0,0,0,0,2,1,1,0,0,0,0,0,1,0,0,0,0
1195,707,Modiz Sukhumvit 50,13.70223858,100.5896524,id_707.shp,0,0,0,0,0,0,0,0,0,0,0,0,0,0,0,0,3,0,0,0,0,0,0,0,0,0,0,0,0,1,4,0,1,0,0,0,0,1,1,0,0,0
1196,708,Moniiq Sukhumvit 64,13.6887312,100.6024781,id_708.shp,0,0,0,0,0,0,0,0,0,0,0,0,0,0,0,0,0,0,0,0,0,0,0,0,0,0,0,0,0,1,3,0,0,1,0,0,0,1,0,0,0,0
1197,709,Monte Rama 9,13.75048226,100.6126098,id_709.shp,0,0,0,0,0,0,0,0,0,0,0,0,0,0,0,8,1,0,0,0,0,0,0,4,0,0,0,0,0,1,3,1,0,2,0,0,0,2,1,0,0,0
1198,71,Athenee Residence,13.7413804,100.5493226,id_71.shp,1,2,0,0,0,0,0,3,0,10,0,0,0,0,1,9,0,0,0,0,1,35,0,39,1,0,0,0,4,26,4,0,0,1,4,42,0,121,6,0,0,0
1199,710,Monterey Place,13.723687,100.5618353,id_710.shp,0,1,0,0,0,0,0,1,0,0,0,0,0,0,0,5,2,0,0,0,0,1,0,10,0,0,0,0,1,12,4,0,0,2,0,8,2,64,3,0,0,0
1200,711,Moon Tower,13.72570381,100.5818933,id_711.shp,0,0,1,0,0,0,0,0,0,4,1,0,0,0,2,7,0,0,0,0,3,8,0,45,3,0,0,0,4,7,7,0,0,1,7,34,0,105,7,0,0,0
1201,712,Mori Haus,13.71510633,100.6029566,id_712.shp,0,0,0,0,0,0,0,0,0,0,0,0,0,0,0,5,2,0,0,0,0,0,0,6,0,0,0,0,0,15,2,0,0,0,0,2,0,22,1,0,0,0
1202,713,Morning Suite,13.93410805,100.6275546,id_713.shp,0,0,0,0,0,0,0,0,0,0,0,0,0,0,0,1,0,0,0,0,0,0,0,0,1,0,0,0,0,0,0,0,0,0,0,0,0,0,0,0,0,0
1203,714,Motif Condo,13.7267046,100.4875522,id_714.shp,0,0,1,0,0,0,0,0,0,0,0,0,0,0,0,4,3,0,1,0,0,0,0,0,0,0,0,0,0,11,8,2,0,1,1,0,0,5,0,0,0,0
1204,715,Motive Condominium Chaengwattana,13.889401,100.5754419,id_715.shp,0,0,0,0,0,0,0,0,0,0,0,0,0,0,0,1,0,0,1,0,0,0,0,0,0,0,0,0,1,3,3,1,0,1,0,0,0,0,1,0,0,0
1205,716,Movenpick Residences Ekkamai Bangkok,13.7392497,100.588918,id_716.shp,0,1,1,0,0,0,0,2,0,1,0,0,0,0,0,3,1,0,1,0,0,1,0,3,0,0,0,0,1,6,5,0,0,4,4,9,0,28,1,0,0,0
1206,717,Mulberry Grove Sukhumvit,13.71795771,100.588106,id_717.shp,0,1,0,0,0,1,0,0,0,2,0,0,0,0,0,3,3,0,0,1,1,1,0,17,1,0,0,0,2,14,6,1,0,0,3,7,0,54,2,0,0,0
1207,718,MUNIQ Langsuan,13.735078,100.5442236,id_718.shp,0,0,0,0,0,0,0,0,0,4,0,0,0,0,0,2,1,0,0,0,0,1,0,21,2,0,0,0,5,9,3,0,0,1,3,17,1,72,2,0,0,0
1208,719,MUNIQ Sukhumvit 23,13.7378664,100.5625844,id_719.shp,1,7,0,0,0,0,0,27,0,9,0,0,0,0,2,20,1,0,0,1,3,13,0,68,1,0,0,0,2,34,2,1,0,1,1,48,2,130,1,0,0,0
1209,72,Atmoz Ladprao 15,13.8146545,100.5706907,id_72.shp,0,0,0,0,0,0,0,0,0,0,0,0,0,0,0,0,0,0,0,0,0,0,0,0,0,0,0,0,0,14,1,1,0,0,0,1,0,13,4,0,0,0
1210,720,My Condo Ladprao 27,13.80541165,100.5786241,id_720.shp,0,1,0,0,0,0,0,0,0,0,0,0,0,0,0,3,0,0,0,0,0,0,0,1,1,0,0,0,1,7,1,0,0,0,0,1,0,5,2,0,0,0
1211,721,My Condo Pinklao,13.77590247,100.4830994,id_721.shp,0,2,0,0,0,0,0,0,0,0,0,0,0,0,0,2,0,0,0,0,0,0,0,3,0,0,0,0,0,6,8,0,0,0,1,1,1,2,1,0,0,0
1212,722,My Condo Sathorn - Taksin,13.7226259,100.49618,id_722.shp,0,1,0,0,0,0,0,0,0,0,0,0,0,0,0,6,0,0,0,0,0,0,0,4,1,0,0,0,0,17,4,0,0,1,1,0,0,6,1,0,0,0
1213,723,My Condo Sukhumvit 103,13.6788327,100.623895,id_723.shp,0,1,0,0,0,0,0,0,0,0,0,0,0,0,0,0,1,0,0,0,0,0,0,0,0,0,0,0,0,1,3,0,0,0,0,0,0,2,0,0,0,0
1214,724,My Condo Sukhumvit 52,13.70377355,100.6001125,id_724.shp,0,1,0,0,0,0,0,0,0,3,0,0,0,0,1,5,1,0,1,0,0,3,0,2,2,0,0,0,0,11,5,0,0,0,0,0,0,9,1,0,0,0
1215,725,My Condo Sukhumvit 81,13.70530642,100.6038503,id_725.shp,0,0,0,0,0,0,0,0,0,0,0,0,0,0,1,6,1,0,1,0,0,0,0,4,2,0,0,0,0,15,4,0,0,0,0,3,0,15,1,0,0,0
1216,726,My Resort @ River,13.78882367,100.5055958,id_726.shp,0,0,1,0,0,0,0,0,0,0,0,0,0,0,0,2,2,0,0,0,0,0,0,3,0,0,0,0,0,5,8,0,1,1,0,1,0,2,1,0,0,0
1217,727,My Resort Bangkok,13.7482389,100.5666133,id_727.shp,0,2,0,0,0,0,0,0,0,1,0,0,0,0,0,4,2,1,0,2,0,0,0,3,0,0,0,0,3,21,4,0,0,2,2,7,0,36,1,0,0,0
1218,728,My Story Ladprao 71,13.8156625,100.6106341,id_728.shp,0,0,0,0,0,0,0,0,0,0,0,0,0,0,0,0,0,0,0,0,0,0,1,0,0,0,0,0,0,0,1,0,0,0,0,0,0,2,0,0,0,0
1219,729,N.T. House,13.7592543,100.5859507,id_729.shp,0,0,0,0,0,0,0,1,0,0,0,0,0,0,0,0,0,0,0,0,0,0,0,0,0,0,0,0,0,3,1,0,0,2,0,0,0,0,0,0,0,0
1220,73,Attitude Lasalle,13.6597898,100.607628,id_73.shp,0,0,0,0,0,0,0,0,0,0,1,0,0,0,0,0,0,0,0,0,0,0,0,0,0,0,0,0,0,1,0,0,0,1,0,0,0,0,0,0,0,0
1221,730,Na Reva Charoennakhon,13.70687673,100.4907922,id_730.shp,0,1,0,0,0,0,1,0,0,5,0,0,0,0,0,2,2,0,0,0,0,0,0,1,0,0,0,0,0,14,5,0,0,2,0,0,0,1,0,0,0,0
1222,731,Na Vara Residence,13.74200269,100.5445165,id_731.shp,2,3,0,0,0,0,1,4,0,17,1,0,0,0,2,4,1,0,0,0,4,7,0,33,2,0,0,0,3,19,2,0,0,2,3,41,0,73,4,0,0,0
1223,732,Na Veera Phahol - Ari,13.78627702,100.5490534,id_732.shp,0,0,0,0,0,0,0,0,0,0,0,0,0,0,0,6,2,0,0,3,0,1,0,18,2,0,0,0,4,9,3,0,1,2,0,3,0,40,1,0,0,0
1224,733,Nara 9 by Eastern Star,13.7179413,100.5331621,id_733.shp,0,0,0,0,0,0,0,0,0,0,0,0,0,0,0,4,2,0,0,0,0,0,0,7,0,0,0,0,5,12,8,2,0,2,0,5,0,68,1,0,0,0
1225,734,Narathorn Place,13.7201384,100.5324819,id_734.shp,0,1,0,0,0,0,0,0,0,1,0,0,0,0,1,2,1,0,0,0,0,2,0,10,0,0,0,0,5,21,9,2,0,3,0,26,0,117,5,0,0,0
1226,735,Navin Court,13.73689373,100.5501096,id_735.shp,0,0,1,0,0,0,0,0,0,3,0,0,0,0,1,1,0,0,0,0,0,8,0,27,1,0,0,0,4,25,2,0,0,0,3,60,0,116,4,0,0,0
1227,736,New York Condo Ramindra 97,13.8280088,100.677179,id_736.shp,0,1,0,0,0,0,1,0,0,20,1,0,0,0,0,0,0,0,0,0,1,0,0,0,0,0,0,0,0,1,0,0,0,1,0,0,0,0,0,0,0,0
1228,737,Newton Tower,13.7386066,100.5550358,id_737.shp,0,1,0,0,0,0,0,5,0,10,0,0,0,0,2,13,0,0,0,0,2,51,0,46,3,0,0,0,3,43,2,0,0,2,1,45,1,129,1,0,0,0
1229,738,Niche id Phetkasem-Bangkae,13.7050396,100.4221358,id_738.shp,0,0,0,0,0,0,0,0,0,0,0,0,0,0,0,0,3,0,0,0,0,0,0,0,0,0,0,0,0,3,2,0,0,0,0,0,0,1,0,0,0,0
1230,739,Niche id Rama 2 - Daokhanong,13.67717526,100.4689926,id_739.shp,0,0,0,0,0,0,0,0,0,0,0,0,0,0,0,2,1,0,0,0,0,0,0,0,0,0,0,0,0,5,3,0,0,2,0,0,0,3,1,0,0,0
1231,74,August Condo Charoenkrung 80,13.699031,100.4964315,id_74.shp,0,0,0,0,0,0,0,0,0,0,0,0,0,0,0,0,2,0,0,0,0,0,0,0,0,0,0,0,0,1,5,0,1,1,1,3,0,30,0,0,0,0
1232,740,Niche Mono Charoen Nakorn,13.696836,100.4858348,id_740.shp,0,0,0,0,0,0,0,0,0,0,0,0,0,0,0,3,3,0,0,0,0,0,0,2,0,0,0,0,0,2,5,0,0,1,0,0,0,1,0,0,0,0
1233,741,Niche Mono Itsaraphap,13.7396496,100.4838499,id_741.shp,0,2,0,0,0,0,0,0,0,0,0,0,0,0,0,2,4,0,0,0,0,0,0,0,0,0,0,0,0,2,9,0,0,0,0,3,0,7,0,0,0,0
1234,742,Niche Mono Peak Bangna,13.66407984,100.6370542,id_742.shp,0,0,0,0,0,0,0,0,0,0,0,0,0,0,0,0,1,0,0,2,0,0,0,0,0,0,0,0,0,4,3,0,0,0,1,0,0,6,1,0,0,0
1235,743,Niche Mono Rama 9,13.7629936,100.5939796,id_743.shp,0,0,0,0,0,0,0,0,0,0,0,0,0,0,0,0,1,0,0,0,0,0,0,0,1,0,0,0,0,0,2,0,0,0,0,2,0,4,0,0,0,0
1236,744,Niche Mono Ramkhamhaeng,13.75949466,100.6374615,id_744.shp,0,0,0,0,0,0,0,0,0,0,0,0,0,0,0,4,0,0,0,1,0,0,0,1,0,0,0,0,1,2,3,0,0,0,0,0,0,1,0,0,0,0
1237,745,Niche Pride Taopoon - Interchange,13.80575843,100.5315691,id_745.shp,0,1,0,0,0,0,0,0,0,0,0,0,0,0,0,1,1,0,0,0,0,0,0,1,0,0,0,0,0,0,5,0,1,1,1,0,0,3,0,0,0,0
1238,746,Nimit Langsuan,13.7349822,100.5421791,id_746.shp,0,1,0,0,0,0,0,0,0,2,1,0,0,0,1,1,1,0,0,0,0,1,1,18,1,0,0,0,11,15,2,1,0,2,3,20,0,80,3,0,0,0
1239,747,Niran City Bangkhae,13.69611739,100.4127709,id_747.shp,0,0,0,0,0,0,0,0,0,0,0,0,0,0,0,0,0,0,1,0,0,0,0,0,0,0,0,0,0,5,2,0,0,0,1,0,0,5,0,0,0,0
1240,748,Niran Condominium Donmuang,13.91442681,100.5880366,id_748.shp,0,2,0,0,0,0,0,0,0,1,0,0,0,0,0,2,0,0,0,0,0,0,0,0,0,0,0,0,0,2,4,0,1,0,0,0,0,1,0,0,0,0
1241,749,Nivati Thonglor 23,13.73900093,100.5804488,id_749.shp,0,0,0,0,0,0,0,0,0,1,0,0,0,0,1,4,1,0,0,1,1,1,0,15,0,0,0,0,1,9,2,0,1,2,4,31,0,62,5,0,0,0
1242,75,Avacas Garden Family House Condominium,13.8237283,100.6102456,id_75.shp,0,0,0,0,0,0,0,0,0,1,0,0,0,0,0,0,0,0,0,0,0,0,0,0,0,0,0,0,0,0,2,0,0,0,0,0,1,0,0,0,0,0
1243,750,Noble 09 Ruamrudee,13.7410369,100.5497188,id_750.shp,1,0,0,0,0,0,0,3,0,10,1,0,0,0,1,10,0,0,0,0,1,35,0,40,1,0,0,0,4,27,5,0,0,1,3,43,0,121,4,0,0,0
1244,751,Noble Above Wireless-Ruamrudee,13.734639,100.5506436,id_751.shp,0,0,1,0,0,0,0,0,0,0,0,0,0,0,0,0,0,0,0,0,0,2,0,10,0,0,0,0,3,18,4,0,0,0,1,56,1,111,5,0,0,0
1245,752,Noble Ambience Sarasin,13.7353021,100.5403038,id_752.shp,0,2,0,0,0,0,0,0,0,0,0,0,0,0,1,0,0,0,0,0,0,1,1,15,2,0,0,0,11,17,2,1,0,2,3,18,0,84,4,0,0,0
1246,753,Noble Around 33,13.7359378,100.5676331,id_753.shp,0,1,0,0,0,0,0,2,0,11,0,0,0,0,0,10,2,0,0,0,1,24,0,43,0,0,0,0,6,44,1,1,0,2,5,40,1,118,6,0,0,0
1247,754,Noble Around Ari,13.77760794,100.5443441,id_754.shp,0,0,1,0,0,0,0,0,0,2,0,0,0,0,3,1,2,0,1,0,0,2,0,26,1,0,0,0,0,5,1,1,0,3,0,0,0,26,1,0,0,0
1248,755,Noble BE 33,13.7354264,100.5676846,id_755.shp,0,0,0,0,0,0,0,5,0,10,0,0,0,0,1,9,2,0,0,0,2,19,0,42,0,0,0,0,4,45,2,0,0,2,5,43,1,123,7,0,0,0
1249,756,Noble BE19,13.7423617,100.5596477,id_756.shp,0,2,0,0,0,0,0,1,0,2,0,0,0,0,1,21,1,0,0,1,2,25,0,78,1,0,0,0,4,46,3,1,0,2,1,77,0,107,2,0,0,0
1250,757,Noble Cube,13.73418193,100.6170083,id_757.shp,0,0,0,0,0,0,0,0,0,0,0,0,0,0,0,5,1,0,0,0,0,0,0,0,0,0,0,0,0,0,2,0,0,0,0,0,0,1,1,0,0,0
1251,758,Noble Form Thonglor,13.73541571,100.5840166,id_758.shp,0,3,0,0,0,0,1,3,0,2,0,0,0,0,1,3,0,0,0,1,3,21,0,48,1,0,0,0,2,6,4,0,1,2,4,12,0,44,4,0,0,0
1252,759,Noble House Phayathai,13.7587689,100.5352961,id_759.shp,0,0,0,0,1,1,0,0,0,0,0,0,0,0,0,10,2,0,0,0,0,1,0,13,1,0,0,0,7,29,6,0,0,6,1,9,1,52,0,0,0,0
1253,76,Avenue 61,13.7249088,100.5826664,id_76.shp,0,0,0,0,0,0,0,0,0,2,0,0,0,0,2,7,1,0,0,0,4,6,0,41,5,0,0,0,4,8,7,0,0,1,3,27,0,94,2,0,0,0
1254,760,Noble Lite,13.7788857,100.5425603,id_760.shp,0,0,1,0,1,0,0,0,0,3,0,0,0,0,3,2,1,0,0,0,0,2,0,36,1,0,0,0,0,4,2,1,0,3,0,1,0,17,1,0,0,0
1255,761,Noble Ora,13.7363335,100.5845614,id_761.shp,1,1,0,0,0,0,0,0,0,2,0,0,0,0,0,5,1,0,0,1,3,20,0,34,1,0,0,0,1,6,3,0,1,2,3,14,0,50,2,0,0,0
1256,762,Noble Ploenchit,13.7440357,100.5486963,id_762.shp,0,2,0,0,0,0,0,0,0,3,0,0,0,0,2,6,0,0,0,1,3,6,0,36,2,0,0,0,4,29,4,0,0,1,4,67,0,121,4,0,0,0
1257,763,Noble Recole,13.7421466,100.5601554,id_763.shp,0,4,0,0,0,0,0,1,0,5,0,0,0,0,2,20,1,0,0,1,3,23,0,77,1,0,0,0,3,44,3,1,0,2,0,82,0,110,2,0,0,0
1258,764,Noble ReD,13.780289,100.5436543,id_764.shp,3,1,0,0,1,0,0,2,0,22,1,0,0,0,0,2,2,0,0,0,0,0,0,16,1,0,0,0,0,4,2,0,0,2,0,1,0,19,0,0,0,0
1259,765,Noble Refine,13.7282634,100.5711817,id_765.shp,0,2,0,0,0,0,0,3,0,7,1,0,0,0,3,9,1,0,0,0,2,4,1,40,2,0,0,0,4,17,5,0,0,1,2,30,0,91,5,0,0,0
1260,766,Noble Reflex,13.7819541,100.5433556,id_766.shp,0,2,0,0,0,0,0,0,0,20,0,0,0,0,3,2,0,0,1,2,0,2,0,21,2,0,0,0,1,8,5,0,0,1,0,2,0,24,0,0,0,0
1261,767,Noble Reform,13.7813444,100.5446239,id_767.shp,3,2,0,0,0,0,0,2,0,26,1,0,0,0,0,2,1,0,1,2,0,0,0,17,1,0,0,0,0,6,3,0,0,1,0,2,0,22,0,0,0,0
1262,768,Noble Remix,13.7245667,100.5772601,id_768.shp,0,4,0,0,0,0,0,2,0,2,1,0,0,0,5,4,2,0,0,0,0,3,0,37,2,0,0,0,1,12,5,0,0,0,5,13,0,90,9,0,0,0
1263,769,Noble Reveal,13.7218845,100.5848259,id_769.shp,0,1,1,0,0,0,1,1,0,15,1,0,0,0,0,3,3,0,0,1,2,3,0,26,0,0,0,0,2,13,6,0,0,1,3,8,0,44,4,0,0,0
1264,77,B Republic,13.6843344,100.6245615,id_77.shp,0,0,0,0,0,0,0,0,0,0,0,0,0,0,0,0,0,0,0,0,0,0,0,1,0,0,0,0,0,2,4,0,0,0,0,0,0,1,1,0,0,0
1265,770,Noble Revent,13.757179,100.535399,id_770.shp,0,2,0,0,0,0,0,0,0,0,0,0,0,0,0,11,3,0,1,2,0,1,0,9,0,0,0,0,7,30,6,0,0,4,2,9,1,51,1,0,0,0
1266,771,Noble Revo Silom,13.7195089,100.5194916,id_771.shp,0,2,1,0,0,0,0,0,0,3,0,0,0,0,0,8,4,0,0,1,0,5,0,22,2,0,0,0,2,16,18,2,0,2,0,6,0,44,1,0,0,0
1267,772,Noble Revolve Ratchada,13.76345162,100.5693043,id_772.shp,0,0,0,0,0,0,0,0,0,0,0,0,0,0,1,6,0,0,0,0,1,1,0,11,1,0,0,0,1,3,0,0,0,0,3,0,0,8,2,0,0,0
1268,773,Noble Solo,13.7401414,100.5850628,id_773.shp,0,2,0,0,0,0,0,0,0,1,0,0,0,0,1,2,2,0,1,2,0,3,0,6,0,0,0,0,0,5,3,0,0,2,4,26,0,49,2,0,0,0
1269,774,NOBLE STATE 39,13.7340461,100.5710531,id_774.shp,0,0,0,0,0,0,0,0,0,3,0,0,0,0,1,10,0,0,0,0,2,10,0,28,1,0,0,0,5,26,3,0,0,1,3,41,1,129,5,0,0,0
1270,775,Notting Hill Jatujak - Interchange,13.7971852,100.552077,id_775.shp,0,0,0,0,0,0,0,0,0,2,0,0,0,0,0,2,1,0,0,1,0,2,0,6,1,0,0,0,0,8,1,0,0,1,0,1,0,14,2,0,0,0
1271,776,Notting Hill Phahol - Kaset,13.8598541,100.5871471,id_776.shp,0,0,1,0,0,0,0,0,0,0,0,0,0,0,0,0,2,0,0,0,0,0,0,0,0,0,0,0,0,0,3,1,0,0,0,0,0,0,0,0,0,0
1272,777,Notting Hill The Exclusive CharoenKrung,13.70316553,100.5055311,id_777.shp,0,2,0,0,0,0,0,0,0,1,0,0,0,0,0,1,5,0,0,0,0,4,0,28,1,0,0,0,0,8,4,0,0,0,0,1,0,5,1,0,0,0
1273,778,Notting Hill Sukhumvit 105,13.66199964,100.6070381,id_778.shp,0,0,0,0,0,0,0,0,0,0,1,0,0,0,0,0,0,0,0,0,0,0,0,0,0,0,0,0,0,1,0,0,0,1,0,0,0,0,0,0,0,0
1274,779,NS Tower Central City Bangna,13.6729642,100.6343485,id_779.shp,0,0,0,0,0,0,0,0,0,0,0,0,0,0,0,0,1,0,0,0,1,0,0,1,1,0,0,0,0,5,2,0,0,2,0,1,0,5,0,0,0,0
1275,78,Baan Aananda,13.7267875,100.5842399,id_78.shp,0,0,0,0,0,0,2,0,0,8,1,0,0,0,1,3,2,0,0,0,2,6,0,31,3,0,0,0,3,14,5,0,0,1,6,34,0,112,4,0,0,0
1276,780,NUE District R9,13.7563713,100.5676359,id_780.shp,0,0,0,0,0,0,0,0,0,0,0,0,0,0,0,2,0,0,0,0,2,0,0,8,1,0,0,0,2,11,2,0,0,2,2,4,0,6,0,0,0,0
1277,781,NUE Evo Ari,13.7782283,100.5421782,id_781.shp,0,0,1,0,1,0,0,0,0,3,0,0,0,0,3,2,1,0,0,0,0,2,0,31,1,0,0,0,0,4,2,1,0,3,0,1,0,20,1,0,0,0
1278,784,Nusasiri Grand,13.7192973,100.5845557,id_784.shp,0,1,2,0,0,0,2,1,0,15,1,0,0,0,0,3,2,0,0,1,0,2,0,22,0,0,0,0,1,13,5,1,0,2,2,5,0,38,5,0,0,0
1279,785,Nye by Sansiri,13.7218367,100.49796,id_785.shp,0,3,0,0,0,0,0,0,0,0,1,0,0,0,0,6,1,0,0,0,0,0,0,2,0,0,0,0,0,13,4,0,0,0,1,0,0,8,1,0,0,0
1280,786,O2 Hip,13.7450639,100.5493803,id_786.shp,0,0,0,0,0,0,0,0,0,0,0,0,0,0,3,11,1,0,0,1,1,5,0,33,2,0,0,0,3,27,2,0,0,1,6,67,0,116,3,0,0,0
1281,787,OKA HAUS Sukhumvit 36,13.71733331,100.5744193,id_787.shp,0,0,0,0,0,0,0,0,0,1,0,0,0,0,0,1,2,0,0,1,0,0,0,4,0,0,0,0,2,9,8,0,0,0,0,5,0,37,2,0,0,0
1282,788,Omni Tower Sukhumvit Nana,13.73759215,100.5534942,id_788.shp,0,0,0,0,0,0,0,0,0,7,0,0,0,0,1,6,1,0,0,0,0,46,0,34,1,0,0,0,4,38,0,0,0,1,3,51,1,124,3,0,0,0
1283,789,One 9 Five Asoke - Rama 9,13.75691219,100.568322,id_789.shp,0,0,0,0,0,0,0,0,0,0,0,0,0,0,0,1,0,0,0,0,2,0,0,8,1,0,0,0,2,13,2,0,0,2,2,3,0,5,0,0,0,0
1284,79,Baan Chao Praya,13.7327404,100.5094313,id_79.shp,0,0,1,0,0,0,0,0,0,0,0,0,0,0,1,3,3,0,1,1,1,1,0,11,1,0,0,0,2,19,10,0,1,2,2,18,0,77,1,0,0,0
1285,790,Onpa Tower,13.78895922,100.4857378,id_790.shp,0,0,0,0,0,0,0,0,0,0,0,0,0,0,0,0,0,0,0,0,0,0,0,1,1,0,0,0,0,2,3,0,0,0,0,0,0,0,0,0,0,0
1286,791,Onyx Phaholyothin,13.7916432,100.548411,id_791.shp,0,2,0,0,0,1,0,0,0,0,0,0,0,0,0,5,1,0,0,2,0,1,0,13,0,0,0,0,1,8,3,0,0,2,0,3,0,22,3,0,0,0
1287,792,Oriental Residence,13.73821631,100.5462482,id_792.shp,0,1,0,0,0,0,0,0,0,1,0,0,0,0,3,1,1,0,0,0,0,7,0,45,2,0,0,0,3,18,2,0,0,1,5,44,1,65,4,0,0,0
1288,793,Oriental Towers,13.7302424,100.5888821,id_793.shp,0,0,0,0,0,0,0,0,0,4,0,0,0,0,0,1,2,0,0,0,2,6,0,15,1,0,0,0,2,9,7,0,0,0,5,27,0,70,3,0,0,0
1289,794,Origin Plug & Play Ramkhamhaeng Triple Station,13.7643056,100.6510556,id_794.shp,0,0,0,0,0,0,0,0,0,0,0,0,0,0,0,2,4,0,1,0,0,0,0,1,0,0,0,0,0,0,7,1,0,0,0,0,0,3,1,0,0,0
1290,795,Origins Rama 2,13.6541566,100.4238971,id_795.shp,1,3,0,0,0,0,0,0,0,2,0,0,0,0,0,0,1,0,0,0,0,0,0,3,0,0,0,0,1,5,4,0,0,0,0,1,0,1,0,0,0,0
1291,796,P. Pinklao Condominium 2,13.76844,100.452113,id_796.shp,0,0,0,0,0,0,0,0,0,0,0,0,0,0,0,0,0,0,0,0,0,0,0,3,0,0,0,0,0,2,2,0,0,0,1,1,0,11,0,0,0,0
1292,797,P. Thana Tower,13.7933212,100.5921679,id_797.shp,0,0,0,0,0,0,0,0,0,0,0,0,0,0,0,7,1,0,0,0,0,0,0,0,0,0,0,0,0,5,3,0,0,0,0,1,0,4,0,0,0,0
1293,798,P.P.H. Condo,13.9174024,100.5810227,id_798.shp,0,2,0,0,0,0,0,0,0,0,0,0,0,0,0,2,0,0,0,0,0,0,0,0,0,0,0,0,0,2,1,0,0,0,0,0,0,2,0,0,0,0
1294,799,Pabhada Silom,13.722601,100.5237352,id_799.shp,0,1,0,0,0,0,0,0,0,8,0,0,0,0,1,7,6,2,0,1,0,5,0,24,1,0,0,0,6,23,11,0,1,2,0,20,0,104,3,0,0,0
1295,8,33 Tower,13.7357903,100.5683309,id_8.shp,0,0,0,0,0,0,0,3,0,7,0,0,0,0,0,8,2,0,0,0,1,15,0,36,0,0,0,0,5,45,1,1,0,2,5,49,1,127,6,0,0,0
1296,80,Baan Chom Dao,13.7117417,100.6150865,id_80.shp,0,0,0,0,0,0,0,0,0,0,0,0,0,0,0,0,0,0,0,0,0,0,0,0,0,0,0,0,0,3,3,0,0,0,0,0,0,3,0,0,0,0
1297,800,Pano Ville,13.8000426,100.5735574,id_800.shp,1,0,1,0,0,0,0,1,0,1,0,0,0,0,0,2,1,0,0,0,0,0,0,5,0,0,0,0,0,11,1,0,0,0,0,0,0,5,2,0,0,0
1298,801,Parc Exo Kaset - Navamintra,13.81218617,100.6667354,id_801.shp,0,0,0,0,0,0,0,0,0,0,0,0,0,0,0,0,0,0,0,0,0,0,0,0,0,0,0,0,0,3,1,0,0,0,0,0,0,6,0,0,0,0
1299,802,Park Court Sukhumvit 77,13.71427517,100.6032888,id_802.shp,0,0,1,0,0,0,0,0,0,0,0,0,0,0,0,5,1,0,0,0,0,0,0,9,0,0,0,0,0,14,2,0,0,0,0,3,0,19,2,0,0,0
1300,803,PARK ORIGIN PHAYATHAI,13.73492872,100.5217744,id_803.shp,0,0,1,0,0,0,0,0,0,0,0,0,0,0,2,8,2,0,1,0,0,0,0,28,0,0,0,0,6,21,11,1,1,0,0,16,1,130,5,0,0,0
1301,804,Park Origin Phromphong,13.7254746,100.5656771,id_804.shp,0,1,0,0,0,0,0,1,0,0,0,0,0,0,0,5,2,0,0,0,0,3,0,20,0,0,0,0,4,24,4,0,0,0,3,28,1,99,5,0,0,0
1302,805,Park Origin Ratchathewi,13.7547493,100.5290655,id_805.shp,0,4,0,0,0,0,0,0,0,4,0,0,0,0,0,10,2,0,0,0,0,8,0,15,0,0,0,0,0,17,8,1,1,2,1,3,0,26,0,0,0,0
1303,806,Park Origin Thonglor,13.73224507,100.5847989,id_806.shp,0,0,0,0,0,0,0,0,0,0,0,0,0,0,0,6,0,0,0,0,4,28,0,52,2,0,0,0,3,6,6,0,0,2,5,9,0,69,5,0,0,0
1304,807,Park Pavillion,13.7837482,100.5417793,id_807.shp,0,0,0,0,0,0,0,0,0,5,0,0,0,0,0,2,0,0,1,2,0,1,0,24,0,0,0,0,4,13,6,0,0,2,0,3,0,36,2,0,0,0
1305,808,Park View Viphavadi,13.891438,100.584211,id_808.shp,0,2,1,0,0,0,0,0,0,0,0,0,0,0,1,2,1,0,0,0,0,0,0,1,0,0,0,0,0,4,0,0,1,0,0,0,0,0,2,0,0,0
1306,809,Park View Viphavadi 4,13.8898508,100.5836221,id_809.shp,0,0,1,0,0,0,0,0,0,0,0,0,0,0,1,3,1,0,0,0,0,0,0,0,1,0,0,0,0,3,0,1,1,0,0,0,0,1,0,0,0,0
1307,810,Park Village Onnut - Suvarnabhumi,13.72172979,100.6811494,id_810.shp,0,1,0,0,0,0,0,0,0,0,0,0,0,0,0,0,1,0,0,0,0,0,0,0,0,0,0,0,0,0,3,0,0,0,0,0,0,0,0,0,0,0
1308,811,Parque Phutthabucha 48,13.6470176,100.4947357,id_811.shp,0,1,1,0,0,0,0,0,0,0,0,0,0,0,0,1,0,1,0,0,0,0,0,2,0,0,0,0,1,11,1,0,0,0,0,0,1,8,0,0,0,0
1309,812,Patchara Place,13.7388324,100.5663058,id_812.shp,0,3,2,0,0,0,0,5,0,13,0,0,0,0,0,8,0,0,0,0,0,22,0,37,0,0,0,0,5,43,2,1,0,2,6,44,1,119,4,0,0,0
1310,813,Pathumwan Resort,13.7546125,100.5344977,id_813.shp,0,3,0,0,0,0,0,0,0,2,0,0,0,0,0,14,2,0,1,0,0,9,0,14,0,0,0,0,1,22,6,0,0,2,6,3,0,60,2,0,0,0
1311,814,Pattanakarn Life Complex,13.738607,100.6159784,id_814.shp,0,2,0,0,0,0,0,0,0,0,0,0,0,0,0,3,0,0,0,0,0,0,0,1,1,0,0,0,0,0,3,0,0,0,0,0,0,1,1,0,0,0
1312,815,Pause Sukhumvit 103,13.680537,100.6126005,id_815.shp,0,0,0,0,0,0,0,0,0,0,0,0,0,0,1,4,1,0,0,0,0,0,0,4,0,0,0,0,0,2,3,0,0,0,0,0,0,3,0,0,0,0
1313,816,Pearl Residences Sukhumvit 24,13.727756,100.566701,id_816.shp,0,1,1,0,0,0,0,1,0,2,0,0,0,0,2,9,1,0,0,0,3,6,1,26,1,0,0,0,3,23,3,0,0,0,0,28,1,115,4,0,0,0
1314,817,Pela Wutthakat,13.71302359,100.4718968,id_817.shp,0,0,1,0,0,0,0,0,0,0,0,0,0,0,0,3,3,0,0,0,0,0,0,0,0,0,0,0,0,11,8,0,0,1,1,0,0,3,0,0,0,0
1315,818,Petch 9 Tower,13.7534694,100.5341743,id_818.shp,0,2,0,0,0,0,0,0,0,0,0,0,0,0,0,14,1,0,0,0,0,9,0,19,0,0,0,0,3,27,6,0,1,2,10,5,0,80,2,0,0,0
1316,819,PG Rama IX,13.75521739,100.5692228,id_819.shp,0,0,0,0,0,0,0,0,0,0,0,0,0,0,1,1,0,0,0,1,1,0,0,3,0,0,0,0,1,12,2,0,0,1,3,3,0,10,1,0,0,0
1317,82,Baan Eua Arthorn Buengkum,13.7904668,100.6686692,id_82.shp,0,0,0,0,0,0,0,0,0,0,0,0,0,0,0,0,1,0,0,0,0,0,0,1,0,0,0,0,0,6,2,0,1,0,0,0,1,0,0,0,0,0
1318,820,Phahol Metro,13.78646807,100.5482606,id_820.shp,0,2,0,0,0,0,0,0,0,1,0,0,0,0,0,4,1,0,0,3,0,1,0,17,1,0,0,0,4,10,4,0,1,2,0,3,0,40,2,0,0,0
1319,821,Phasuk Place,13.77779537,100.5384643,id_821.shp,0,0,0,0,0,0,0,0,0,3,0,0,0,0,0,0,1,0,0,0,0,0,0,5,0,0,0,0,3,6,2,1,1,2,0,2,0,40,1,0,0,0
1320,822,Phayathai Place,13.75859027,100.5339805,id_822.shp,0,3,1,0,1,0,0,0,0,4,0,0,0,0,0,8,0,0,0,1,0,1,0,9,1,0,0,0,7,28,6,0,0,6,1,9,1,51,0,0,0,0
1321,823,Phyll Phahol 34,13.8363901,100.5742802,id_823.shp,0,0,0,0,0,1,0,0,0,1,0,0,0,0,0,4,2,0,0,0,0,2,0,12,0,0,0,0,0,5,3,0,0,0,0,1,0,14,0,0,0,0
1322,824,Piamrak Residence,13.7038172,100.4807184,id_824.shp,0,0,0,0,0,0,0,0,0,0,0,0,0,0,0,6,3,0,0,0,0,0,0,1,0,0,0,0,0,11,3,0,0,1,0,0,0,3,0,0,0,0
1323,825,Piboon Condoville,13.8151438,100.5230925,id_825.shp,0,0,1,0,0,0,0,0,0,0,0,0,0,0,0,0,0,0,0,0,0,0,0,1,0,0,0,0,0,3,6,0,0,1,1,2,0,2,0,0,0,0
1324,826,Pikul Place,13.7193185,100.5276834,id_826.shp,0,1,1,0,0,0,0,2,0,0,0,0,0,0,0,6,5,1,0,1,0,0,0,16,0,0,0,0,8,18,7,1,0,1,0,15,0,75,3,0,0,0
1325,827,Pinklao Condominium,13.7815625,100.4701142,id_827.shp,0,0,0,0,0,1,0,0,0,0,0,0,0,0,0,1,2,0,0,0,0,0,0,0,0,0,0,0,0,1,5,0,0,1,1,2,1,5,1,0,0,0
1326,828,Pinklao Pavilion,13.7842858,100.4761998,id_828.shp,0,0,0,0,0,0,0,0,0,0,0,0,0,0,0,0,2,0,0,0,1,0,0,1,0,0,0,0,0,3,4,0,0,2,0,2,0,6,2,0,0,0
1327,829,Pinklao River Park View,13.7816354,100.4683046,id_829.shp,0,0,1,0,0,0,0,0,0,0,0,0,0,0,0,0,1,0,0,1,0,0,0,0,0,0,0,0,0,3,4,0,0,1,0,2,1,5,1,0,0,0
1328,83,Baan Eua Arthorn khlong thanon,13.8919107,100.632429,id_83.shp,0,0,0,0,0,0,0,0,0,0,0,0,0,0,0,0,0,0,0,0,0,0,0,0,0,0,0,0,0,2,0,0,0,0,0,0,0,0,0,0,0,0
1329,830,Pinnapa On Nut,13.6958081,100.6404965,id_830.shp,0,0,0,0,0,0,0,0,0,0,0,0,0,0,0,1,1,0,0,0,0,0,0,0,0,0,0,0,0,5,3,1,0,0,1,0,0,3,0,0,0,0
1330,831,PITI Sukhumvit 101,13.6929511,100.6075709,id_831.shp,0,0,0,0,0,0,0,0,0,0,0,0,0,0,0,0,1,0,0,0,0,0,0,0,0,0,0,0,0,7,4,0,0,1,0,0,0,4,0,0,0,0
1331,832,Plum Condo Bangkae,13.7102774,100.396048,id_832.shp,1,3,0,0,0,0,0,0,0,1,0,0,0,0,1,3,1,0,0,1,0,0,0,2,0,0,0,0,1,1,3,0,0,0,0,0,0,5,0,0,0,0
1332,833,Plum Condo Chaengwattana Station,13.8793215,100.5864429,id_833.shp,0,0,0,0,0,0,0,0,0,0,0,0,0,0,0,1,0,1,0,0,0,0,0,0,1,0,0,0,0,3,1,1,0,1,0,0,0,2,1,0,0,0
1333,834,Plum Condo Chokchai 4,13.8130257,100.5961437,id_834.shp,0,0,0,0,0,0,0,0,0,0,0,0,0,0,0,0,0,0,0,0,0,0,0,1,0,0,0,0,0,3,0,0,0,0,0,2,0,1,2,0,0,0
1334,835,Plum Condo Extra Rama 2,13.6721469,100.4591642,id_835.shp,0,0,0,0,0,0,0,0,0,0,0,0,0,0,0,5,1,0,0,1,0,0,0,1,0,0,0,0,0,8,3,0,0,1,0,0,0,10,1,0,0,0
1335,836,Plum Condo Ladprao 101,13.7890639,100.6277884,id_836.shp,0,1,0,0,0,0,0,0,0,2,0,0,0,0,0,2,0,0,0,0,0,0,0,0,0,0,0,0,0,2,3,0,0,0,0,0,0,0,0,0,0,0
1336,837,Plum Condo Nawamin,13.8237755,100.6586159,id_837.shp,0,0,0,0,0,0,0,0,0,0,0,0,0,0,0,1,0,0,0,1,0,0,0,0,0,0,0,0,0,2,1,0,0,0,0,0,0,7,0,0,0,0
1337,838,Plum Condo Pinklao Station,13.7722806,100.483368,id_838.shp,0,6,0,0,0,0,0,0,0,0,0,0,0,0,0,4,0,0,0,0,0,1,0,2,0,0,0,0,0,3,6,0,0,0,0,0,1,3,0,0,0,0
1338,839,Plum Condo Ram 60 Interchange,13.7611172,100.6490497,id_839.shp,0,0,0,0,0,0,0,0,0,0,0,0,0,0,0,0,3,0,0,0,0,0,0,0,0,0,0,0,0,2,5,1,1,0,0,0,0,3,1,0,0,0
1339,84,Baan Eua Arthorn Minburi,13.8166992,100.7144721,id_84.shp,0,0,0,0,0,0,0,0,0,0,0,0,0,0,0,0,1,0,0,0,0,0,0,0,0,0,0,0,0,0,2,0,0,2,0,0,0,1,0,0,0,0
1340,840,Plum Condo Ramkhamhaeng Station,13.7433776,100.603193,id_840.shp,0,2,0,0,0,0,0,0,0,0,0,0,0,0,0,2,0,0,0,1,0,0,0,0,0,0,0,0,0,6,1,0,0,2,0,1,0,1,0,0,0,0
1341,841,Plum Condo Saphanmai Station,13.8947816,100.6131403,id_841.shp,0,0,0,0,0,0,0,0,0,0,0,0,0,0,0,2,0,1,0,0,0,0,0,0,0,0,0,0,0,1,2,0,0,1,0,0,0,0,0,0,0,0
1342,842,Plus 38 Hip,13.7212784,100.5776818,id_842.shp,0,0,0,0,0,0,0,0,0,2,0,0,0,0,1,7,2,0,0,0,0,4,0,10,0,0,0,0,5,6,9,0,0,1,4,7,0,104,7,0,0,0
1343,843,Plus 67,13.7185497,100.590496,id_843.shp,0,0,1,0,0,0,0,0,0,0,0,0,0,0,0,3,2,0,0,1,0,0,0,5,2,0,0,0,2,15,5,0,0,1,3,7,0,66,1,0,0,0
1344,844,PM Riverside,13.67435363,100.5464281,id_844.shp,0,0,0,0,0,0,0,0,0,1,1,0,0,0,0,1,1,0,0,0,0,0,0,1,1,0,0,0,0,1,2,0,0,0,0,0,0,3,0,0,0,0
1345,845,Polo Park,13.7322777,100.5471847,id_845.shp,0,0,0,0,0,0,0,0,0,1,0,0,0,0,0,0,2,0,0,0,0,1,0,10,1,0,0,0,2,8,4,0,0,0,1,7,1,80,2,0,0,0
1346,846,Prasanmit Condominium,13.7369968,100.5629289,id_846.shp,1,10,0,0,0,0,0,27,0,11,0,0,0,0,2,18,1,0,0,1,3,18,0,70,1,0,0,0,2,30,2,1,0,0,3,39,2,116,1,0,0,0
1347,847,Prasertsuk Place,13.7969871,100.5645645,id_847.shp,0,3,0,0,0,0,0,0,0,0,0,0,0,0,0,1,0,0,0,0,0,0,0,2,0,0,0,0,0,4,2,0,0,0,0,0,1,6,0,0,0,0
1348,848,Prayapirom Chateau Riverboat,13.70662841,100.4906188,id_848.shp,0,0,0,0,0,0,1,0,0,5,0,0,0,0,0,3,2,0,0,0,0,0,0,1,0,0,0,0,0,14,5,0,0,2,0,0,0,1,0,0,0,0
1349,849,Preen by Sansiri,13.7358758,100.5488246,id_849.shp,0,0,1,0,0,0,0,0,0,4,0,0,0,0,0,1,1,0,0,0,0,3,0,18,0,0,0,0,4,18,1,0,0,0,2,56,1,106,6,0,0,0
1350,85,Baan Eua Arthorn Ramindra 117,13.86852852,100.6669836,id_85.shp,0,0,0,0,0,0,0,0,0,0,0,0,0,0,0,0,0,0,0,0,0,0,0,0,0,0,0,0,0,0,0,0,0,0,0,0,0,0,0,0,0,0
1351,850,Premier Condominium,13.7274664,100.568901,id_850.shp,0,2,0,0,0,0,0,2,0,6,0,0,0,0,2,10,2,0,0,0,2,5,1,21,2,0,0,0,4,15,4,0,0,0,2,30,0,115,5,0,0,0
1352,851,Premier Place,13.7430619,100.6202738,id_851.shp,0,0,0,0,0,0,0,0,0,0,0,0,0,0,0,0,0,0,0,0,0,0,0,2,1,0,0,0,0,8,4,1,0,0,0,0,0,6,1,0,0,0
1353,852,Premio Prime Boutique,13.8320953,100.6138356,id_852.shp,0,0,0,0,0,0,0,0,0,0,0,0,0,0,1,4,0,0,0,0,0,3,0,23,1,0,0,0,0,0,1,0,0,0,0,0,0,1,0,0,0,0
1354,853,Premio by Premium Place,13.8319348,100.6155295,id_853.shp,0,0,0,0,0,0,0,0,0,0,0,0,0,0,1,0,0,0,0,0,0,3,0,11,0,0,0,0,0,4,2,0,0,0,0,0,0,13,1,0,0,0
1355,854,Premsiri Boutique Park,13.8396747,100.5817804,id_854.shp,0,0,0,0,0,0,0,0,0,1,0,0,0,0,0,0,1,0,0,0,0,1,0,1,0,0,0,0,0,5,1,0,0,1,0,4,0,19,0,0,0,0
1356,855,President Park Sukhumvit 24,13.72205704,100.5655165,id_855.shp,0,0,0,0,0,0,0,1,0,5,0,0,0,0,0,4,0,0,0,0,0,3,0,18,1,0,0,0,0,12,7,0,0,0,1,4,1,40,1,0,0,0
1357,856,President Place,13.745757,100.5416299,id_856.shp,0,1,0,0,0,0,2,1,0,3,1,0,0,0,4,7,1,0,0,1,5,11,0,45,3,0,0,0,4,18,1,0,0,0,7,6,0,77,1,0,0,0
1358,857,Prestige Towers,13.74075073,100.5647941,id_857.shp,0,3,1,0,0,0,0,4,0,11,0,0,0,0,1,16,1,1,0,1,0,19,0,40,0,0,0,0,3,44,2,0,0,1,4,61,0,142,3,0,0,0
1359,858,Prima Srinakarin,13.7152002,100.6421011,id_858.shp,0,0,0,0,0,0,0,0,0,0,0,0,0,0,0,0,3,0,0,0,0,0,0,0,0,0,0,0,0,4,0,0,0,0,0,0,0,1,1,0,0,0
1360,859,Prime I - Zen Condo Ladprao 71,13.79960931,100.6059067,id_859.shp,0,0,0,0,0,0,0,0,0,0,0,0,0,0,0,0,0,0,1,0,0,0,0,1,0,0,0,0,0,0,3,0,0,0,0,1,0,0,0,0,0,0
1361,86,Baan Eua Arthorn Saimai,13.9221319,100.6550175,id_86.shp,0,0,0,0,0,0,0,0,0,1,0,0,0,0,0,1,0,0,0,0,0,0,0,0,0,0,0,0,0,0,1,0,0,0,0,0,0,3,1,0,0,0
1362,860,Prime Mansion One,13.74478609,100.5669542,id_860.shp,0,1,0,1,0,0,0,0,0,2,0,0,0,0,0,6,1,0,0,1,0,0,0,9,0,0,0,0,2,27,6,0,0,2,2,29,0,59,1,0,0,0
1363,861,Prime Mansion Promsri,13.7370633,100.5752098,id_861.shp,1,0,0,0,0,0,0,0,0,1,0,0,0,0,0,2,0,0,0,1,0,3,0,7,1,0,0,0,3,16,2,0,0,1,5,38,0,116,7,0,0,0
1364,862,Prime Mansion Sukhumvit 31,13.7393942,100.5673996,id_862.shp,0,2,2,0,0,0,0,0,0,10,0,0,0,0,0,8,0,0,0,0,0,8,0,30,0,0,0,0,5,40,1,1,0,2,5,56,1,104,3,0,0,0
1365,863,Prive by Sansiri,13.7348607,100.5469127,id_863.shp,0,0,0,0,0,0,0,0,0,5,0,0,0,0,0,1,2,0,0,0,0,2,0,14,1,0,0,0,5,9,3,0,0,0,2,35,1,98,4,0,0,0
1366,864,Prom Phaholyothin 2,13.7773302,100.5466552,id_864.shp,0,0,0,0,0,0,0,0,0,0,0,0,0,0,3,1,2,0,0,0,0,2,0,20,1,0,0,0,0,4,3,1,1,4,0,0,0,32,1,0,0,0
1367,865,Prueksa Thani 3 Condotel,13.72151117,100.6820607,id_865.shp,0,1,0,0,0,0,0,0,0,0,0,0,0,0,0,0,1,0,0,0,0,0,0,0,0,0,0,0,0,0,3,0,0,0,0,0,0,0,0,0,0,0
1368,866,Pyne by Sansiri,13.7519248,100.5310182,id_866.shp,0,4,1,0,0,0,0,9,0,9,0,0,0,0,0,10,0,0,0,0,0,1,0,11,0,0,0,0,3,26,9,1,1,0,8,3,0,69,1,0,0,0
1369,867,Q 1 Sukhumvit,13.74007796,100.5549557,id_867.shp,0,3,0,0,0,0,0,12,0,17,0,0,0,0,2,14,0,0,0,0,1,48,0,55,2,0,0,0,3,39,2,0,0,2,3,42,0,113,1,0,0,0
1370,868,Q Asoke,13.7484022,100.562828,id_868.shp,0,0,0,0,0,0,0,0,0,0,0,0,0,0,1,9,2,0,0,2,0,0,0,3,0,0,0,0,1,23,3,1,0,1,1,17,0,66,0,0,0,0
1371,869,Q Chidlom-Phetchaburi,13.7491299,100.5438171,id_869.shp,0,4,0,0,0,0,0,0,0,1,0,0,0,0,2,5,0,0,0,0,3,1,0,17,2,0,0,0,3,19,6,0,0,3,7,13,0,65,2,0,0,0
1372,87,Baan Kanchanakom,13.7790305,100.5475854,id_87.shp,0,0,1,0,0,0,0,0,0,0,0,0,0,0,3,2,2,0,0,0,0,2,0,22,2,0,0,0,0,5,4,0,1,3,0,0,0,29,0,0,0,0
1373,870,Q House Condo Sukhumvit 79,13.7075988,100.6007253,id_870.shp,0,2,0,0,0,0,0,0,0,0,1,0,0,0,1,5,1,0,0,0,0,3,0,8,1,0,0,0,0,13,5,0,1,0,0,0,0,15,1,0,0,0
1374,871,Q House Sathorn,13.7247563,100.5416093,id_871.shp,0,0,0,0,0,0,0,0,0,2,0,0,0,0,0,2,1,0,0,0,0,2,0,29,0,0,0,0,10,18,4,0,0,1,1,12,2,112,5,0,0,0
1375,872,Q Langsuan,13.7391187,100.5425999,id_872.shp,0,1,0,0,0,0,0,0,0,12,1,0,0,0,3,5,1,0,0,0,1,7,0,25,2,0,0,0,3,5,2,0,0,1,6,10,1,66,3,0,0,0
1376,873,Q Prasarnmit,13.7435932,100.5672628,id_873.shp,0,2,0,1,0,0,0,0,0,6,0,0,0,0,0,6,2,0,0,0,0,4,0,10,0,0,0,0,3,33,4,0,0,3,3,35,0,80,1,0,0,0
1377,874,Quad Sathon,13.71750592,100.5305635,id_874.shp,0,0,1,0,0,0,0,0,0,0,0,0,0,0,0,5,4,0,0,0,0,2,0,8,0,0,0,0,6,11,5,2,0,2,0,6,0,58,2,0,0,0
1378,875,Quad Silom,13.72371424,100.5299795,id_875.shp,4,0,0,0,0,0,0,2,0,22,0,0,0,0,1,6,3,0,0,0,0,9,0,31,2,0,0,0,10,33,10,3,0,3,0,30,1,139,5,0,0,0
1379,876,Quattro by Sansiri,13.72753516,100.5816663,id_876.shp,1,0,1,0,0,0,1,0,0,0,1,0,0,0,1,6,0,0,0,0,2,7,0,46,4,0,0,0,4,10,4,0,0,1,7,38,0,110,6,0,0,0
1380,877,Quinn Condo Ratchada,13.786642,100.5732439,id_877.shp,0,1,0,0,0,0,0,0,0,0,2,0,0,0,0,9,1,0,0,0,0,1,0,9,0,0,0,0,3,8,0,0,0,0,0,4,0,10,0,0,0,0
1381,878,Quinn Sukhumvit 101,13.6899795,100.6091287,id_878.shp,0,0,0,0,0,0,0,0,0,0,0,0,0,0,0,1,1,0,0,0,0,0,0,1,0,0,0,0,1,4,4,0,0,1,0,0,0,6,0,0,0,0
1382,879,Quintara Arte Sukhumvit 52,13.70286442,100.5991604,id_879.shp,0,1,0,0,0,0,0,0,0,0,0,0,0,0,1,4,1,0,1,0,0,3,0,5,3,0,0,0,0,9,5,0,0,0,0,0,0,6,0,0,0,0
1383,88,Baan Klang Krung Resort (Ratchada 7),13.7745272,100.5694109,id_88.shp,0,1,0,0,0,0,0,0,0,0,0,0,0,0,0,8,2,0,0,0,0,1,0,4,0,0,0,0,2,12,4,0,0,0,2,4,0,13,2,0,0,0
1384,880,Quintara Kynett Ratchada 12,13.77445598,100.5745439,id_880.shp,0,1,1,0,0,0,0,0,0,1,0,0,0,0,0,7,1,0,0,0,1,1,0,6,1,0,0,0,2,13,5,0,1,0,0,2,0,8,1,0,0,0
1385,881,Quintara Treehaus Sukhumvit 42,13.71562704,100.5862631,id_881.shp,0,0,0,0,0,0,0,0,0,1,0,0,0,0,0,8,2,0,0,2,1,1,0,19,0,0,0,0,2,6,7,1,1,0,1,7,0,41,3,0,0,0
1386,882,Raintree Village Apartment,13.7329746,100.5723835,id_882.shp,0,0,0,0,0,0,0,0,0,2,0,0,0,0,1,7,0,0,0,0,3,9,0,23,4,0,0,0,6,17,4,0,0,1,2,36,1,117,2,0,0,0
1387,883,Rama VI Mansion,13.80624111,100.5144763,id_883.shp,0,0,0,0,0,0,0,0,0,0,0,0,0,0,0,0,3,0,0,0,0,0,0,3,0,0,0,0,0,5,4,0,0,1,0,0,0,8,0,0,0,0
1388,884,Ramada Plaza Residence by Siamese Asset,13.70900063,100.5987788,id_884.shp,0,1,1,0,0,0,0,0,0,1,0,0,0,0,0,6,0,0,0,0,0,3,0,10,2,0,0,0,3,14,3,0,1,0,0,4,0,26,2,0,0,0
1389,885,Ratanakosin Island,13.75,100.5,id_885.shp,0,1,2,0,0,0,0,0,0,2,0,0,0,0,0,4,3,0,0,0,1,2,1,22,1,0,0,0,0,31,15,2,0,0,4,12,1,56,1,0,0,0
1390,886,Ratchada City 18,13.7835216,100.5851787,id_886.shp,0,1,0,0,0,0,0,0,0,0,0,0,0,0,0,3,1,0,0,0,0,0,0,1,0,0,0,0,0,6,4,0,1,0,0,2,0,10,0,0,0,0
1391,887,Ratchada Orchid,13.7867678,100.5783869,id_887.shp,0,0,0,0,0,0,0,0,0,0,0,0,0,0,1,5,0,0,0,0,0,2,0,4,0,0,0,0,2,17,4,0,0,0,0,3,0,13,2,0,0,0
1392,888,Ratchada Pavilion,13.8112371,100.5785355,id_888.shp,0,0,0,0,0,0,0,0,0,0,0,0,0,0,0,0,0,0,0,0,0,0,0,0,0,0,0,0,0,12,0,1,0,0,0,0,0,7,1,0,0,0
1393,889,Ratchathewi Tower,13.7535914,100.5325119,id_889.shp,0,3,0,0,0,0,0,0,0,4,0,0,0,0,0,14,3,0,0,0,0,9,0,18,0,0,0,0,1,22,7,1,1,2,9,5,0,59,2,0,0,0
1394,89,Baan Klang Krung Siam - Pathumwan,13.7525914,100.5328927,id_89.shp,0,2,0,0,0,0,0,7,0,4,0,0,0,0,0,13,2,0,0,0,0,2,0,17,0,0,0,0,3,24,6,1,1,2,10,5,0,75,1,0,0,0
1395,890,Rattanakosin View Mansion,13.76386576,100.4913426,id_890.shp,0,1,0,0,0,0,0,0,0,0,0,0,0,0,0,3,2,0,0,0,0,3,1,30,0,0,0,0,2,18,5,2,1,1,1,38,2,95,2,0,0,0
1396,891,REACH Phahon Yothin 52,13.8938046,100.6117618,id_891.shp,0,0,0,0,0,0,0,0,0,0,0,0,0,0,0,3,0,1,0,0,0,0,0,0,0,0,0,0,0,0,2,0,0,1,0,0,0,0,0,0,0,0
1397,892,Reference Sathorn - Wongwianyai,13.71932446,100.4941914,id_892.shp,0,1,0,0,0,0,0,0,0,0,0,0,0,0,0,4,0,0,0,0,0,0,0,0,0,0,0,0,0,22,6,0,0,1,1,0,0,6,2,0,0,0
1398,893,Regent Home 1 Phaholyothin 67,13.88873082,100.5999379,id_893.shp,0,0,0,0,0,0,0,0,0,0,0,0,0,0,0,0,0,0,0,0,0,0,0,0,0,0,0,0,0,0,2,0,0,1,0,0,0,0,0,0,0,0
1399,894,Regent Home 10 Changwattana,13.8770337,100.5953767,id_894.shp,0,2,0,0,0,0,0,0,0,0,0,0,0,0,0,0,2,0,1,0,0,0,0,1,0,0,0,0,0,1,0,2,0,0,1,0,0,0,1,0,0,0
1400,895,Regent Home 12 Latphrao 41,13.8023391,100.5871737,id_895.shp,0,0,0,0,0,0,0,0,0,0,0,0,0,0,0,0,2,0,0,0,0,0,0,0,1,0,0,0,0,10,4,0,0,1,0,0,0,2,1,0,0,0
1401,896,Regent Home 15 Changwattana,13.7014654,100.6119866,id_896.shp,0,0,0,0,0,0,0,0,0,0,0,0,0,0,0,1,0,0,0,0,0,0,0,0,0,0,0,0,0,8,3,0,0,0,0,0,0,1,0,0,0,0
1402,897,Regent Home 16 Phaholyotin 67,13.8872129,100.5999139,id_897.shp,0,0,0,0,0,0,0,0,0,0,0,0,0,0,0,0,0,0,0,0,0,0,0,0,0,0,0,0,0,0,2,0,0,1,0,0,0,1,0,0,0,0
1403,898,Regent home 18 changwattana - laksi,13.8775452,100.5947432,id_898.shp,0,2,0,0,0,0,0,0,0,0,0,0,0,0,0,1,1,0,1,0,0,0,0,1,0,0,0,0,0,0,1,2,0,0,1,0,0,0,1,0,0,0
1404,899,Regent Home 19 Sukhumvit 93,13.7002052,100.6084661,id_899.shp,0,1,0,0,0,0,0,0,0,0,0,0,0,0,0,4,1,0,0,0,0,0,0,1,0,0,0,0,1,5,2,0,1,0,0,0,0,2,1,0,0,0
1405,9,333 Riverside,13.8068134,100.5195996,id_9.shp,0,0,0,0,0,0,0,0,0,0,0,0,0,0,0,1,1,0,0,1,1,0,0,3,0,0,0,0,0,0,7,0,0,0,0,0,0,5,0,0,0,0
1406,90,Baan Lux - Sathon,13.7154018,100.5505469,id_90.shp,0,0,0,0,0,0,0,0,0,2,0,0,0,0,0,2,2,0,0,0,0,1,0,7,0,0,0,0,2,4,2,0,0,1,0,3,1,31,0,0,0,0
1407,900,Regent Home 2,13.8879374,100.6010733,id_900.shp,0,0,0,0,0,0,0,0,0,0,0,0,0,0,0,0,0,0,0,0,0,0,0,0,0,0,0,0,0,0,2,0,0,1,0,0,0,0,0,0,0,0
1408,901,Regent Home 20 Prachachuen 16,13.8161865,100.5348249,id_901.shp,0,1,0,0,0,0,0,0,0,0,0,0,0,0,0,3,0,0,0,0,0,0,0,1,0,0,0,0,0,2,4,0,1,0,0,0,0,1,0,0,0,0
1409,902,Regent Home 22 Sukhumvit 85,13.7048718,100.6069921,id_902.shp,0,0,0,0,0,0,0,0,0,0,0,0,0,0,0,2,1,0,0,0,0,0,0,0,0,0,0,0,1,18,4,0,1,0,0,3,0,14,2,0,0,0
1410,903,Regent Home 3,13.8799845,100.5974977,id_903.shp,0,0,0,0,0,0,0,0,0,0,0,0,0,0,0,2,1,0,0,0,0,0,0,1,0,0,0,0,0,1,1,2,1,0,0,0,0,0,1,0,0,0
1411,904,Regent Home 4,13.7052651,100.609139,id_904.shp,0,0,0,0,0,0,0,0,0,0,0,0,0,0,0,3,0,0,0,0,0,0,0,0,0,0,0,0,1,12,2,0,1,0,0,0,0,11,2,0,0,0
1412,905,Regent Home 5 Ratchada 19,13.8002947,100.5710949,id_905.shp,0,0,0,0,0,0,0,0,0,1,0,0,0,0,1,3,2,0,0,0,0,1,0,5,0,0,0,0,0,10,1,0,0,0,0,0,1,5,1,0,0,0
1413,906,Regent Home 6 Prachacheun,13.8253805,100.5445453,id_906.shp,0,0,0,0,0,0,0,0,0,0,0,0,0,0,0,0,0,0,0,0,0,0,0,0,0,0,0,0,0,2,1,0,0,1,0,0,0,2,0,0,0,0
1414,907,Regent Home 7 Sukhumvit,13.67559462,100.6040429,id_907.shp,0,1,0,0,0,0,0,0,0,0,0,0,0,0,0,2,3,1,0,0,0,0,0,1,1,0,0,0,0,2,2,0,0,0,0,0,0,0,0,0,0,0
1415,908,Regent Home 8 Phaholyothin 67/1,13.8880566,100.6007002,id_908.shp,0,0,0,0,0,0,0,0,0,0,0,0,0,0,0,0,0,0,0,0,0,0,0,0,0,0,0,0,0,0,2,0,0,1,0,0,0,0,0,0,0,0
1416,909,Regent Home 9 Sukhumvit 64,13.68944489,100.602436,id_909.shp,0,0,0,0,0,0,0,0,0,0,0,0,0,0,0,0,0,0,0,1,0,0,0,0,0,0,0,0,0,4,3,0,0,0,0,0,0,2,0,0,0,0
1417,91,Baan Navatara,13.8253754,100.6295763,id_91.shp,0,0,0,0,0,0,0,0,0,0,0,0,0,0,0,1,0,0,0,0,0,0,0,2,0,0,0,0,0,0,2,0,0,0,0,1,0,0,0,0,0,0
1418,910,Regent home bangna,13.67155217,100.6021111,id_910.shp,0,0,0,0,0,0,0,0,0,0,0,0,0,0,0,2,3,1,0,0,0,0,0,1,1,0,0,0,0,2,1,0,0,1,0,0,0,0,0,0,0,0
1419,911,Regent Home Bangson,13.81903099,100.5289532,id_911.shp,0,0,0,0,0,0,0,0,0,0,0,0,0,0,0,2,2,0,0,0,0,1,0,0,0,0,0,0,0,3,3,0,0,0,1,1,0,1,0,0,0,0
1420,912,Regent Home Sukhumvit 81,13.7063243,100.6081263,id_912.shp,0,2,0,0,0,0,0,0,0,0,0,0,0,0,0,1,0,0,0,0,0,0,0,0,0,0,0,0,1,16,3,0,1,0,0,2,0,13,2,0,0,0
1421,913,Regent Home Sukhumvit 97/1,13.699373,100.6143137,id_913.shp,0,0,0,0,0,0,0,0,0,0,0,0,0,0,0,0,0,0,0,0,0,0,0,0,0,0,0,0,0,2,3,0,0,0,0,0,0,0,0,0,0,0
1422,914,Regent on the Park 1,13.7260647,100.5691871,id_914.shp,0,2,0,0,0,0,0,0,0,6,0,0,0,0,1,9,3,0,0,0,1,4,0,20,1,0,0,0,5,14,3,0,0,0,3,27,1,99,5,0,0,0
1423,915,Regent on the Park 2,13.726829,100.5833483,id_915.shp,0,0,0,0,0,0,0,0,0,0,0,0,0,0,2,3,1,0,0,0,4,8,0,52,5,0,0,0,2,14,6,0,0,1,7,33,0,108,4,0,0,0
1424,916,Regent on the Park 3,13.7423026,100.573411,id_916.shp,0,2,0,0,0,0,0,0,0,2,1,0,0,0,0,0,0,0,0,0,0,0,0,2,0,0,0,0,1,12,6,1,0,1,2,9,0,40,1,0,0,0
1425,917,Regent Orchid Sukhumvit 101,13.6906316,100.6112007,id_917.shp,0,0,0,0,0,0,0,0,0,0,0,0,0,0,0,0,2,0,0,0,0,0,0,1,0,0,0,0,1,3,2,0,0,0,0,0,0,5,0,0,0,0
1426,918,Regent Orchid Talad Plu,13.7166901,100.4761013,id_918.shp,0,1,1,0,0,1,0,0,0,1,0,0,0,0,0,3,2,0,0,0,1,0,0,2,0,0,0,0,0,10,9,0,1,0,0,0,0,0,0,0,0,0
1427,919,Regent Ratchada Tower,13.7846539,100.5698664,id_919.shp,0,0,0,0,0,0,0,0,0,4,0,0,0,0,0,5,1,0,0,0,0,1,0,3,2,0,0,0,3,19,1,0,0,0,0,2,0,12,0,0,0,0
1428,92,Baan Nonsi,13.7061472,100.5365395,id_92.shp,0,0,1,0,0,0,0,0,0,3,0,0,0,0,0,3,1,0,0,1,0,0,0,1,0,0,0,0,1,4,5,1,0,0,0,0,0,38,3,0,0,0
1429,920,Regent Royal Place 1,13.74114399,100.5413929,id_920.shp,0,2,0,0,0,0,0,4,0,4,0,0,0,0,3,3,1,0,0,1,4,6,0,37,2,0,0,0,5,15,2,0,0,0,7,9,0,75,4,0,0,0
1430,921,Regent Royal Place 2,13.7396346,100.5416618,id_921.shp,0,1,0,0,0,0,0,1,0,2,1,0,0,0,3,5,1,0,0,1,3,8,0,35,2,0,0,0,4,9,3,0,0,0,4,10,1,67,3,0,0,0
1431,922,Regent Srinakarin Tower,13.7303322,100.640112,id_922.shp,0,0,0,0,0,0,0,0,0,0,0,0,0,0,0,0,1,0,0,0,0,0,0,0,0,0,0,0,0,2,3,0,0,1,0,0,0,5,1,0,0,0
1432,923,Rende Sukhumvit 23,13.7390655,100.5641927,id_923.shp,0,4,0,0,0,0,0,8,0,13,0,0,0,0,2,22,2,0,0,1,1,28,0,63,0,0,0,0,3,34,2,1,0,1,3,47,1,123,3,0,0,0
1433,924,Renova Residence Chidlom,13.7455931,100.5494764,id_924.shp,0,0,0,0,0,0,0,0,0,0,0,0,0,0,2,10,1,0,0,1,1,1,0,32,0,0,0,0,4,28,2,0,0,1,6,67,0,110,5,0,0,0
1434,925,Residence 52,13.7023391,100.5990067,id_925.shp,0,0,0,0,0,0,0,0,0,0,0,0,0,0,1,4,1,0,1,0,0,3,0,5,2,0,0,0,0,9,5,0,0,0,0,0,0,6,1,0,0,0
1435,926,Resorta Yen - akat,13.7109114,100.548573,id_926.shp,0,0,0,0,0,0,0,0,0,3,0,0,0,0,0,0,1,0,0,0,0,1,0,0,0,0,0,0,0,2,4,0,0,0,0,0,0,16,1,0,0,0
1436,927,Resta Jangwattana 12,13.8941004,100.5640854,id_927.shp,0,0,0,0,0,0,0,0,0,0,0,0,0,0,1,3,0,0,0,1,0,2,0,1,0,0,0,0,0,1,1,0,0,0,0,0,0,1,0,0,0,0
1437,928,Rhythm Asoke,13.754429,100.5641084,id_928.shp,0,1,0,0,0,0,0,0,0,0,0,0,0,0,0,1,0,0,0,1,1,0,0,1,0,0,0,0,3,14,2,0,0,2,3,2,0,16,1,0,0,0
1438,929,Rhythm Asoke 2,13.7538438,100.5649592,id_929.shp,0,0,0,0,0,0,0,0,0,0,0,0,0,0,0,2,0,0,0,1,1,0,0,1,0,0,0,0,3,12,3,0,0,2,3,2,0,14,1,0,0,0
1439,93,Baan Nunthasiri,13.7218721,100.5439502,id_93.shp,0,0,0,0,0,0,0,0,0,2,0,0,0,0,1,3,1,0,0,0,0,3,1,21,0,0,0,0,1,8,5,0,0,0,1,3,0,78,1,0,0,0
1440,930,RHYTHM Charoenkrung Pavillion,13.70932551,100.5118537,id_930.shp,0,2,0,0,0,0,0,0,0,3,0,0,0,0,0,4,3,0,0,0,0,0,0,4,0,0,0,0,0,6,10,0,0,0,0,2,0,8,2,0,0,0
1441,931,RHYTHM Ekkamai,13.7226875,100.5844375,id_931.shp,0,1,0,0,0,0,0,2,0,17,0,0,0,0,0,4,4,0,0,0,4,3,0,28,2,0,0,0,3,12,5,0,0,1,2,9,0,50,5,0,0,0
1442,932,RHYTHM Ekkamai Estate,13.7294518,100.5858116,id_932.shp,0,1,0,0,0,0,1,2,0,8,0,0,0,0,0,1,1,0,0,0,3,10,0,27,2,0,0,0,3,12,5,0,0,0,5,28,0,95,5,0,0,0
1443,933,Rhythm Phahol-Ari,13.7889576,100.5454391,id_933.shp,0,2,0,0,0,0,0,0,0,3,0,0,0,0,1,6,0,0,0,3,0,2,0,16,0,0,0,0,3,9,6,0,0,2,0,1,0,36,3,0,0,0
1444,934,Rhythm Rangnam,13.7608876,100.537104,id_934.shp,0,3,0,0,0,1,0,1,0,6,1,0,0,0,4,4,1,0,1,1,0,0,1,11,0,0,0,0,3,21,6,0,0,5,1,0,0,29,0,0,0,0
1445,935,Rhythm Ratchada,13.7987993,100.5761821,id_935.shp,0,0,0,0,0,0,0,0,0,0,0,0,0,0,1,0,2,0,0,0,0,1,0,3,0,0,0,0,0,9,2,0,0,0,0,0,0,9,3,0,0,0
1446,936,Rhythm Ratchada-Huai Khwang,13.778115,100.5744674,id_936.shp,1,1,0,0,0,0,0,0,0,1,0,0,0,0,1,9,1,0,0,0,0,2,0,5,0,0,0,0,0,13,5,0,1,0,1,4,0,12,3,0,0,0
1447,937,Rhythm Sathorn,13.7168334,100.5165439,id_937.shp,0,0,3,0,0,0,0,0,0,0,0,0,0,0,0,8,4,0,0,0,0,2,0,21,1,0,0,0,0,14,10,1,0,3,1,4,0,28,2,0,0,0
1448,938,Rhythm Sathorn - Narathiwas,13.7187931,100.5328196,id_938.shp,0,0,0,0,0,0,0,0,0,0,0,0,0,0,1,4,3,0,0,0,0,0,0,7,0,0,0,0,4,17,7,2,0,2,0,12,0,85,3,0,0,0
1449,939,Rhythm Sukhumvit,13.7065175,100.5995047,id_939.shp,0,2,0,0,0,0,0,3,0,3,1,0,0,0,1,5,1,0,0,0,0,0,0,5,1,0,0,0,0,13,5,0,1,0,0,0,0,14,1,0,0,0
1450,94,Baan On Nut Sukhumvit 77,13.7085357,100.6187882,id_94.shp,0,0,0,0,0,0,0,0,0,0,0,0,0,0,0,0,1,0,0,0,0,0,0,0,0,0,0,0,0,2,3,0,0,0,0,0,0,0,0,0,0,0
1451,940,Rhythm Sukhumvit 36 - 38,13.7218702,100.576904,id_940.shp,0,0,0,0,0,0,0,0,0,1,0,0,0,0,2,7,2,0,0,0,0,4,0,11,1,0,0,0,4,6,8,0,0,1,4,10,0,106,7,0,0,0
1452,941,Rhythm Sukhumvit 42,13.7177547,100.5853457,id_941.shp,0,2,0,0,0,0,1,0,0,13,0,0,0,0,0,3,4,0,0,2,1,1,0,14,1,0,0,0,3,9,4,1,0,1,2,8,0,37,2,0,0,0
1453,942,Rhythm Sukhumvit 44/1,13.7151732,100.5908525,id_942.shp,0,1,0,0,0,0,0,0,0,3,2,0,0,0,2,4,1,0,0,1,0,4,0,19,0,0,0,0,0,14,7,0,0,1,2,1,0,25,1,0,0,0
1454,943,Rich Park 2 @Taopoon Interchange,13.8058548,100.5288509,id_943.shp,0,0,0,0,0,0,0,0,0,0,0,0,0,0,0,2,1,0,0,0,0,0,0,1,0,0,0,0,0,1,4,0,1,1,1,0,0,4,0,0,0,0
1455,944,Richmond Palace,13.7324739,100.5739689,id_944.shp,0,0,0,0,0,0,0,0,0,1,0,0,0,0,2,5,0,0,0,1,1,6,0,28,5,0,0,0,6,17,3,0,0,0,7,47,1,139,6,0,0,0
1456,945,Richpark @ Bangson Station,13.8228571,100.5326409,id_945.shp,0,0,0,0,0,0,0,0,0,0,0,0,0,0,0,0,2,0,0,0,0,0,0,0,0,0,0,0,0,7,2,0,0,0,1,1,0,2,0,0,0,0
1457,946,Rimtara Residence,13.6879262,100.5103654,id_946.shp,0,0,1,0,0,0,0,0,0,0,0,0,0,0,0,0,0,0,0,0,0,0,0,0,0,0,0,0,0,3,2,0,1,1,1,0,1,4,0,0,0,0
1458,947,Rin House,13.7421326,100.5715994,id_947.shp,0,2,0,0,0,0,0,0,0,3,1,0,0,0,0,1,1,0,0,0,0,0,0,6,0,0,0,0,1,18,5,1,0,1,2,13,0,50,0,0,0,0
1459,948,Rise Rama 9,13.7504325,100.5982617,id_948.shp,0,0,0,0,0,0,0,0,0,0,0,0,0,0,0,0,0,0,0,0,0,0,0,0,0,0,0,0,0,4,1,0,0,2,0,0,0,0,0,0,0,0
1460,949,River Heaven,13.7021108,100.5002311,id_949.shp,0,0,0,0,0,0,0,0,0,0,0,0,0,0,0,1,3,0,0,0,0,3,0,25,0,0,0,0,0,4,5,0,0,0,0,2,0,4,1,0,0,0
1461,95,Baan Pathumwan,13.7549248,100.5323638,id_95.shp,0,4,0,0,0,0,0,0,0,4,0,0,0,0,0,14,3,0,1,0,0,9,0,16,0,0,0,0,0,22,8,0,0,3,5,3,0,45,1,0,0,0
1462,950,Riverside Tower,13.687004,100.5160852,id_950.shp,0,0,0,0,0,0,0,0,0,0,0,0,0,0,0,1,2,0,0,0,0,0,1,3,0,0,0,0,0,0,0,0,0,0,0,0,0,0,0,0,0,0
1463,951,Royal Castle Pattanakarn,13.7244779,100.6228553,id_951.shp,0,0,0,0,0,0,0,0,0,0,0,0,0,0,0,0,0,0,0,0,0,0,0,0,0,0,0,0,0,1,1,0,0,0,0,0,0,0,0,0,0,0
1464,952,Royal Park,13.7829191,100.5481046,id_952.shp,0,1,0,0,0,0,0,0,0,0,1,0,0,0,3,3,2,0,0,2,0,2,0,34,1,0,0,0,0,10,4,0,1,1,0,2,0,27,1,0,0,0
1465,953,Royal Park 3 Ari - Paholyothin,13.7801463,100.5423145,id_953.shp,0,0,0,0,1,0,0,0,0,2,0,0,0,0,3,2,2,0,0,0,0,2,0,38,1,0,0,0,0,5,2,1,0,3,0,1,0,17,1,0,0,0
1466,954,Royal River Place,13.6735656,100.545521,id_954.shp,0,0,0,0,0,0,0,0,0,1,1,0,0,0,0,1,0,0,0,0,0,0,0,2,1,0,0,0,0,1,3,0,0,0,0,0,0,2,0,0,0,0
1467,955,Royce Private Residences,13.74076704,100.5662276,id_955.shp,0,1,1,0,0,0,0,4,0,9,0,0,0,0,1,13,1,1,0,1,0,4,0,36,0,0,0,0,3,41,2,0,0,1,4,61,0,107,2,0,0,0
1468,956,Ruamjai Heights,13.7471854,100.5589424,id_956.shp,0,0,1,0,0,0,0,0,0,0,0,0,0,0,1,12,1,0,0,1,0,10,0,23,0,0,0,0,1,40,2,1,0,4,0,56,0,84,2,0,0,0
1469,957,Rye Talat Phlu,13.7164883,100.4759065,id_957.shp,0,1,1,0,0,1,0,0,0,0,0,0,0,0,0,3,2,0,0,0,1,0,0,3,0,0,0,0,0,11,8,0,1,0,0,0,0,0,0,0,0,0
1470,958,S 1 Rama 9,13.7439857,100.6304383,id_958.shp,0,0,0,0,0,0,0,0,0,0,0,0,0,0,0,1,0,0,0,0,0,0,0,2,0,0,0,0,0,5,2,2,0,0,0,0,0,10,1,0,0,0
1471,959,S&S Sukhumvit,13.6837366,100.6146672,id_959.shp,1,1,1,0,0,0,0,0,0,0,0,0,0,0,0,0,0,0,0,0,0,0,0,5,0,0,0,0,0,4,3,0,0,0,0,0,0,3,0,0,0,0
1472,96,Baan Phaholyothin Place,13.7832167,100.5465243,id_96.shp,0,2,0,0,0,2,0,0,0,4,1,0,0,0,3,3,2,0,0,0,0,2,0,38,1,0,0,0,1,8,4,0,1,1,0,2,0,21,1,0,0,0
1473,960,S.V. City Rama 3,13.67273516,100.5434521,id_960.shp,0,1,0,0,0,0,0,0,0,1,0,0,0,0,0,0,1,0,0,0,0,0,0,2,2,0,0,0,0,1,2,0,0,0,0,0,0,3,0,0,0,0
1474,961,S47 Sukhumvit,13.73128388,100.5743958,id_961.shp,0,0,0,0,0,0,0,0,0,1,1,0,0,0,2,6,0,0,0,1,1,5,0,34,3,0,0,0,7,18,3,0,0,0,6,44,1,130,7,0,0,0
1475,962,Saichol Mansion,13.7158998,100.507517,id_962.shp,0,1,1,0,0,0,0,0,0,1,0,0,0,0,0,3,2,0,0,0,1,0,0,6,1,0,0,0,0,24,7,0,0,0,0,3,0,26,4,0,0,0
1476,963,Sailom City Resort,13.7781436,100.5469284,id_963.shp,0,0,0,0,0,0,0,0,0,0,0,0,0,0,3,1,3,0,0,0,0,2,0,22,1,0,0,0,0,4,3,0,1,3,0,0,0,30,1,0,0,0
1477,964,Saitharn Condominium,13.7612349,100.5384569,id_964.shp,0,3,0,0,0,0,0,0,0,6,1,0,0,0,5,5,1,0,0,2,0,1,1,19,0,0,0,0,2,18,6,0,1,5,1,0,0,20,0,0,0,0
1478,965,Saladaeng One,13.72646358,100.5411839,id_965.shp,0,1,0,0,0,0,0,0,0,5,0,0,0,0,0,1,1,0,0,0,0,3,0,29,0,0,0,0,11,21,3,1,0,2,1,14,2,117,5,0,0,0
1479,966,Saladaeng Residences,13.72541369,100.5383206,id_966.shp,0,0,0,0,0,0,0,1,0,15,0,0,0,0,1,7,1,0,0,1,0,1,0,24,1,0,0,0,11,21,1,1,0,2,1,29,2,125,5,0,0,0
1480,967,Salintara,13.68730703,100.5108398,id_967.shp,0,0,1,0,0,0,0,0,0,0,0,0,0,0,0,0,0,0,0,0,0,0,0,0,0,0,0,0,0,2,1,0,1,1,1,0,1,4,0,0,0,0
1481,968,Sammakorn Condominium,13.767914,100.6814636,id_968.shp,0,0,0,0,0,0,0,0,0,0,0,0,0,0,0,1,0,0,1,0,0,0,0,1,0,0,0,0,0,1,0,0,0,0,0,0,0,1,0,0,0,0
1482,969,Sampoom Garden,13.72210107,100.5250498,id_969.shp,0,1,0,0,0,0,0,1,0,8,0,0,0,0,2,6,7,1,0,1,0,6,0,37,0,0,0,0,5,22,6,1,1,3,0,15,0,85,3,0,0,0
1483,97,Baan Piya Sathorn,13.722746,100.5374037,id_97.shp,0,1,0,0,0,0,0,0,0,6,0,0,0,0,0,2,1,0,0,1,0,1,0,29,0,0,0,0,13,24,2,1,0,1,0,28,1,113,6,0,0,0
1484,970,Samran Mansion,13.7766431,100.5824475,id_970.shp,0,0,1,0,0,0,0,0,0,1,0,0,0,0,0,2,2,0,1,0,0,0,0,3,0,0,0,0,0,9,4,0,0,0,0,2,0,9,0,0,0,0
1485,971,Sapphire Luxurious Condominium Rama 3,13.6738338,100.5384178,id_971.shp,0,0,0,0,0,0,0,0,0,0,0,0,0,0,0,1,2,0,0,0,0,0,0,3,0,0,0,0,0,0,2,0,0,0,0,0,0,4,2,0,0,0
1486,972,Saranjai Mansion,13.73812806,100.5541172,id_972.shp,0,0,0,0,0,0,0,1,0,7,0,0,0,0,2,12,0,0,0,0,0,51,0,44,2,0,0,0,3,40,1,0,0,2,3,50,1,124,2,0,0,0
1487,973,Saranville @ Happy Land,13.77778328,100.6416177,id_973.shp,0,1,0,0,0,0,0,0,0,0,0,0,0,0,0,0,1,1,0,0,0,0,0,0,0,0,0,0,0,5,5,0,0,1,0,0,0,5,2,0,0,0
1488,974,Sari by Sansiri,13.6873226,100.6067177,id_974.shp,0,0,1,0,0,0,0,0,0,0,0,0,0,0,0,1,0,0,0,0,0,0,0,1,0,0,0,0,1,2,2,0,0,1,0,0,0,5,0,0,0,0
1489,975,Sarin Place,13.8301483,100.5645369,id_975.shp,0,0,0,0,0,0,0,0,0,1,0,0,0,0,0,2,0,0,0,0,0,0,0,11,1,0,0,0,0,3,2,0,1,0,0,1,0,4,0,0,0,0
1490,976,Sathorn Gardens,13.72275267,100.5388687,id_976.shp,0,0,0,0,0,0,0,0,0,5,0,0,0,0,0,2,0,0,0,1,0,1,0,27,0,0,0,0,10,22,3,1,0,0,1,18,2,126,6,0,0,0
1491,977,Sathorn Happy Land Tower,13.71672371,100.5296092,id_977.shp,0,0,1,0,0,0,0,0,0,0,0,0,0,0,0,5,4,0,0,0,0,2,0,7,0,0,0,0,6,10,6,1,0,1,0,3,0,52,1,0,0,0
1492,978,Sathorn Heritage,13.71622934,100.5313997,id_978.shp,0,0,0,0,0,0,0,0,0,0,0,0,0,0,0,4,5,0,0,0,0,0,0,4,0,0,0,0,6,11,4,2,0,1,0,4,0,52,1,0,0,0
1493,979,Sathorn House,13.72015797,100.5213558,id_979.shp,0,1,1,0,0,0,0,0,0,3,0,0,0,0,0,8,3,1,0,2,0,4,0,23,1,0,0,0,6,17,20,1,0,1,0,10,0,72,1,0,0,0
1494,98,Baan Ploenchit,13.7368673,100.5507098,id_98.shp,0,0,1,0,0,0,0,0,0,1,0,0,0,0,0,1,0,0,0,0,0,8,0,27,1,0,0,0,5,25,2,0,0,0,3,58,0,117,5,0,0,0
1495,980,Sathorn Park Place,13.72305847,100.5399137,id_980.shp,0,0,0,0,0,0,0,0,0,4,0,0,0,0,0,4,1,0,0,0,0,2,0,30,0,0,0,0,11,19,2,1,0,1,1,15,2,119,5,0,0,0
1496,981,Sathorn Plus - By The Garden,13.71577551,100.5470409,id_981.shp,0,0,1,0,0,0,0,0,0,3,0,0,0,0,0,1,0,0,0,0,0,2,0,4,0,0,0,0,2,6,4,1,0,0,0,2,1,33,1,0,0,0
1497,982,SAVVI Phahol - Ari,13.77846145,100.5464531,id_982.shp,0,0,0,0,0,0,0,1,0,0,0,0,0,0,3,1,3,0,1,0,0,1,0,26,1,0,0,0,0,4,2,0,0,3,0,0,0,27,1,0,0,0
1498,983,Sawasdee Bangkok,13.69813667,100.6396035,id_983.shp,0,0,0,0,0,0,0,0,0,0,0,0,0,0,0,1,2,0,0,0,0,0,0,0,0,0,0,0,0,2,1,1,0,0,0,0,0,1,0,0,0,0
1499,984,SCOPE Langsuan,13.7424786,100.5440328,id_984.shp,2,3,1,0,0,0,2,4,0,18,1,0,0,0,1,3,0,0,0,0,3,7,0,24,2,0,0,0,4,21,2,0,0,1,4,18,0,78,4,0,0,0
1500,985,Sense Phaholyothin,13.78919008,100.5522729,id_985.shp,0,1,0,0,0,0,0,0,0,2,1,0,0,0,0,3,2,0,0,2,0,0,0,7,0,0,0,0,0,9,3,0,0,3,0,1,0,18,1,0,0,0
1501,986,Sense Sukhumvit,13.6781227,100.6067176,id_986.shp,0,0,0,0,0,0,0,0,0,0,0,0,0,0,0,2,0,0,0,0,0,0,0,0,0,0,0,0,0,5,5,1,0,0,0,0,0,7,1,0,0,0
1502,987,Serene Place Sukhumvit 24,13.7265427,100.5674524,id_987.shp,0,2,0,0,0,0,0,2,0,2,0,0,0,0,1,6,3,0,0,0,1,1,1,24,0,0,0,0,5,20,2,0,0,0,2,31,0,103,6,0,0,0
1503,988,Serio Sukhumvit 50,13.70565838,100.5972966,id_988.shp,0,1,0,0,0,0,0,3,0,1,0,0,0,0,0,4,0,0,0,0,0,0,0,4,3,0,0,0,1,11,6,0,1,0,0,1,0,13,0,0,0,0
1504,989,Serrano Condominium Rama II,13.66525914,100.4325843,id_989.shp,0,0,0,0,0,0,0,0,0,0,0,0,0,0,1,3,1,0,0,0,0,0,0,3,0,0,0,0,2,5,4,0,1,1,1,1,0,3,0,0,0,0
1505,99,Baan Preuksasiri Suanplu,13.7202346,100.5385116,id_99.shp,0,2,0,0,0,0,0,0,0,6,0,0,0,0,0,1,0,0,0,0,0,0,1,11,0,0,0,0,3,13,3,1,0,1,0,6,0,67,3,0,0,0
1506,990,Si Phraya River View,13.73237451,100.5140251,id_990.shp,0,1,1,0,1,0,0,3,0,6,1,0,0,0,0,5,3,0,0,0,1,3,0,18,0,0,0,0,2,19,12,0,1,4,2,17,0,75,1,0,0,0
1507,991,Siam Condominium,13.75887373,100.5672102,id_991.shp,0,0,0,0,0,0,1,0,0,4,0,0,0,0,1,5,0,0,0,0,1,0,0,7,1,0,0,0,1,6,0,0,0,2,2,2,0,9,1,0,0,0
1508,992,Siam Penthouse 1,13.73727204,100.5561654,id_992.shp,0,0,0,0,0,0,0,2,0,5,0,0,0,0,1,12,0,0,0,0,3,25,0,59,1,0,0,0,4,46,2,0,0,1,0,80,1,133,3,0,0,0
1509,993,Siamese Exclusive Queens,13.72324953,100.561352,id_993.shp,0,0,0,0,0,0,0,0,0,0,0,0,0,0,0,6,1,0,0,0,0,1,0,8,0,0,0,0,0,9,5,0,0,2,0,7,1,58,2,0,0,0
1510,994,Siamese Exclusive Ratchada,13.80022274,100.5753062,id_994.shp,1,0,0,0,0,0,0,1,0,1,0,0,0,0,0,2,2,0,0,0,0,0,0,3,0,0,0,0,0,8,2,0,0,0,0,0,0,7,3,0,0,0
1511,995,Siamese Exclusive Sukhumvit 31,13.73827157,100.566134,id_995.shp,0,3,2,0,0,0,0,5,0,13,0,0,0,0,0,13,0,0,0,0,0,30,0,41,0,0,0,0,6,44,2,1,0,2,6,36,1,125,4,0,0,0
1512,996,Siamese Exclusive Sukhumvit 42,13.71674477,100.5850113,id_996.shp,0,1,0,0,0,0,0,0,0,5,0,0,0,0,0,6,4,0,0,2,2,1,0,16,1,0,0,0,2,6,4,1,1,1,1,6,0,37,2,0,0,0
1513,997,Siamese Gioia,13.74317342,100.571177,id_997.shp,0,1,0,0,0,0,0,0,0,3,1,0,0,0,0,3,1,0,0,0,0,0,0,6,0,0,0,0,1,19,5,1,0,2,2,10,0,55,0,0,0,0
1514,998,Siamese Nang Linchee,13.70041683,100.5445376,id_998.shp,0,0,0,0,0,0,0,0,0,0,0,0,0,0,0,0,1,0,0,0,0,0,0,3,1,0,0,0,0,3,6,0,1,0,0,0,0,30,1,0,0,0
1515,999,Siamese Ratchakru,13.77603307,100.5428543,id_999.shp,0,0,0,0,0,0,0,0,0,3,0,0,0,0,1,0,2,0,1,0,0,2,0,10,1,0,0,0,2,5,2,1,0,2,0,0,0,34,1,0,0,0
